<ImportExportXml version="9.2.23023.196" SolutionPackageVersion="9.2" languagecode="1033" generatedBy="CrmLive" xmlns:xsi="http://www.w3.org/2001/XMLSchema-instance">
  <SolutionManifest>
    <UniqueName>MultilingualPVABot</UniqueName>
    <LocalizedNames>
      <LocalizedName description="Multilingual PVA Bot" languagecode="1033" />
    </LocalizedNames>
    <Descriptions />
    <Version>1.0.0.0</Version>
    <Managed>0</Managed>
    <Publisher>
      <UniqueName>Optimize25DCCP</UniqueName>
      <LocalizedNames>
        <LocalizedName description="Optimize25 Digital Contact Center Platform" languagecode="1033" />
      </LocalizedNames>
      <Descriptions>
        <Description description="Optimize25 Digital Contact Center Platform" languagecode="1033" />
      </Descriptions>
      <EMailAddress xsi:nil="true"></EMailAddress>
      <SupportingWebsiteUrl xsi:nil="true"></SupportingWebsiteUrl>
      <CustomizationPrefix>extn</CustomizationPrefix>
      <CustomizationOptionValuePrefix>82829</CustomizationOptionValuePrefix>
      <Addresses>
        <Address>
          <AddressNumber>1</AddressNumber>
          <AddressTypeCode>1</AddressTypeCode>
          <City xsi:nil="true"></City>
          <County xsi:nil="true"></County>
          <Country xsi:nil="true"></Country>
          <Fax xsi:nil="true"></Fax>
          <FreightTermsCode xsi:nil="true"></FreightTermsCode>
          <ImportSequenceNumber xsi:nil="true"></ImportSequenceNumber>
          <Latitude xsi:nil="true"></Latitude>
          <Line1 xsi:nil="true"></Line1>
          <Line2 xsi:nil="true"></Line2>
          <Line3 xsi:nil="true"></Line3>
          <Longitude xsi:nil="true"></Longitude>
          <Name xsi:nil="true"></Name>
          <PostalCode xsi:nil="true"></PostalCode>
          <PostOfficeBox xsi:nil="true"></PostOfficeBox>
          <PrimaryContactName xsi:nil="true"></PrimaryContactName>
          <ShippingMethodCode>1</ShippingMethodCode>
          <StateOrProvince xsi:nil="true"></StateOrProvince>
          <Telephone1 xsi:nil="true"></Telephone1>
          <Telephone2 xsi:nil="true"></Telephone2>
          <Telephone3 xsi:nil="true"></Telephone3>
          <TimeZoneRuleVersionNumber xsi:nil="true"></TimeZoneRuleVersionNumber>
          <UPSZone xsi:nil="true"></UPSZone>
          <UTCOffset xsi:nil="true"></UTCOffset>
          <UTCConversionTimeZoneCode xsi:nil="true"></UTCConversionTimeZoneCode>
        </Address>
        <Address>
          <AddressNumber>2</AddressNumber>
          <AddressTypeCode>1</AddressTypeCode>
          <City xsi:nil="true"></City>
          <County xsi:nil="true"></County>
          <Country xsi:nil="true"></Country>
          <Fax xsi:nil="true"></Fax>
          <FreightTermsCode xsi:nil="true"></FreightTermsCode>
          <ImportSequenceNumber xsi:nil="true"></ImportSequenceNumber>
          <Latitude xsi:nil="true"></Latitude>
          <Line1 xsi:nil="true"></Line1>
          <Line2 xsi:nil="true"></Line2>
          <Line3 xsi:nil="true"></Line3>
          <Longitude xsi:nil="true"></Longitude>
          <Name xsi:nil="true"></Name>
          <PostalCode xsi:nil="true"></PostalCode>
          <PostOfficeBox xsi:nil="true"></PostOfficeBox>
          <PrimaryContactName xsi:nil="true"></PrimaryContactName>
          <ShippingMethodCode>1</ShippingMethodCode>
          <StateOrProvince xsi:nil="true"></StateOrProvince>
          <Telephone1 xsi:nil="true"></Telephone1>
          <Telephone2 xsi:nil="true"></Telephone2>
          <Telephone3 xsi:nil="true"></Telephone3>
          <TimeZoneRuleVersionNumber xsi:nil="true"></TimeZoneRuleVersionNumber>
          <UPSZone xsi:nil="true"></UPSZone>
          <UTCOffset xsi:nil="true"></UTCOffset>
          <UTCConversionTimeZoneCode xsi:nil="true"></UTCConversionTimeZoneCode>
        </Address>
      </Addresses>
    </Publisher>
    <RootComponents />
    <MissingDependencies>
      <MissingDependency>
        <Required type="botcomponent" displayName="msdyn_variable_f635c12873cf4d10a71c66e5b267d2ef_863791ead0ef4592bada53b2afacd0e7" solution="msdyn_OmnichannelPowerVirtualAgentVoiceExtension (1.5.0.9)" id.schemaname="msdyn_variable_f635c12873cf4d10a71c66e5b267d2ef_863791ead0ef4592bada53b2afacd0e7">
          <package>OmnichannelPrimePVAVoiceExtensionAnchor (1.5.16.310)</package>
        </Required>
        <Dependent type="botcomponent_botcomponent" displayName="botcomponentidone.schemaname=new_topic_4f4a3a4b8f6747eb8419f250e8a349fb_954135cafcd647eaae5999ad91fc08cf_talktoagent,botcomponentidtwo.schemaname=msdyn_variable_f635c12873cf4d10a71c66e5b267d2ef_863791ead0ef4592bada53b2afacd0e7" id.botcomponentidone.schemaname="new_topic_4f4a3a4b8f6747eb8419f250e8a349fb_954135cafcd647eaae5999ad91fc08cf_talktoagent" id.botcomponentidtwo.schemaname="msdyn_variable_f635c12873cf4d10a71c66e5b267d2ef_863791ead0ef4592bada53b2afacd0e7" />
      </MissingDependency>
    </MissingDependencies>
  </SolutionManifest>
</ImportExportXml>