<environmentvariabledefinition schemaname="o25fs_LicenseSKUId">
  <description default="The SKU Id of the License for the Vendor Self-Service resources">
    <label description="The SKU Id of the License for the Vendor Self-Service resources" languagecode="1033" />
  </description>
  <displayname default="License SKU Id">
    <label description="License SKU Id" languagecode="1033" />
  </displayname>
  <introducedversion>1.0.0.0</introducedversion>
  <iscustomizable>1</iscustomizable>
  <isrequired>0</isrequired>
  <secretstore>0</secretstore>
  <type>100000000</type>
</environmentvariabledefinition>