<environmentvariabledefinition schemaname="extn_AdaptorFunctionUrl">
  <defaultvalue>https://signalrcifadaptorv2.azurewebsites.net/api</defaultvalue>
  <description default="Adaptor Function Url">
    <label description="Adaptor Function Url" languagecode="1033" />
  </description>
  <displayname default="AdaptorFunctionUrl">
    <label description="AdaptorFunctionUrl" languagecode="1033" />
  </displayname>
  <introducedversion>1.0.0.5</introducedversion>
  <iscustomizable>1</iscustomizable>
  <isrequired>0</isrequired>
  <secretstore>0</secretstore>
  <type>100000000</type>
</environmentvariabledefinition>