<ImportExportXml xmlns:xsi="http://www.w3.org/2001/XMLSchema-instance">
  <Entities>
    <Entity>
      <Name LocalizedName="Case" OriginalName="Case">Incident</Name>
      <RibbonDiffXml>
        <CustomActions />
        <Templates>
          <RibbonTemplates Id="Mscrm.Templates"></RibbonTemplates>
        </Templates>
        <CommandDefinitions />
        <RuleDefinitions>
          <TabDisplayRules />
          <DisplayRules />
          <EnableRules />
        </RuleDefinitions>
        <LocLabels />
      </RibbonDiffXml>
      <CustomControlDefaultConfigs>
        <CustomControlDefaultConfig>
          <ControlDescriptionXML><controlDescriptions><controlDescription><customControl id="{E7A81278-8635-4d9e-8D4D-59480B391C5B}" formFactor="0"><parameters /></customControl><customControl id="{E7A81278-8635-4d9e-8D4D-59480B391C5B}" formFactor="1"><parameters /></customControl><customControl formFactor="2" name="MscrmControls.AcceleratedSales.AnchorShellGridControl"><parameters><data-set name="gridData" /></parameters></customControl></controlDescription></controlDescriptions></ControlDescriptionXML>
          <IntroducedVersion>9.0.5.56</IntroducedVersion>
        </CustomControlDefaultConfig>
      </CustomControlDefaultConfigs>
    </Entity>
  </Entities>
  <Roles></Roles>
  <Workflows>
    <Workflow WorkflowId="{21f98d5f-49f2-40e9-80f8-8ca042016498}" Name="CSW Case to Contoso Invoicing">
      <JsonFileName>/Workflows/CSWCasetoContosoInvoicing-21F98D5F-49F2-40E9-80F8-8CA042016498.json</JsonFileName>
      <Type>1</Type>
      <Subprocess>0</Subprocess>
      <Category>6</Category>
      <Mode>0</Mode>
      <Scope>4</Scope>
      <OnDemand>0</OnDemand>
      <TriggerOnCreate>0</TriggerOnCreate>
      <TriggerOnDelete>0</TriggerOnDelete>
      <AsyncAutodelete>0</AsyncAutodelete>
      <SyncWorkflowLogOnFailure>0</SyncWorkflowLogOnFailure>
      <StateCode>1</StateCode>
      <StatusCode>2</StatusCode>
      <RunAs>1</RunAs>
      <IsTransacted>1</IsTransacted>
      <IntroducedVersion>1.0</IntroducedVersion>
      <IsCustomizable>1</IsCustomizable>
      <BusinessProcessType>0</BusinessProcessType>
      <UIFlowType>2</UIFlowType>
      <IsCustomProcessingStepAllowedForOtherPublishers>1</IsCustomProcessingStepAllowedForOtherPublishers>
      <Metadata>{"isvalid":true,"schemaVersion":"ROBIN_20211012","containsActiveConnections":false}</Metadata>
      <Inputs>{"schema":{"properties":{"customerName":{"default":"","description":"","format":null,"title":"customerName","type":"string","value":"","isOptional":false},"customerAddress":{"default":"","description":"","format":null,"title":"customerAddress","type":"string","value":"","isOptional":false},"customerPhone":{"default":"","description":"","format":null,"title":"customerPhone","type":"string","value":"","isOptional":false},"customerEmail":{"default":"","description":"","format":null,"title":"customerEmail","type":"string","value":"","isOptional":false},"caseTitle":{"default":"","description":"","format":null,"title":"caseTitle","type":"string","value":"","isOptional":false},"caseNumber":{"default":"","description":"","format":null,"title":"caseNumber","type":"string","value":"","isOptional":false}},"type":"object"}}</Inputs>
      <Outputs>{"schema":null}</Outputs>
      <Dependencies>{"childFlows":[],"workQueues":[]}</Dependencies>
      <ConnectionReferences>[]</ConnectionReferences>
      <Definition>"@@ConnectionString: ''\r\n@@Type: 'Local'\r\n@@DesktopType: 'local'\r\n@@DisplayName: 'Local computer'\r\nIMPORT 'controlRepo.appmask' AS appmask\r\nIMPORT 'imageRepo.imgrepo' AS imgrepo\r\n@SENSITIVE: []\r\n@INPUT customerName : { 'Description': '', 'FriendlyName': 'customerName', 'DefaultValue': '', 'Type': 'String' } \r\n@INPUT customerAddress : { 'Description': '', 'FriendlyName': 'customerAddress', 'DefaultValue': '', 'Type': 'String' } \r\n@INPUT customerPhone : { 'Description': '', 'FriendlyName': 'customerPhone', 'DefaultValue': '', 'Type': 'String' } \r\n@INPUT customerEmail : { 'Description': '', 'FriendlyName': 'customerEmail', 'DefaultValue': '', 'Type': 'String' } \r\n@INPUT caseTitle : { 'Description': '', 'FriendlyName': 'caseTitle', 'DefaultValue': '', 'Type': 'String' } \r\n@INPUT caseNumber : { 'Description': '', 'FriendlyName': 'caseNumber', 'DefaultValue': '', 'Type': 'String' } \r\n# Start of autogenerated actions using the recorder\r\n@@source: 'Recorder'\r\nUIAutomation.Click.Click Element: appmask['Window \\'Contoso Invoicing\\'']['Text \\'Cases\\''] ClickType: UIAutomation.ClickType.LeftClick OffsetX: 0 OffsetY: 2 MousePositionRelativeToElement: UIAutomation.RectangleEdgePoint.MiddleCenter\r\n@@source: 'Recorder'\r\nUIAutomation.Click.Click Element: appmask['Window \\'Contoso Invoicing\\'']['Image \\'Image\\''] ClickType: UIAutomation.ClickType.LeftClick OffsetX: -3 OffsetY: -1 MousePositionRelativeToElement: UIAutomation.RectangleEdgePoint.MiddleCenter\r\nUIAutomation.PopulateTextField.PopulateTextField TextField: appmask['Window \\'Contoso Invoicing\\'']['Edit \\'TextBox\\''] Text: customerName Mode: UIAutomation.PopulateTextMode.Replace ClickType: UIAutomation.PopulateMouseClickType.SingleClick\r\nUIAutomation.PopulateTextField.PopulateTextField TextField: appmask['Window \\'Contoso Invoicing\\'']['Edit \\'TextBox\\' 2'] Text: customerAddress Mode: UIAutomation.PopulateTextMode.Replace ClickType: UIAutomation.PopulateMouseClickType.SingleClick\r\nUIAutomation.PopulateTextField.PopulateTextField TextField: appmask['Window \\'Contoso Invoicing\\'']['Edit \\'TextBox\\' 3'] Text: customerPhone Mode: UIAutomation.PopulateTextMode.Replace ClickType: UIAutomation.PopulateMouseClickType.SingleClick\r\nUIAutomation.PopulateTextField.PopulateTextField TextField: appmask['Window \\'Contoso Invoicing\\'']['Edit \\'TextBox\\' 4'] Text: customerEmail Mode: UIAutomation.PopulateTextMode.Replace ClickType: UIAutomation.PopulateMouseClickType.SingleClick\r\nUIAutomation.PopulateTextField.PopulateTextField TextField: appmask['Window \\'Contoso Invoicing\\'']['Edit \\'TextBox\\' 5'] Text: $'''%caseTitle% - %caseNumber%''' Mode: UIAutomation.PopulateTextMode.Replace ClickType: UIAutomation.PopulateMouseClickType.SingleClick\r\n@@source: 'Recorder'\r\nUIAutomation.Click.Click Element: appmask['Window \\'Contoso Invoicing\\'']['Image \\'Image\\' 2'] ClickType: UIAutomation.ClickType.LeftClick OffsetX: -5 OffsetY: -1 MousePositionRelativeToElement: UIAutomation.RectangleEdgePoint.MiddleRight\r\n# End of autogenerated actions using the recorder\r\n"</Definition>
      <SchemaVersion>2022.06</SchemaVersion>
      <DesktopFlowModules>[]</DesktopFlowModules>
      <PrimaryEntity>none</PrimaryEntity>
      <LocalizedNames>
        <LocalizedName languagecode="1033" description="CSW Case to Contoso Invoicing" />
      </LocalizedNames>
    </Workflow>
  </Workflows>
  <FieldSecurityProfiles></FieldSecurityProfiles>
  <Templates />
  <EntityMaps />
  <EntityRelationships />
  <OrganizationSettings />
  <optionsets />
  <WebResources>
    <WebResource>
      <WebResourceId>{771b3c02-e7a0-ee11-be37-00224805c6d4}</WebResourceId>
      <Name>extn_remoteDesktopCasetoContosoInvoicing.js</Name>
      <DisplayName>\jscript\remoteDesktopCasetoContosoInvoicing.js</DisplayName>
      <LanguageCode>0</LanguageCode>
      <WebResourceType>3</WebResourceType>
      <IntroducedVersion>1.0.0.0</IntroducedVersion>
      <IsEnabledForMobileClient>0</IsEnabledForMobileClient>
      <IsAvailableForMobileOffline>0</IsAvailableForMobileOffline>
      <IsCustomizable>1</IsCustomizable>
      <CanBeDeleted>1</CanBeDeleted>
      <IsHidden>0</IsHidden>
      <FileName>/WebResources/extn_remoteDesktopCasetoContosoInvoicingjs771B3C02-E7A0-EE11-BE37-00224805C6D4</FileName>
    </WebResource>
  </WebResources>
  <CustomControls />
  <EntityDataProviders />
  <Languages>
    <Language>1033</Language>
  </Languages>
</ImportExportXml>