<msdyn_applicationtabtemplate msdyn_uniquename="extn_global_search">
  <iscustomizable>1</iscustomizable>
  <msdyn_name default="DCCP Global Search">
    <label description="DCCP Global Search" languagecode="1033" />
  </msdyn_name>
  <msdyn_pagetype>509180005</msdyn_pagetype>
  <msdyn_pinned>0</msdyn_pinned>
  <msdyn_templateparameters>{"searchText":{"value":null},"searchType":{"value":null}}</msdyn_templateparameters>
  <statecode>0</statecode>
  <statuscode>1</statuscode>
</msdyn_applicationtabtemplate>