<botcomponent schemaname="new_topic_4f4a3a4b8f6747eb8419f250e8a349fb_33d5123770ba4daeafae51b361ddc80a">
  <componenttype>0</componenttype>
  <description>Lesson 1 - This lesson will show you how you can create a simple topic with one conditional branch.

Over the next few lessons, we will show how to add and define variables, conditions and entities.

Welcome to Power Virtual Agents!</description>
  <iscustomizable>1</iscustomizable>
  <name>Lesson 1 - A simple topic</name>
  <statecode>0</statecode>
  <statuscode>1</statuscode>
</botcomponent>