﻿<?xml version="1.0" encoding="utf-8"?>
<ImportExportXml version="8.2.0001.0148" SolutionPackageVersion="8.2" languagecode="1033" generatedBy="OnPremise" xmlns:xsi="http://www.w3.org/2001/XMLSchema-instance">
  <SolutionManifest>
    <UniqueName>msdynce_ProspectToCashIntegration</UniqueName>
    <LocalizedNames>
      <LocalizedName description="Prospect to Cash" languagecode="1033" />
      <LocalizedName description="متطوع محتمل إلى نقدي" languagecode="1025" />
      <LocalizedName description="Перспективно лице към каса" languagecode="1026" />
      <LocalizedName description="Donant potencial a Efectiu" languagecode="1027" />
      <LocalizedName description="Prospect to Cash" languagecode="1029" />
      <LocalizedName description="Kundeemne til kontant" languagecode="1030" />
      <LocalizedName description="Interessent auf Bar" languagecode="1031" />
      <LocalizedName description="Υποψήφιος σε μετρητά" languagecode="1032" />
      <LocalizedName description="Posible interesado en efectivo" languagecode="3082" />
      <LocalizedName description="Potentsiaalne klient tasumiseks" languagecode="1061" />
      <LocalizedName description="Laguntzaile potentzialetik eskudirura (P2C)" languagecode="1069" />
      <LocalizedName description="Prospektista käteismaksuksi" languagecode="1035" />
      <LocalizedName description="Prospect en Espèces" languagecode="1036" />
      <LocalizedName description="Posible interesado a xeración de ingresos" languagecode="1110" />
      <LocalizedName description="'מאיש קשר פוטנציאלי‬ לתשלום'" languagecode="1037" />
      <LocalizedName description="नकद की संभावना" languagecode="1081" />
      <LocalizedName description="Od potencijalnog klijenta do gotovine" languagecode="1050" />
      <LocalizedName description="Prospect to Cash" languagecode="1038" />
      <LocalizedName description="Prospek Menjadi Uang Tunai" languagecode="1057" />
      <LocalizedName description="Da prospect a incasso" languagecode="1040" />
      <LocalizedName description="Prospect to Cash" languagecode="1041" />
      <LocalizedName description="Әлеуетті тұтынушыдан қолма-қол ақшаға дейін" languagecode="1087" />
      <LocalizedName description="잠재 고객의 현금화" languagecode="1042" />
      <LocalizedName description="Potencialaus kliento plėtotė į pinigus" languagecode="1063" />
      <LocalizedName description="Paredzamā ziedotāja statusa maiņa uz Skaidra nauda" languagecode="1062" />
      <LocalizedName description="Prospect to Cash" languagecode="1086" />
      <LocalizedName description="Emne til kontant" languagecode="1044" />
      <LocalizedName description="Prospect naar contante betaling" languagecode="1043" />
      <LocalizedName description="Od potencjalnego klienta do środków pieniężnych" languagecode="1045" />
      <LocalizedName description="De Colaborador Potencial para Pagamento à Vista" languagecode="1046" />
      <LocalizedName description="Do Potencial Interessado à Venda" languagecode="2070" />
      <LocalizedName description="Client prospectat la Numerar" languagecode="1048" />
      <LocalizedName description="Заинтересованное лицо в наличные" languagecode="1049" />
      <LocalizedName description="Prospect to Cash" languagecode="1051" />
      <LocalizedName description="Prospect to Cash" languagecode="1060" />
      <LocalizedName description="Могући донатор или волонтер у вредност „Готовина”" languagecode="3098" />
      <LocalizedName description="Mogući donator ili volonter u vrednost „Gotovina”" languagecode="2074" />
      <LocalizedName description="Potentiell kund till kontant" languagecode="1053" />
      <LocalizedName description="Prospect to Cash" languagecode="1054" />
      <LocalizedName description="Destekçi Adayından Nakde" languagecode="1055" />
      <LocalizedName description="Зі збуту до фінансів" languagecode="1058" />
      <LocalizedName description="Từ nhà tài trợ tiềm năng thành Tiền" languagecode="1066" />
      <LocalizedName description="潜在客户到现金" languagecode="2052" />
      <LocalizedName description="潛在客戶轉現金" languagecode="3076" />
      <LocalizedName description="潛在客戶轉現金" languagecode="1028" />
    </LocalizedNames>
    <Descriptions>
      <Description description="Upgrade of Prospect to Cash" languagecode="1033" />
      <Description description="ترقية متطوع محتمل إلى نقدي" languagecode="1025" />
      <Description description="Надстройка на перспективно лице към каса" languagecode="1026" />
      <Description description="Actualització de donant potencial a Efectiu" languagecode="1027" />
      <Description description="Upgrade řešení Prospect to Cash" languagecode="1029" />
      <Description description="Opgradering af kundeemne til kontant" languagecode="1030" />
      <Description description="Höherstufung von Interessent auf Bar" languagecode="1031" />
      <Description description="Αναβάθμιση του Υποψηφίου σε Μετρητά" languagecode="1032" />
      <Description description="Actualización de posible interesado en efectivo" languagecode="3082" />
      <Description description="Potentsiaalse kliendi täiendamine tasumiseks" languagecode="1061" />
      <Description description="Laguntzaile potentziala eskudiru bihurtzea" languagecode="1069" />
      <Description description="Prospektin päivitys käteismaksuksi" languagecode="1035" />
      <Description description="Mise à niveau de Prospect en Espèces" languagecode="1036" />
      <Description description="Actualización de posible interesado a xeración de ingresos" languagecode="1110" />
      <Description description="שדרוג הפתרון 'מאיש קשר פוטנציאלי‬ לתשלום'" languagecode="1037" />
      <Description description="नकद की संभावना का नवीनीकरण" languagecode="1081" />
      <Description description="Nadogradnja od potencijalnog klijenta do gotovine" languagecode="1050" />
      <Description description="A Prospect to Cash frissítése" languagecode="1038" />
      <Description description="Peningkatan Kemampuan Prospek Menjadi Uang Tunai" languagecode="1057" />
      <Description description="Aggiornamento del processo da prospect a incasso" languagecode="1040" />
      <Description description="Prospect to Cash のアップグレード" languagecode="1041" />
      <Description description="Әлеуетті тұтынушыдан қолма-қол ақшаға дейін жетілдіру" languagecode="1087" />
      <Description description="잠재 고객의 현금화 업그레이드" languagecode="1042" />
      <Description description="Potencialaus kliento plėtotė į pinigus" languagecode="1063" />
      <Description description="Paredzamā ziedotāja statusa jaunināšana uz Skaidra nauda" languagecode="1062" />
      <Description description="Naik Taraf Prospect to Cash" languagecode="1086" />
      <Description description="Oppgradering av emne til kontant" languagecode="1044" />
      <Description description="Upgrade van prospect naar contante betaling" languagecode="1043" />
      <Description description="Uaktualnienie projektu Od potencjalnego klienta do środków pieniężnych" languagecode="1045" />
      <Description description="Atualização de Colaborador Potencial para Pagamento à Vista" languagecode="1046" />
      <Description description="Atualização de Do Potencial Interessado à Venda" languagecode="2070" />
      <Description description="Upgrade al clientului prospectat la Numerar" languagecode="1048" />
      <Description description="Преобразование заинтересованного лица в наличные" languagecode="1049" />
      <Description description="Inovácia riešenia Prospect to Cash" languagecode="1051" />
      <Description description="Nadgradnja rešitve Prospect to Cash" languagecode="1060" />
      <Description description="Ажурирање могућег донатора или волонтера у вредност „Готовина”" languagecode="3098" />
      <Description description="Ažuriranje mogućeg donatora ili volontera u vrednost „Gotovina”" languagecode="2074" />
      <Description description="Uppgradering av potentiell kund till kontant" languagecode="1053" />
      <Description description="การอัปเกรด Prospect to Cash" languagecode="1054" />
      <Description description="Destekçi Adayı Nakde Yükseltme" languagecode="1055" />
      <Description description="Оновлення рішення &quot;Зі збуту до фінансів&quot;" languagecode="1058" />
      <Description description="Nâng cấp giải pháp Từ nhà tài trợ tiềm năng thành Tiền" languagecode="1066" />
      <Description description="潜在客户升级到现金" languagecode="2052" />
      <Description description="將潛在客戶升級轉現金" languagecode="3076" />
      <Description description="將潛在客戶升級轉現金" languagecode="1028" />
    </Descriptions>
    <Version>15.0.0.1</Version>
    <Managed>1</Managed>
    <Publisher>
      <UniqueName>msdynce</UniqueName>
      <LocalizedNames>
        <LocalizedName description="Dynamics 365 Customer Engagement" languagecode="1033" />
        <LocalizedName description="Dynamics 365 Customer Engagement" languagecode="1025" />
        <LocalizedName description="Dynamics 365 Customer Engagement" languagecode="1026" />
        <LocalizedName description="Dynamics 365 Customer Engagement" languagecode="1027" />
        <LocalizedName description="Dynamics 365 Customer Engagement" languagecode="1029" />
        <LocalizedName description="Dynamics 365 Customer Engagement" languagecode="1030" />
        <LocalizedName description="Dynamics 365 Customer Engagement" languagecode="1031" />
        <LocalizedName description="Dynamics 365 Customer Engagement" languagecode="1032" />
        <LocalizedName description="Dynamics 365 Customer Engagement" languagecode="3082" />
        <LocalizedName description="Dynamics 365 Customer Engagement" languagecode="1061" />
        <LocalizedName description="Dynamics 365 Customer Engagement" languagecode="1069" />
        <LocalizedName description="Dynamics 365 Customer Engagement" languagecode="1035" />
        <LocalizedName description="Dynamics 365 Customer Engagement" languagecode="1036" />
        <LocalizedName description="Dynamics 365 Customer Engagement" languagecode="1110" />
        <LocalizedName description="Dynamics 365 Customer Engagement" languagecode="1037" />
        <LocalizedName description="Dynamics 365 Customer Engagement" languagecode="1081" />
        <LocalizedName description="Dynamics 365 Customer Engagement" languagecode="1050" />
        <LocalizedName description="Dynamics 365 Customer Engagement" languagecode="1038" />
        <LocalizedName description="Dynamics 365 Customer Engagement" languagecode="1057" />
        <LocalizedName description="Dynamics 365 Customer Engagement" languagecode="1040" />
        <LocalizedName description="Dynamics 365 Customer Engagement" languagecode="1041" />
        <LocalizedName description="Dynamics 365 Customer Engagement" languagecode="1087" />
        <LocalizedName description="Dynamics 365 Customer Engagement" languagecode="1042" />
        <LocalizedName description="„Dynamics 365 Customer Engagement‟" languagecode="1063" />
        <LocalizedName description="Dynamics 365 Customer Engagement" languagecode="1062" />
        <LocalizedName description="Dynamics 365 Customer Engagement" languagecode="1086" />
        <LocalizedName description="Dynamics 365 Customer Engagement" languagecode="1044" />
        <LocalizedName description="Dynamics 365 Customer Engagement" languagecode="1043" />
        <LocalizedName description="Dynamics 365 Customer Engagement" languagecode="1045" />
        <LocalizedName description="Dynamics 365 Customer Engagement" languagecode="1046" />
        <LocalizedName description="Dynamics 365 Customer Engagement" languagecode="2070" />
        <LocalizedName description="Dynamics 365 Customer Engagement" languagecode="1048" />
        <LocalizedName description="Dynamics 365 Customer Engagement" languagecode="1049" />
        <LocalizedName description="Dynamics 365 Customer Engagement" languagecode="1051" />
        <LocalizedName description="Dynamics 365 Customer Engagement" languagecode="1060" />
        <LocalizedName description="Dynamics 365 Customer Engagement" languagecode="3098" />
        <LocalizedName description="Dynamics 365 Customer Engagement" languagecode="2074" />
        <LocalizedName description="Dynamics 365 Customer Engagement" languagecode="1053" />
        <LocalizedName description="Dynamics 365 Customer Engagement" languagecode="1054" />
        <LocalizedName description="Dynamics 365 Customer Engagement" languagecode="1055" />
        <LocalizedName description="Dynamics 365 Customer Engagement" languagecode="1058" />
        <LocalizedName description="Dynamics 365 Customer Engagement" languagecode="1066" />
        <LocalizedName description="Dynamics 365 Customer Engagement" languagecode="2052" />
        <LocalizedName description="Dynamics 365 Customer Engagement" languagecode="3076" />
        <LocalizedName description="Dynamics 365 Customer Engagement" languagecode="1028" />
      </LocalizedNames>
      <Descriptions />
      <EMailAddress xsi:nil="true"></EMailAddress>
      <SupportingWebsiteUrl xsi:nil="true"></SupportingWebsiteUrl>
      <CustomizationPrefix>msdynce</CustomizationPrefix>
      <CustomizationOptionValuePrefix>64739</CustomizationOptionValuePrefix>
      <Addresses>
        <Address>
          <AddressNumber>1</AddressNumber>
          <AddressTypeCode>1</AddressTypeCode>
          <City xsi:nil="true"></City>
          <County xsi:nil="true"></County>
          <Country xsi:nil="true"></Country>
          <Fax xsi:nil="true"></Fax>
          <FreightTermsCode xsi:nil="true"></FreightTermsCode>
          <ImportSequenceNumber xsi:nil="true"></ImportSequenceNumber>
          <Latitude xsi:nil="true"></Latitude>
          <Line1 xsi:nil="true"></Line1>
          <Line2 xsi:nil="true"></Line2>
          <Line3 xsi:nil="true"></Line3>
          <Longitude xsi:nil="true"></Longitude>
          <Name xsi:nil="true"></Name>
          <PostalCode xsi:nil="true"></PostalCode>
          <PostOfficeBox xsi:nil="true"></PostOfficeBox>
          <PrimaryContactName xsi:nil="true"></PrimaryContactName>
          <ShippingMethodCode>1</ShippingMethodCode>
          <StateOrProvince xsi:nil="true"></StateOrProvince>
          <Telephone1 xsi:nil="true"></Telephone1>
          <Telephone2 xsi:nil="true"></Telephone2>
          <Telephone3 xsi:nil="true"></Telephone3>
          <TimeZoneRuleVersionNumber xsi:nil="true"></TimeZoneRuleVersionNumber>
          <UPSZone xsi:nil="true"></UPSZone>
          <UTCOffset xsi:nil="true"></UTCOffset>
          <UTCConversionTimeZoneCode xsi:nil="true"></UTCConversionTimeZoneCode>
        </Address>
        <Address>
          <AddressNumber>2</AddressNumber>
          <AddressTypeCode>1</AddressTypeCode>
          <City xsi:nil="true"></City>
          <County xsi:nil="true"></County>
          <Country xsi:nil="true"></Country>
          <Fax xsi:nil="true"></Fax>
          <FreightTermsCode xsi:nil="true"></FreightTermsCode>
          <ImportSequenceNumber xsi:nil="true"></ImportSequenceNumber>
          <Latitude xsi:nil="true"></Latitude>
          <Line1 xsi:nil="true"></Line1>
          <Line2 xsi:nil="true"></Line2>
          <Line3 xsi:nil="true"></Line3>
          <Longitude xsi:nil="true"></Longitude>
          <Name xsi:nil="true"></Name>
          <PostalCode xsi:nil="true"></PostalCode>
          <PostOfficeBox xsi:nil="true"></PostOfficeBox>
          <PrimaryContactName xsi:nil="true"></PrimaryContactName>
          <ShippingMethodCode>1</ShippingMethodCode>
          <StateOrProvince xsi:nil="true"></StateOrProvince>
          <Telephone1 xsi:nil="true"></Telephone1>
          <Telephone2 xsi:nil="true"></Telephone2>
          <Telephone3 xsi:nil="true"></Telephone3>
          <TimeZoneRuleVersionNumber xsi:nil="true"></TimeZoneRuleVersionNumber>
          <UPSZone xsi:nil="true"></UPSZone>
          <UTCOffset xsi:nil="true"></UTCOffset>
          <UTCConversionTimeZoneCode xsi:nil="true"></UTCConversionTimeZoneCode>
        </Address>
      </Addresses>
    </Publisher>
    <RootComponents>
      <RootComponent type="1" schemaName="account" behavior="2" />
      <RootComponent type="1" schemaName="contact" behavior="2" />
      <RootComponent type="1" schemaName="invoice" behavior="2" />
      <RootComponent type="1" schemaName="invoicedetail" behavior="2" />
      <RootComponent type="1" schemaName="msdynce_p2cautonumber" behavior="0" />
      <RootComponent type="1" schemaName="product" behavior="2" />
      <RootComponent type="1" schemaName="quote" behavior="2" />
      <RootComponent type="1" schemaName="quotedetail" behavior="2" />
      <RootComponent type="1" schemaName="salesorder" behavior="2" />
      <RootComponent type="1" schemaName="salesorderdetail" behavior="2" />
      <RootComponent type="50" schemaName=":RibbonDiffXml" behavior="0" />
      <RootComponent type="60" id="{1fed44d1-ae68-4a41-bd2b-f13acac4acfa}" behavior="0" />
      <RootComponent type="60" id="{1ff13845-48d3-4744-bc69-43b691931a6e}" behavior="0" />
      <RootComponent type="60" id="{2bb64321-6da0-4a1a-8466-62b40cc6bc7a}" behavior="0" />
      <RootComponent type="60" id="{54076a2d-d043-4a1b-b061-4d06846371a9}" behavior="0" />
      <RootComponent type="60" id="{63688e14-c89d-4ee3-be5c-6353633ee7bc}" behavior="0" />
      <RootComponent type="60" id="{672e520b-6bbc-47f8-977f-228bfc6d8faf}" behavior="0" />
      <RootComponent type="60" id="{684b159c-c312-4248-8b0f-0c164abe7d9e}" behavior="0" />
      <RootComponent type="60" id="{71853bf3-9bcd-466d-a6f7-8b478cb4860f}" behavior="0" />
      <RootComponent type="60" id="{8448b78f-8f42-454e-8e2a-f8196b0419af}" behavior="0" />
      <RootComponent type="60" id="{8dd0025e-7d87-4a7b-aaf4-12754b8fbede}" behavior="0" />
      <RootComponent type="60" id="{93bbc0a7-6736-4267-8fe6-7bfe32618129}" behavior="0" />
      <RootComponent type="60" id="{a640be62-63f6-4027-90d7-48c014a7c6f3}" behavior="0" />
      <RootComponent type="60" id="{c9f7c8e8-324f-4ae4-9927-14efcba20d08}" behavior="0" />
      <RootComponent type="60" id="{cc287fab-10d3-44be-b738-1daf50a2aa03}" behavior="0" />
      <RootComponent type="60" id="{cc760212-3eab-4009-b5c3-ea9cf6f3e141}" behavior="0" />
      <RootComponent type="60" id="{d598792c-3ff0-43f3-b3e3-bbd70b99e1a5}" behavior="0" />
      <RootComponent type="60" id="{ddc30f29-e6e2-463f-9e37-163b4014b27e}" behavior="0" />
      <RootComponent type="60" id="{fd57aeed-ab95-4a32-9c6c-61ae92d2a296}" behavior="0" />
      <RootComponent type="61" schemaName="msdynce_p2c.js" behavior="0" />
      <RootComponent type="91" schemaName="Microsoft.Dynamics.CRMP2C.Plugins, Version=1.0.0.0, Culture=neutral, PublicKeyToken=31bf3856ad364e35" behavior="0" />
      <RootComponent type="92" id="{32266765-c451-e711-80fb-5065f38bd3c1}" behavior="0" />
      <RootComponent type="92" id="{4eb4d37e-c351-e711-80fb-5065f38bd3c1}" behavior="0" />
      <RootComponent type="92" id="{5b175475-c451-e711-80fb-5065f38bd3c1}" behavior="0" />
      <RootComponent type="92" id="{5eb271a9-c351-e711-80fb-5065f38bd3c1}" behavior="0" />
      <RootComponent type="92" id="{5fb92bea-c351-e711-80fb-5065f38bd3c1}" behavior="0" />
      <RootComponent type="92" id="{60c3de9f-c351-e711-80fb-5065f38bd3c1}" behavior="0" />
      <RootComponent type="92" id="{657cc155-c351-e711-80fb-5065f38bd3c1}" behavior="0" />
      <RootComponent type="92" id="{882d03da-c351-e711-80fb-5065f38bd3c1}" behavior="0" />
      <RootComponent type="92" id="{8cd7ac37-c451-e711-80fb-5065f38bd3c1}" behavior="0" />
      <RootComponent type="92" id="{930a67f5-c351-e711-80fb-5065f38bd3c1}" behavior="0" />
      <RootComponent type="92" id="{a056bd6f-c351-e711-80fb-5065f38bd3c1}" behavior="0" />
      <RootComponent type="92" id="{b8c35b27-c451-e711-80fb-5065f38bd3c1}" behavior="0" />
      <RootComponent type="92" id="{be10db56-c451-e711-80fb-5065f38bd3c1}" behavior="0" />
      <RootComponent type="92" id="{e04acb6d-c451-e711-80fb-5065f38bd3c1}" behavior="0" />
      <RootComponent type="92" id="{f71d9d4b-c351-e711-80fb-5065f38bd3c1}" behavior="0" />
      <RootComponent type="92" id="{fa452fce-c351-e711-80fb-5065f38bd3c1}" behavior="0" />
      <RootComponent type="92" id="{98409d8b-865a-e711-80fb-5065f38b3601}" behavior="0" />
      <RootComponent type="92" id="{cef9bd10-0999-e711-80e7-00155d5c2837}" behavior="0" />
      <RootComponent type="92" id="{20cd626e-378b-4ad5-8b09-789c26d3de04}" behavior="0" />
    </RootComponents>
    <MissingDependencies />
  </SolutionManifest>
</ImportExportXml>