<environmentvariabledefinition schemaname="o25fs_AssignUserLicenseURI">
  <description default="The URI for the AssignUserLicense API">
    <label description="The URI for the AssignUserLicense API" languagecode="1033" />
  </description>
  <displayname default="Assign User License URI">
    <label description="Assign User License URI" languagecode="1033" />
  </displayname>
  <introducedversion>1.0.0.0</introducedversion>
  <iscustomizable>1</iscustomizable>
  <isrequired>0</isrequired>
  <secretstore>0</secretstore>
  <type>100000000</type>
</environmentvariabledefinition>