{"metaData":{"id":"0f02d840-3e23-40e6-84dd-4bd26d366af0","format":{"provider":"parquet","options":{}},"schemaString":"{\"type\":\"struct\",\"fields\":[{\"name\":\"ADDRESS\",\"type\":\"string\",\"nullable\":true,\"metadata\":{}},{\"name\":\"COUNTRYREGIONID\",\"type\":\"string\",\"nullable\":true,\"metadata\":{}},{\"name\":\"ZIPCODE\",\"type\":\"string\",\"nullable\":true,\"metadata\":{}},{\"name\":\"STATE\",\"type\":\"string\",\"nullable\":true,\"metadata\":{}},{\"name\":\"COUNTY\",\"type\":\"string\",\"nullable\":true,\"metadata\":{}},{\"name\":\"CITY\",\"type\":\"string\",\"nullable\":true,\"metadata\":{}},{\"name\":\"STREET\",\"type\":\"string\",\"nullable\":true,\"metadata\":{}},{\"name\":\"LATITUDE\",\"type\":\"decimal(34,6)\",\"nullable\":true,\"metadata\":{}},{\"name\":\"LONGITUDE\",\"type\":\"decimal(34,6)\",\"nullable\":true,\"metadata\":{}},{\"name\":\"TIMEZONE\",\"type\":\"integer\",\"nullable\":true,\"metadata\":{}},{\"name\":\"STREETNUMBER\",\"type\":\"string\",\"nullable\":true,\"metadata\":{}},{\"name\":\"BUILDINGCOMPLIMENT\",\"type\":\"string\",\"nullable\":true,\"metadata\":{}},{\"name\":\"POSTBOX\",\"type\":\"string\",\"nullable\":true,\"metadata\":{}},{\"name\":\"CITYRECID\",\"type\":\"long\",\"nullable\":true,\"metadata\":{}},{\"name\":\"DISTRICT\",\"type\":\"long\",\"nullable\":true,\"metadata\":{}},{\"name\":\"LOCATION\",\"type\":\"long\",\"nullable\":true,\"metadata\":{}},{\"name\":\"ZIPCODERECID\",\"type\":\"long\",\"nullable\":true,\"metadata\":{}},{\"name\":\"VALIDTO\",\"type\":\"timestamp\",\"nullable\":true,\"metadata\":{}},{\"name\":\"VALIDTOTZID\",\"type\":\"integer\",\"nullable\":true,\"metadata\":{}},{\"name\":\"VALIDFROM\",\"type\":\"timestamp\",\"nullable\":true,\"metadata\":{}},{\"name\":\"VALIDFROMTZID\",\"type\":\"integer\",\"nullable\":true,\"metadata\":{}},{\"name\":\"DISTRICTNAME\",\"type\":\"string\",\"nullable\":true,\"metadata\":{}},{\"name\":\"STREETID_RU\",\"type\":\"long\",\"nullable\":true,\"metadata\":{}},{\"name\":\"HOUSEID_RU\",\"type\":\"long\",\"nullable\":true,\"metadata\":{}},{\"name\":\"FLATID_RU\",\"type\":\"long\",\"nullable\":true,\"metadata\":{}},{\"name\":\"APARTMENT_RU\",\"type\":\"string\",\"nullable\":true,\"metadata\":{}},{\"name\":\"BUILDING_RU\",\"type\":\"string\",\"nullable\":true,\"metadata\":{}},{\"name\":\"CITYKANA_JP\",\"type\":\"string\",\"nullable\":true,\"metadata\":{}},{\"name\":\"ISPRIVATE\",\"type\":\"integer\",\"nullable\":true,\"metadata\":{}},{\"name\":\"PRIVATEFORPARTY\",\"type\":\"long\",\"nullable\":true,\"metadata\":{}},{\"name\":\"STREETKANA_JP\",\"type\":\"string\",\"nullable\":true,\"metadata\":{}},{\"name\":\"MODIFIEDDATETIME\",\"type\":\"timestamp\",\"nullable\":true,\"metadata\":{}},{\"name\":\"MODIFIEDBY\",\"type\":\"string\",\"nullable\":true,\"metadata\":{}},{\"name\":\"RECVERSION\",\"type\":\"integer\",\"nullable\":true,\"metadata\":{}},{\"name\":\"PARTITION\",\"type\":\"long\",\"nullable\":true,\"metadata\":{}},{\"name\":\"RECID\",\"type\":\"long\",\"nullable\":true,\"metadata\":{}}]}","partitionColumns":[],"createdTime":1710680866769,"configuration":{}}}
{"protocol":{"minReaderVersion":1,"minWriterVersion":2,"readerFeatures":null,"writerFeatures":null}}
{"commitInfo":{"operation":"ReplaceTable","engineInfo":"Mashup Engine/2.127.933.0","additionalCommitInfo":null}}
{"remove":{"path":"9dfef73ddfd644f78ff22fd49fa9cfc8.parquet","deletionTimestamp":1710680866753,"dataChange":true,"extendedFileMetadata":false,"partitionValues":{},"size":1267,"tags":{"VORDER":"true"}}}
{"remove":{"path":"82f20ef6fde24bc9be67f0cc81aef6a8.parquet","deletionTimestamp":1710680866753,"dataChange":true,"extendedFileMetadata":false,"partitionValues":{},"size":118829,"tags":{"VORDER":"true"}}}
{"add":{"path":"bfaf7768d7fc435fa5c2e9a371c40592.parquet","partitionValues":{},"size":1267,"modificationTime":1710680868831,"dataChange":true,"stats":"{\"numRecords\":0,\"minValues\":{},\"maxValues\":{},\"nullCount\":{}}","tags":{"VORDER":"true"}}}
{"add":{"path":"c924bca9a7e74007b37afb4dd9e1633e.parquet","partitionValues":{},"size":118199,"modificationTime":1710680871113,"dataChange":true,"stats":"{\"numRecords\":1911,\"minValues\":{\"ADDRESS\":\"\",\"COUNTRYREGIONID\":\"\",\"ZIPCODE\":\"\",\"STATE\":\"\",\"COUNTY\":\"\",\"CITY\":\"\",\"STREET\":\"\",\"LATITUDE\":-84.359757,\"LONGITUDE\":-122.299735,\"TIMEZONE\":0.0,\"STREETNUMBER\":\"\",\"BUILDINGCOMPLIMENT\":\"\",\"POSTBOX\":\"\",\"CITYRECID\":0.0,\"DISTRICT\":0.0,\"LOCATION\":5637144826.0,\"ZIPCODERECID\":0.0,\"VALIDTO\":\"2009-01-02 07:57:48.000000\",\"VALIDTOTZID\":58002.0,\"VALIDFROM\":\"1900-01-01 00:00:00.000000\",\"VALIDFROMTZID\":37001.0,\"DISTRICTNAME\":\"\",\"STREETID_RU\":0.0,\"HOUSEID_RU\":0.0,\"FLATID_RU\":0.0,\"APARTMENT_RU\":\"\",\"BUILDING_RU\":\"\",\"CITYKANA_JP\":\"\",\"ISPRIVATE\":0.0,\"PRIVATEFORPARTY\":0.0,\"STREETKANA_JP\":\"\",\"MODIFIEDDATETIME\":\"2009-01-02 07:41:24.000000\",\"MODIFIEDBY\":\" \",\"RECVERSION\":0.0,\"PARTITION\":5637144576.0,\"RECID\":5637144826.0},\"maxValues\":{\"ADDRESS\":\"福岡市,福岡県 \\njpn\",\"COUNTRYREGIONID\":\"rus\",\"ZIPCODE\":\"EC1A\",\"STATE\":\"黑\",\"COUNTY\":\"YELLOWSTON\",\"CITY\":\"龙岩市\",\"STREET\":\"长安大街\",\"LATITUDE\":47.663334999999996,\"LONGITUDE\":1.0,\"TIMEZONE\":58.0,\"STREETNUMBER\":\"9935\",\"BUILDINGCOMPLIMENT\":\"ул. Седьмая, д. 7\",\"POSTBOX\":\"\",\"CITYRECID\":22565697561.0,\"DISTRICT\":5637152712.0,\"LOCATION\":52565468081.0,\"ZIPCODERECID\":22566146660.0,\"VALIDTO\":\"2154-12-31 23:59:59.000000\",\"VALIDTOTZID\":58002.0,\"VALIDFROM\":\"2014-03-27 22:43:18.000000\",\"VALIDFROMTZID\":58002.0,\"DISTRICTNAME\":\"Zona Sul\",\"STREETID_RU\":5637174355.0,\"HOUSEID_RU\":5637190399.0,\"FLATID_RU\":0.0,\"APARTMENT_RU\":\"92\",\"BUILDING_RU\":\"строение 1\",\"CITYKANA_JP\":\" \",\"ISPRIVATE\":1.0,\"PRIVATEFORPARTY\":52565453343.0,\"STREETKANA_JP\":\" \",\"MODIFIEDDATETIME\":\"2014-03-27 22:43:29.000000\",\"MODIFIEDBY\":\"adminPSU\",\"RECVERSION\":0.0,\"PARTITION\":5637144577.0,\"RECID\":52565468877.0},\"nullCount\":{\"ADDRESS\":0,\"COUNTRYREGIONID\":0,\"ZIPCODE\":0,\"STATE\":0,\"COUNTY\":0,\"CITY\":0,\"STREET\":0,\"LATITUDE\":0,\"LONGITUDE\":0,\"TIMEZONE\":0,\"STREETNUMBER\":0,\"BUILDINGCOMPLIMENT\":0,\"POSTBOX\":0,\"CITYRECID\":0,\"DISTRICT\":0,\"LOCATION\":0,\"ZIPCODERECID\":0,\"VALIDTO\":0,\"VALIDTOTZID\":0,\"VALIDFROM\":0,\"VALIDFROMTZID\":0,\"DISTRICTNAME\":0,\"STREETID_RU\":0,\"HOUSEID_RU\":0,\"FLATID_RU\":0,\"APARTMENT_RU\":0,\"BUILDING_RU\":0,\"CITYKANA_JP\":0,\"ISPRIVATE\":0,\"PRIVATEFORPARTY\":0,\"STREETKANA_JP\":0,\"MODIFIEDDATETIME\":0,\"MODIFIEDBY\":0,\"RECVERSION\":0,\"PARTITION\":0,\"RECID\":0}}","tags":{"VORDER":"true"}}}
