{"$schema":"http://schema.management.azure.com/schemas/2015-01-01/deploymentTemplate.json#","contentVersion":"1.0.0.0","parameters":{"factoryName":{"type":"string","metadata":"Data Factory name"},"CDMUTIL":{"type":"string"},"SqlServerDB":{"type":"string"}},"variables":{"factoryId":"[concat('Microsoft.DataFactory/factories/', parameters('factoryName'))]"},"resources":[{"name":"[concat(parameters('factoryName'), '/GenerateCDM')]","type":"Microsoft.DataFactory/factories/pipelines","apiVersion":"2018-06-01","properties":{"activities":[{"name":"ForEachTable","type":"ForEach","dependsOn":[],"userProperties":[],"typeProperties":{"items":{"value":"@pipeline().parameters.Tables","type":"Expression"},"isSequential":true,"activities":[{"name":"LookupColumns","type":"Lookup","dependsOn":[],"policy":{"timeout":"7.00:00:00","retry":0,"retryIntervalInSeconds":30,"secureOutput":false,"secureInput":false},"userProperties":[],"typeProperties":{"source":{"type":"SqlServerSource","sqlReaderQuery":{"value":"select c.COLUMN_NAME as name,       \n\tcase  DATA_TYPE       WHEN 'bigint' THEN 'bigInteger'      WHEN 'bit' THEN 'bigInteger'   \n\t  WHEN 'datetime' THEN 'dateTime'      WHEN 'decimal' THEN 'double'      WHEN 'int' THEN 'bigInteger'      WHEN 'money' THEN 'double'     \n\t  WHEN 'numeric' THEN 'double'      \n\t  WHEN 'smallint' THEN 'bigInteger'      \n\t  WHEN 'tinyint' THEN 'bigInteger'      \n\t  else 'string'       END as dataType  ,\n\t  'true' as isNullable,\n\t  c.COLUMN_NAME as description\n\t   FROM INFORMATION_SCHEMA.COLUMNS c     \n\t   where c.TABLE_NAME = '@{item().TableName}'    \n and c.TABLE_SCHEMA = 'dbo'\n\t\torder by C.ORDINAL_POSITION ASC","type":"Expression"},"queryTimeout":"02:00:00"},"dataset":{"referenceName":"SqlTable","type":"DatasetReference","parameters":{}},"firstRowOnly":false}},{"name":"EntityDefinition","type":"SetVariable","dependsOn":[{"activity":"LookupColumns","dependencyConditions":["Succeeded"]}],"userProperties":[],"typeProperties":{"variableName":"EntityDefinition","value":{"value":"{\"name\":\"@{item().TableName}\", \n\"description\":\"@{item().TableName}\", \n\"dataPartitionLocation\":\"/@{item().TableName}\",\n \"partitionPattern\":\"*.@{pipeline().parameters.FileFormat}\",\n \"attributes\":@{activity('LookupColumns').output.value}\n}","type":"Expression"}}},{"name":"EntityDefinitions","type":"AppendVariable","dependsOn":[{"activity":"EntityDefinition","dependencyConditions":["Succeeded"]}],"userProperties":[],"typeProperties":{"variableName":"ManifestDefinition","value":{"value":"@json(variables('EntityDefinition'))","type":"Expression"}}}]}},{"name":"createEntity","type":"AzureFunctionActivity","dependsOn":[{"activity":"SetManifest","dependencyConditions":["Succeeded"]}],"policy":{"timeout":"7.00:00:00","retry":0,"retryIntervalInSeconds":30,"secureOutput":false,"secureInput":false},"userProperties":[],"typeProperties":{"functionName":"createManifest","method":"POST","headers":{"HostName":{"value":"@variables('StorageURI')","type":"Expression"},"CDMFolder":{"value":"@{pipeline().parameters.CDMRootFolder}","type":"Expression"},"LocalFolder":{"value":"@{pipeline().parameters.ManifestFolder}","type":"Expression"},"CreateCorpus":"true"},"body":{"value":"@json(variables('ManifestBody'))","type":"Expression"}},"linkedServiceName":{"referenceName":"[parameters('CDMUTIL')]","type":"LinkedServiceReference"}},{"name":"SetManifest","type":"SetVariable","dependsOn":[{"activity":"ForEachTable","dependencyConditions":["Succeeded"]}],"userProperties":[],"typeProperties":{"variableName":"ManifestBody","value":{"value":"{\"manifestName\":\"@{pipeline().parameters.ManifestName}\",\n\"entityDefinitions\":@{variables('ManifestDefinition')}\n}","type":"Expression"}}}],"parameters":{"Tables":{"type":"object"},"CDMRootFolder":{"type":"string"},"ManifestFolder":{"type":"string"},"FileFormat":{"type":"string","defaultValue":"csv"},"Schema":{"type":"string","defaultValue":"dbo"},"ManifestName":{"type":"string"}},"variables":{"StorageURI":{"type":"String","defaultValue":"d365fofttableslake.dfs.core.windows.net"},"ManifestDefinition":{"type":"Array"},"EntityDefinition":{"type":"String"},"ManifestBody":{"type":"String"}},"folder":{"name":"GenerateCDM"},"annotations":[]},"dependsOn":["[concat(variables('factoryId'), '/datasets/SqlTable')]"]},{"name":"[concat(parameters('factoryName'), '/SqlTable')]","type":"Microsoft.DataFactory/factories/datasets","apiVersion":"2018-06-01","properties":{"linkedServiceName":{"referenceName":"[parameters('SqlServerDB')]","type":"LinkedServiceReference"},"folder":{"name":"SQL"},"annotations":[],"type":"SqlServerTable","schema":[],"typeProperties":{}},"dependsOn":[]}]}