﻿<?xml version="1.0" encoding="utf-8"?>
<ImportExportXml xmlns:xsi="http://www.w3.org/2001/XMLSchema-instance">
  <Entities>
    <Entity>
      <Name LocalizedName="Bookable Resource" OriginalName="Bookable Resource">BookableResource</Name>
      <EntityInfo>
        <entity Name="BookableResource">
          <attributes>
            <attribute PhysicalName="msdyn_FacilityEquipmentId">
              <Type>lookup</Type>
              <Name>msdyn_facilityequipmentid</Name>
              <LogicalName>msdyn_facilityequipmentid</LogicalName>
              <RequiredLevel>none</RequiredLevel>
              <DisplayMask>ValidForAdvancedFind|ValidForForm|ValidForGrid</DisplayMask>
              <ImeMode>auto</ImeMode>
              <ValidForUpdateApi>1</ValidForUpdateApi>
              <ValidForReadApi>1</ValidForReadApi>
              <ValidForCreateApi>1</ValidForCreateApi>
              <IsCustomField>1</IsCustomField>
              <IsAuditEnabled>1</IsAuditEnabled>
              <IsSecured>0</IsSecured>
              <IntroducedVersion>1.0.0.0</IntroducedVersion>
              <IsCustomizable>1</IsCustomizable>
              <IsRenameable>1</IsRenameable>
              <CanModifySearchSettings>1</CanModifySearchSettings>
              <CanModifyRequirementLevelSettings>1</CanModifyRequirementLevelSettings>
              <CanModifyAdditionalSettings>1</CanModifyAdditionalSettings>
              <SourceType>0</SourceType>
              <IsGlobalFilterEnabled>0</IsGlobalFilterEnabled>
              <IsSortableEnabled>0</IsSortableEnabled>
              <CanModifyGlobalFilterSettings>1</CanModifyGlobalFilterSettings>
              <CanModifyIsSortableSettings>1</CanModifyIsSortableSettings>
              <IsDataSourceSecret>0</IsDataSourceSecret>
              <LookupStyle>single</LookupStyle>
              <LookupTypes />
              <displaynames>
                <displayname description="Facility/Equipment" languagecode="1033" />
              </displaynames>
              <Descriptions>
                <Description description="Unique identifier for Facility/Equipment" languagecode="1033" />
              </Descriptions>
            </attribute>
          </attributes>
        </entity>
      </EntityInfo>
      <indexes>
        <index Name="ndx_facilityequipmentid">
          <IsClustered>0</IsClustered>
          <IsUnique>1</IsUnique>
          <IsPrimaryKey>0</IsPrimaryKey>
          <IndexType>6</IndexType>
          <attributes>
            <attribute Name="msdyn_facilityequipmentid" order="0" />
          </attributes>
          <filters>
            <filter attribute="msdyn_facilityequipmentid" operator="is not null" />
          </filters>
        </index>
      </indexes>
      <FormXml>
        <forms type="main">
          <systemform>
            <formid>{3e8942a7-ff8e-4634-84ec-8ce174ab807c}</formid>
            <IntroducedVersion>8.1.0.0</IntroducedVersion>
            <FormPresentation>1</FormPresentation>
            <FormActivationState>1</FormActivationState>
            <form shownavigationbar="true" showImage="false" maxWidth="1900">
              <tabs>
                <tab verticallayout="true" id="{e37f4524-4a66-42dc-974c-078756aef3fb}" IsUserDefined="1" name="{e37f4524-4a66-42dc-974c-078756aef3fb}" locklevel="0" expanded="true" showlabel="true">
                  <labels>
                    <label description="General" languagecode="1033" />
                  </labels>
                  <columns>
                    <column width="34%">
                      <sections>
                        <section showlabel="false" showbar="false" IsUserDefined="0" id="{6bfe3886-a003-47b5-a2c2-7e54ad6213a9}">
                          <labels>
                            <label description="General" languagecode="1033" />
                          </labels>
                          <rows>
                            <row>
                              <cell id="{5e354b0d-7003-8584-eae8-300cd8e783d3}" showlabel="true" locklevel="0">
                                <labels>
                                  <label description="Resource Type" languagecode="1033" />
                                </labels>
                                <control id="resourcetype" classid="{3EF39988-22BB-4f0b-BBBE-64B5A3748AEE}" datafieldname="resourcetype" disabled="false" />
                              </cell>
                            </row>
                            <row>
                              <cell id="{6b6c4317-500e-e0b8-8888-aac1cee5cd46}" showlabel="true" locklevel="0">
                                <labels>
                                  <label description="Facility/Equipment" languagecode="1033" />
                                </labels>
                                <control id="msdyn_facilityequipmentid" classid="{270BD3DB-D9AF-4782-9025-509E298DEC0A}" datafieldname="msdyn_facilityequipmentid" disabled="false" />
                              </cell>
                            </row>
                            <row>
                              <cell id="{b5233003-3dee-64dd-26a9-68bbd3b89aa1}" showlabel="true" locklevel="0">
                                <labels>
                                  <label description="User" languagecode="1033" />
                                </labels>
                                <control id="userid" classid="{270BD3DB-D9AF-4782-9025-509E298DEC0A}" datafieldname="userid" disabled="false" />
                              </cell>
                            </row>
                            <row>
                              <cell id="{058d61b4-1481-044e-eb43-b9d44bdd7ecd}" showlabel="true" locklevel="0">
                                <labels>
                                  <label description="Contact" languagecode="1033" />
                                </labels>
                                <control id="contactid" classid="{270BD3DB-D9AF-4782-9025-509E298DEC0A}" datafieldname="contactid" disabled="false" />
                              </cell>
                            </row>
                            <row>
                              <cell id="{93a0134c-1ac6-53bc-5506-4d7b59b98b97}" showlabel="true" locklevel="0">
                                <labels>
                                  <label description="Account" languagecode="1033" />
                                </labels>
                                <control id="accountid" classid="{270BD3DB-D9AF-4782-9025-509E298DEC0A}" datafieldname="accountid" disabled="false" />
                              </cell>
                            </row>
                            <row>
                              <cell id="{6a1b25ea-21be-55b5-ac0b-04350571113e}" showlabel="true" locklevel="0">
                                <labels>
                                  <label description="Pool Type" languagecode="1033" />
                                </labels>
                                <control id="msdyn_pooltype" classid="{4AA28AB7-9C13-4F57-A73D-AD894D048B5F}" datafieldname="msdyn_pooltype" disabled="false" />
                              </cell>
                            </row>
                            <row>
                              <cell id="{82a75c49-b685-4180-adb9-b56709e0a1df}">
                                <labels>
                                  <label description="Name" languagecode="1033" />
                                </labels>
                                <control id="name" classid="{4273EDBD-AC1D-40d3-9FB2-095C621B552D}" datafieldname="name" />
                              </cell>
                            </row>
                            <row>
                              <cell id="{e1159a8e-5878-973a-18ee-389c9007277d}" showlabel="true" locklevel="0">
                                <labels>
                                  <label description="Time Zone" languagecode="1033" />
                                </labels>
                                <control id="timezone" classid="{7C624A0B-F59E-493d-9583-638D34759266}" datafieldname="timezone" disabled="false" />
                              </cell>
                            </row>
                            <row>
                              <cell id="{8cc96160-3015-cd8b-734d-037e320e1636}" showlabel="false" userspacer="true">
                                <labels>
                                  <label description="" languagecode="1033" />
                                </labels>
                              </cell>
                            </row>
                            <row>
                              <cell id="{1562197a-4071-ec70-c9de-a9e180b2778d}" showlabel="false" userspacer="true">
                                <labels>
                                  <label description="" languagecode="1033" />
                                </labels>
                              </cell>
                            </row>
                          </rows>
                        </section>
                      </sections>
                    </column>
                    <column width="15%">
                      <sections>
                        <section showlabel="false" showbar="false" id="{9e7dec57-2c62-4d5d-8b21-75d076c5d1a1}" IsUserDefined="0" height="auto" name="{9e7dec57-2c62-4d5d-8b21-75d076c5d1a1}" columns="1" locklevel="0" labelwidth="115" celllabelalignment="Left" celllabelposition="Left" visible="false">
                          <labels>
                            <label description="Notes" languagecode="1033" />
                          </labels>
                          <rows>
                            <row>
                              <cell showlabel="false" rowspan="15" auto="false" id="{c4a83c27-ee1e-4eda-870d-3870811d8e08}">
                                <labels>
                                  <label description="Note Text" languagecode="1033" />
                                </labels>
                                <control id="notescontrol" classid="{06375649-c143-495e-a496-c962e5b4488e}">
                                  <parameters>
                                    <DefaultTabId>NotesTab</DefaultTabId>
                                  </parameters>
                                </control>
                              </cell>
                            </row>
                            <row />
                            <row />
                            <row />
                            <row />
                            <row />
                            <row />
                            <row />
                            <row />
                            <row />
                            <row />
                            <row />
                            <row />
                            <row />
                            <row />
                          </rows>
                        </section>
                      </sections>
                    </column>
                    <column width="51%">
                      <sections>
                        <section name="{e37f4524-4a66-42dc-974c-078756aef3fb}_section_6" showlabel="false" showbar="false" locklevel="0" id="{72344747-dd7c-1406-7685-800a42777947}" IsUserDefined="0" layout="varwidth" columns="1" labelwidth="115">
                          <labels>
                            <label description="Section" languagecode="1033" />
                          </labels>
                          <rows>
                            <row>
                              <cell id="{598a38a8-b2aa-9128-96b3-037bc4145859}" showlabel="true" colspan="1" auto="false" rowspan="6">
                                <labels>
                                  <label description="RESOURCE CHARACTERISTICS" languagecode="1033" />
                                </labels>
                                <control id="ResourceCharacteristics" classid="{E7A81278-8635-4d9e-8D4D-59480B391C5B}">
                                  <parameters>
                                    <ViewId>{AE9E5EE4-02A9-E511-80E8-00155DB9C10D}</ViewId>
                                    <IsUserView>false</IsUserView>
                                    <RelationshipName>bookableresource_bookableresourcecharacteristic_Resource</RelationshipName>
                                    <TargetEntityType>bookableresourcecharacteristic</TargetEntityType>
                                    <AutoExpand>Fixed</AutoExpand>
                                    <EnableQuickFind>false</EnableQuickFind>
                                    <EnableViewPicker>false</EnableViewPicker>
                                    <ViewIds>{7E7FE0BE-277F-4F14-9484-261412680AB4},{AE9E5EE4-02A9-E511-80E8-00155DB9C10D}</ViewIds>
                                    <EnableJumpBar>false</EnableJumpBar>
                                    <ChartGridMode>All</ChartGridMode>
                                    <VisualizationId />
                                    <IsUserChart>false</IsUserChart>
                                    <EnableChartPicker>true</EnableChartPicker>
                                    <RecordsPerPage>4</RecordsPerPage>
                                  </parameters>
                                </control>
                              </cell>
                            </row>
                            <row />
                            <row />
                            <row />
                            <row />
                            <row />
                            <row>
                              <cell id="{14b84276-79ae-26d4-1bba-ae1cdb229917}" showlabel="true" colspan="1" auto="false" rowspan="6">
                                <labels>
                                  <label description="RESOURCE CATEGORIES" languagecode="1033" />
                                </labels>
                                <control id="ResourceCategory" classid="{E7A81278-8635-4d9e-8D4D-59480B391C5B}">
                                  <parameters>
                                    <ViewId>{207A3738-FB9D-E511-80E7-00155DB9C10D}</ViewId>
                                    <IsUserView>false</IsUserView>
                                    <RelationshipName>bookableresource_bookableresourcecategoryassn_Resource</RelationshipName>
                                    <TargetEntityType>bookableresourcecategoryassn</TargetEntityType>
                                    <AutoExpand>Fixed</AutoExpand>
                                    <EnableQuickFind>false</EnableQuickFind>
                                    <EnableViewPicker>false</EnableViewPicker>
                                    <ViewIds>{533D1548-1E86-49CB-8C06-BFF8CA02591D},{207A3738-FB9D-E511-80E7-00155DB9C10D}</ViewIds>
                                    <EnableJumpBar>false</EnableJumpBar>
                                    <ChartGridMode>All</ChartGridMode>
                                    <VisualizationId />
                                    <IsUserChart>false</IsUserChart>
                                    <EnableChartPicker>true</EnableChartPicker>
                                    <RecordsPerPage>4</RecordsPerPage>
                                  </parameters>
                                </control>
                              </cell>
                            </row>
                            <row />
                            <row />
                            <row />
                            <row />
                            <row />
                          </rows>
                        </section>
                      </sections>
                    </column>
                  </columns>
                </tab>
                <tab name="tab_2" id="{83102bc1-9e49-308b-84e7-942280309886}" IsUserDefined="0" locklevel="0" showlabel="true" expanded="true">
                  <labels>
                    <label description="Scheduling" languagecode="1033" />
                  </labels>
                  <columns>
                    <column width="100%">
                      <sections>
                        <section name="tab_2_section_1" showlabel="false" showbar="false" locklevel="0" id="{35877857-a3ec-c259-c464-82d808dedb80}" IsUserDefined="0" layout="varwidth" columns="11" labelwidth="175" celllabelalignment="Left" celllabelposition="Left">
                          <labels>
                            <label description="Field Service" languagecode="1033" />
                          </labels>
                          <rows>
                            <row>
                              <cell id="{3e113455-e302-4865-4a70-302a356bb170}" showlabel="true" locklevel="0">
                                <labels>
                                  <label description="Start Location" languagecode="1033" />
                                </labels>
                                <control id="msdyn_startlocation" classid="{3EF39988-22BB-4f0b-BBBE-64B5A3748AEE}" datafieldname="msdyn_startlocation" disabled="false" />
                              </cell>
                              <cell id="{41e67b52-a50a-627d-0e2a-5abea8d956e0}" showlabel="true" locklevel="0">
                                <labels>
                                  <label description="Organizational Unit" languagecode="1033" />
                                </labels>
                                <control id="msdyn_organizationalunit" classid="{270BD3DB-D9AF-4782-9025-509E298DEC0A}" datafieldname="msdyn_organizationalunit" disabled="false" />
                              </cell>
                            </row>
                            <row>
                              <cell id="{486ec8eb-9251-b9c9-da8c-a54685e279bc}" showlabel="true" locklevel="0">
                                <labels>
                                  <label description="End Location" languagecode="1033" />
                                </labels>
                                <control id="msdyn_endlocation" classid="{3EF39988-22BB-4f0b-BBBE-64B5A3748AEE}" datafieldname="msdyn_endlocation" disabled="false" />
                              </cell>
                              <cell id="{62a437e3-da1c-8e7b-eac8-d0b264b48638}" showlabel="true" locklevel="0">
                                <labels>
                                  <label description="Derive Capacity From Group Members" languagecode="1033" />
                                </labels>
                                <control id="msdyn_derivecapacity" classid="{67FAC785-CD58-4f9f-ABB3-4B7DDC6ED5ED}" datafieldname="msdyn_derivecapacity" disabled="false" />
                              </cell>
                            </row>
                          </rows>
                        </section>
                        <section name="tab_2_section_2" showlabel="true" showbar="true" locklevel="0" id="{146ac4ac-cd7d-804a-ca11-40822aa38754}" IsUserDefined="0" layout="varwidth" columns="11" labelwidth="225" celllabelalignment="Left" celllabelposition="Left">
                          <labels>
                            <label description="Scheduling" languagecode="1033" />
                          </labels>
                          <rows>
                            <row>
                              <cell id="{5242c52e-c065-97d9-ca4c-db4e8282c534}" showlabel="true" locklevel="0">
                                <labels>
                                  <label description="Display On Schedule Board" languagecode="1033" />
                                </labels>
                                <control id="msdyn_displayonscheduleboard" classid="{67FAC785-CD58-4f9f-ABB3-4B7DDC6ED5ED}" datafieldname="msdyn_displayonscheduleboard" disabled="false" />
                              </cell>
                              <cell id="{cdc1403b-b0ab-0049-927b-129e4b2a8b9c}" showlabel="true" locklevel="0">
                                <labels>
                                  <label description="Enable for Availability Search" languagecode="1033" />
                                </labels>
                                <control id="msdyn_displayonscheduleassistant" classid="{67FAC785-CD58-4f9f-ABB3-4B7DDC6ED5ED}" datafieldname="msdyn_displayonscheduleassistant" disabled="false" />
                              </cell>
                            </row>
                          </rows>
                        </section>
                      </sections>
                    </column>
                  </columns>
                </tab>
              </tabs>
              <events>
                <event name="onload" application="true" active="true">
                  <InternalHandlers>
                    <Handler functionName="Mscrm.Form_onload" libraryName="Scheduling/BookableResource/BookableResource_main_system_library.js" handlerUniqueId="63945f46-b4e0-42ac-88e6-ab586cb8c7d5" enabled="true" passExecutionContext="true">
                      <dependencies>
                        <dependency id="timezone" />
                      </dependencies>
                    </Handler>
                  </InternalHandlers>
                  <Handlers>
                    <Handler functionName="FPS.BookableResource.Library.Load" libraryName="msdyn_/fps/BookableResource/BookableResource.Library.js" handlerUniqueId="{b31ab065-2a76-49a4-40c5-2c478b408420}" enabled="true" parameters="" passExecutionContext="false" />
                  </Handlers>
                </event>
                <event name="onchange" application="true" active="true" attribute="accountid">
                  <InternalHandlers>
                    <Handler functionName="Mscrm.accountid_onchange" libraryName="Scheduling/BookableResource/BookableResource_main_system_library.js" handlerUniqueId="98c81773-a6c2-4052-9a67-5ccd79f3025f" enabled="true">
                      <dependencies>
                        <dependency id="name" />
                      </dependencies>
                    </Handler>
                  </InternalHandlers>
                </event>
                <event name="onchange" application="true" active="true" attribute="contactid">
                  <InternalHandlers>
                    <Handler functionName="Mscrm.contactid_onchange" libraryName="Scheduling/BookableResource/BookableResource_main_system_library.js" handlerUniqueId="960bd7f4-e840-4d84-bba0-b6b3ef887e9c" enabled="true">
                      <dependencies>
                        <dependency id="name" />
                      </dependencies>
                    </Handler>
                  </InternalHandlers>
                </event>
                <event name="onchange" application="true" active="true" attribute="userid">
                  <InternalHandlers>
                    <Handler functionName="Mscrm.userid_onchange" libraryName="Scheduling/BookableResource/BookableResource_main_system_library.js" handlerUniqueId="68567a21-5dd1-4825-9d12-7c21b2135663" enabled="true">
                      <dependencies>
                        <dependency id="timezone" />
                        <dependency id="name" />
                      </dependencies>
                    </Handler>
                  </InternalHandlers>
                </event>
                <event name="onchange" application="false" active="false" attribute="msdyn_facilityequipmentid">
                  <Handlers>
                    <Handler functionName="setName" libraryName="msdyn_/ServiceUniversalScheduling/Equipment/FacilityEquipmentDisplay.js" handlerUniqueId="{640e8cb6-523d-2217-4e49-24273d73dc19}" enabled="true" parameters="" passExecutionContext="false" />
                  </Handlers>
                </event>
              </events>
              <clientresources>
                <internalresources>
                  <clientincludes>
                    <internaljscriptfile src="$webresource:Scheduling/BookableResource/BookableResource_main_system_library.js" />
                  </clientincludes>
                </internalresources>
              </clientresources>
              <Navigation>
                <NavBar>
                  <NavBarByRelationshipItem RelationshipName="bookableresource_bookableresourcegroup_ParentResource" Sequence="40" Area="Info" Id="navParentGroups" Show="true">
                    <Titles>
                      <Title LCID="1033" Text="Resource's Children" />
                      <Title LCID="1025" Text="مجموعات الموارد القابلة للحجز" />
                      <Title LCID="1026" Text="Групи налични ресурси" />
                      <Title LCID="1027" Text="Grups de recursos que es poden reservar" />
                      <Title LCID="1029" Text="Skupiny rezervovatelných zdrojů" />
                      <Title LCID="1030" Text="Reserverbare ressourcegrupper" />
                      <Title LCID="1031" Text="Buchbare Ressourcengruppen" />
                      <Title LCID="1032" Text="Ομάδες πόρων με δυνατότητα κράτησης" />
                      <Title LCID="3082" Text="Grupos de recursos que se pueden reservar" />
                      <Title LCID="1061" Text="Reserveeritavad ressursirühmad" />
                      <Title LCID="1069" Text="Baliabide erreserbagarrien taldeak" />
                      <Title LCID="1035" Text="Varattavissa olevat resurssiryhmät" />
                      <Title LCID="1036" Text="Groupes de ressources pouvant être réservées" />
                      <Title LCID="1110" Text="Grupos de recursos reservables" />
                      <Title LCID="1037" Text="קבוצות משאבים הניתנים להזמנה" />
                      <Title LCID="1081" Text="बुक करने योग्य संसाधन समूह" />
                      <Title LCID="1050" Text="Grupe resursa koje je moguće rezervirati" />
                      <Title LCID="1038" Text="Lefoglalható erőforráscsoportok" />
                      <Title LCID="1057" Text="Grup Sumber Daya yang Dapat Dipesan" />
                      <Title LCID="1040" Text="Gruppi di risorse prenotabili" />
                      <Title LCID="1041" Text="予約可能リソース グループ" />
                      <Title LCID="1087" Text="Тапсырыс беруге болатын ресурс топтары" />
                      <Title LCID="1042" Text="예약 가능한 리소스 그룹" />
                      <Title LCID="1063" Text="Rezervuojamų išteklių grupės" />
                      <Title LCID="1062" Text="Rezervējamo resursu grupas" />
                      <Title LCID="1086" Text="Kumpulan Sumber Boleh Ditempah" />
                      <Title LCID="1044" Text="Ressursgrupper som kan reserveres" />
                      <Title LCID="1043" Text="Boekbare resourcegroepen" />
                      <Title LCID="1045" Text="Grupy zasobów, które można zarezerwować" />
                      <Title LCID="1046" Text="Grupos de Recursos Reserváveis" />
                      <Title LCID="2070" Text="Grupos de Recursos Reserváveis" />
                      <Title LCID="1048" Text="Grupurile de resurse ce se pot rezerva" />
                      <Title LCID="1049" Text="Группы резервируемых ресурсов" />
                      <Title LCID="1051" Text="Skupiny rezervovateľných zdrojov" />
                      <Title LCID="1060" Text="Skupine virov, ki jih je mogoče rezervirati" />
                      <Title LCID="10266" Text="Групе ресурса које могу да се резервишу" />
                      <Title LCID="9242" Text="Grupe resursa koje mogu da se rezervišu" />
                      <Title LCID="1053" Text="Bokningsbara resursgrupper" />
                      <Title LCID="1054" Text="กลุ่มทรัพยากรที่สามารถจองได้" />
                      <Title LCID="1055" Text="Ayrılabilir Kaynak Grupları" />
                      <Title LCID="1058" Text="Групи планованих ресурсів" />
                      <Title LCID="1066" Text="Nhóm nguồn lực có thể đặt trước" />
                      <Title LCID="2052" Text="可预订资源组" />
                      <Title LCID="3076" Text="可預約資源群組" />
                      <Title LCID="1028" Text="可預約資源群組" />
                    </Titles>
                  </NavBarByRelationshipItem>
                  <NavBarByRelationshipItem RelationshipName="bookableresource_bookableresourcegroup_ChildResource" Sequence="50" Area="Info" Id="navChildGroups" Show="true">
                    <Titles>
                      <Title LCID="1033" Text="Resource's Parents" />
                      <Title LCID="1025" Text="مجموعات الموارد القابلة للحجز" />
                      <Title LCID="1026" Text="Групи налични ресурси" />
                      <Title LCID="1027" Text="Grups de recursos que es poden reservar" />
                      <Title LCID="1029" Text="Skupiny rezervovatelných zdrojů" />
                      <Title LCID="1030" Text="Reserverbare ressourcegrupper" />
                      <Title LCID="1031" Text="Buchbare Ressourcengruppen" />
                      <Title LCID="1032" Text="Ομάδες πόρων με δυνατότητα κράτησης" />
                      <Title LCID="3082" Text="Grupos de recursos que se pueden reservar" />
                      <Title LCID="1061" Text="Reserveeritavad ressursirühmad" />
                      <Title LCID="1069" Text="Baliabide erreserbagarrien taldeak" />
                      <Title LCID="1035" Text="Varattavissa olevat resurssiryhmät" />
                      <Title LCID="1036" Text="Groupes de ressources pouvant être réservées" />
                      <Title LCID="1110" Text="Grupos de recursos reservables" />
                      <Title LCID="1037" Text="קבוצות משאבים הניתנים להזמנה" />
                      <Title LCID="1081" Text="बुक करने योग्य संसाधन समूह" />
                      <Title LCID="1050" Text="Grupe resursa koje je moguće rezervirati" />
                      <Title LCID="1038" Text="Lefoglalható erőforráscsoportok" />
                      <Title LCID="1057" Text="Grup Sumber Daya yang Dapat Dipesan" />
                      <Title LCID="1040" Text="Gruppi di risorse prenotabili" />
                      <Title LCID="1041" Text="予約可能リソース グループ" />
                      <Title LCID="1087" Text="Тапсырыс беруге болатын ресурс топтары" />
                      <Title LCID="1042" Text="예약 가능한 리소스 그룹" />
                      <Title LCID="1063" Text="Rezervuojamų išteklių grupės" />
                      <Title LCID="1062" Text="Rezervējamo resursu grupas" />
                      <Title LCID="1086" Text="Kumpulan Sumber Boleh Ditempah" />
                      <Title LCID="1044" Text="Ressursgrupper som kan reserveres" />
                      <Title LCID="1043" Text="Boekbare resourcegroepen" />
                      <Title LCID="1045" Text="Grupy zasobów, które można zarezerwować" />
                      <Title LCID="1046" Text="Grupos de Recursos Reserváveis" />
                      <Title LCID="2070" Text="Grupos de Recursos Reserváveis" />
                      <Title LCID="1048" Text="Grupurile de resurse ce se pot rezerva" />
                      <Title LCID="1049" Text="Группы резервируемых ресурсов" />
                      <Title LCID="1051" Text="Skupiny rezervovateľných zdrojov" />
                      <Title LCID="1060" Text="Skupine virov, ki jih je mogoče rezervirati" />
                      <Title LCID="10266" Text="Групе ресурса које могу да се резервишу" />
                      <Title LCID="9242" Text="Grupe resursa koje mogu da se rezervišu" />
                      <Title LCID="1053" Text="Bokningsbara resursgrupper" />
                      <Title LCID="1054" Text="กลุ่มทรัพยากรที่สามารถจองได้" />
                      <Title LCID="1055" Text="Ayrılabilir Kaynak Grupları" />
                      <Title LCID="1058" Text="Групи планованих ресурсів" />
                      <Title LCID="1066" Text="Nhóm nguồn lực có thể đặt trước" />
                      <Title LCID="2052" Text="可预订资源组" />
                      <Title LCID="3076" Text="可預約資源群組" />
                      <Title LCID="1028" Text="可預約資源群組" />
                    </Titles>
                  </NavBarByRelationshipItem>
                  <NavBarByRelationshipItem RelationshipName="hardcoded_{B7196B13-6B9D-42CD-BD58-B19A3953126F}navAudit" Id="navAudit" Show="true" Area="Info" Sequence="10008">
                    <Titles>
                      <Title LCID="1033" Text="Audit History" />
                      <Title LCID="1025" Text="سجل التدقيق" />
                      <Title LCID="1026" Text="Хронология на одит" />
                      <Title LCID="1027" Text="Historial de l'auditoria" />
                      <Title LCID="1029" Text="Historie auditu" />
                      <Title LCID="1030" Text="Oversigt over overvågning" />
                      <Title LCID="1031" Text="Überwachungsverlauf" />
                      <Title LCID="1032" Text="Ιστορικό ελέγχου" />
                      <Title LCID="3082" Text="Historial de auditoría" />
                      <Title LCID="1061" Text="Auditeerimisajalugu" />
                      <Title LCID="1069" Text="Auditoretza-historia" />
                      <Title LCID="1035" Text="Seurantahistoria" />
                      <Title LCID="1036" Text="Historique d'audit" />
                      <Title LCID="1110" Text="Historial de auditoría" />
                      <Title LCID="1037" Text="היסטוריית ביקורת" />
                      <Title LCID="1081" Text="ऑडिट इतिहास" />
                      <Title LCID="1050" Text="Povijest nadzora" />
                      <Title LCID="1038" Text="Auditnapló előzményei" />
                      <Title LCID="1057" Text="Riwayat Audit" />
                      <Title LCID="1040" Text="Cronologia controllo" />
                      <Title LCID="1041" Text="監査履歴" />
                      <Title LCID="1087" Text="Тексеру журналы" />
                      <Title LCID="1042" Text="감사 기록" />
                      <Title LCID="1063" Text="Tikrinimo retrospektyva" />
                      <Title LCID="1062" Text="Audita vēsture" />
                      <Title LCID="1086" Text="Sejarah Audit" />
                      <Title LCID="1044" Text="Logg for sporing av endringer" />
                      <Title LCID="1043" Text="Controlegeschiedenis" />
                      <Title LCID="1045" Text="Historia inspekcji" />
                      <Title LCID="1046" Text="Histórico de Auditoria" />
                      <Title LCID="2070" Text="Histórico de Auditoria" />
                      <Title LCID="1048" Text="Istoric auditare" />
                      <Title LCID="1049" Text="Журнал аудита" />
                      <Title LCID="1051" Text="História auditov" />
                      <Title LCID="1060" Text="Zgodovina spremljanja sprememb" />
                      <Title LCID="10266" Text="Историја надгледања" />
                      <Title LCID="9242" Text="Istorija nadgledanja" />
                      <Title LCID="1053" Text="Granskningshistorik" />
                      <Title LCID="1054" Text="ประวัติการตรวจสอบ" />
                      <Title LCID="1055" Text="Denetim Geçmişi" />
                      <Title LCID="1058" Text="Журнал відстеження" />
                      <Title LCID="1066" Text="Lịch sử Kiểm tra" />
                      <Title LCID="2052" Text="审核历史记录" />
                      <Title LCID="3076" Text="稽核歷程記錄" />
                      <Title LCID="1028" Text="稽核歷程記錄" />
                    </Titles>
                  </NavBarByRelationshipItem>
                  <NavBarByRelationshipItem RelationshipName="bookableresource_bookableresourcebooking_Resource" Sequence="10" Area="Info" Id="navBookings">
                    <Titles>
                      <Title LCID="1033" Text="Resource Bookings" />
                    </Titles>
                  </NavBarByRelationshipItem>
                  <NavBarByRelationshipItem RelationshipName="msdyn_bookableresource_bookableresourcebookingheader_bookableresourceid" Sequence="20" Area="Info" Id="nav_msdyn_bookableresource_bookableresourcebookingheader_bookableresourceid">
                    <Titles>
                      <Title LCID="1033" Text="Resource Booking Headers" />
                    </Titles>
                  </NavBarByRelationshipItem>
                  <NavBarByRelationshipItem RelationshipName="bookableresource_bookableresourcecharacteristic_Resource" Sequence="21" Area="Info" Id="navCharacteristics">
                    <Titles>
                      <Title LCID="1033" Text="Resource Characteristics" />
                    </Titles>
                  </NavBarByRelationshipItem>
                  <NavBarByRelationshipItem RelationshipName="bookableresource_bookableresourcecategoryassn_Resource" Sequence="30" Area="Info" Id="navResourceCategories">
                    <Titles>
                      <Title LCID="1033" Text="Resource Category Associations" />
                    </Titles>
                  </NavBarByRelationshipItem>
                  <NavBarByRelationshipItem RelationshipName="msdyn_bookableresource_bookableresourcebooking_ResourceGroup" Sequence="10000" Area="Info" Id="nav_msdyn_bookableresource_bookableresourcebooking_ResourceGroup" Show="false">
                    <Titles>
                      <Title LCID="1033" Text="Bookable Resource Bookings" />
                    </Titles>
                  </NavBarByRelationshipItem>
                  <NavBarByRelationshipItem RelationshipName="msdyn_bookableresource_msdyn_requirementresourcepreference_BookableResource" Sequence="10003" Area="Info" Id="nav_msdyn_bookableresource_msdyn_requirementresourcepreference_BookableResource" Show="false">
                    <Titles>
                      <Title LCID="1033" Text="Requirement Resource Preferences" />
                    </Titles>
                  </NavBarByRelationshipItem>
                  <NavBarByRelationshipItem Icon="$webresource:msdyn_/fps/Icons/Entity/Resources_32.png" RelationshipName="msdyn_bookableresource_msdyn_resourceterritory_Resource" Sequence="10004" Area="Info" Id="nav_msdyn_bookableresource_msdyn_resourceterritory_Resource">
                    <Titles>
                      <Title LCID="1033" Text="Resource Territories" />
                    </Titles>
                  </NavBarByRelationshipItem>
                  <NavBarByRelationshipItem RelationshipName="msdyn_bookableresource_msdyn_actual_bookableresource" Sequence="10005" Area="Info" Id="nav_msdyn_bookableresource_msdyn_actual_bookableresource">
                    <Titles>
                      <Title LCID="1033" Text="Actuals" />
                    </Titles>
                  </NavBarByRelationshipItem>
                  <NavBarByRelationshipItem RelationshipName="hardcoded_{B7196B13-6B9D-42CD-BD58-B19A3953126F}navMonthlyCalendar" Sequence="10006" Area="Info" Id="navMonthlyCalendar">
                    <Titles>
                      <Title LCID="1033" Text="Work Hours" />
                    </Titles>
                  </NavBarByRelationshipItem>
                  <NavBarByRelationshipItem RelationshipName="msdyn_bookableresource_msdyn_workhourtemplate_bookableresourceid" Sequence="10007" Area="Info" Id="nav_msdyn_bookableresource_msdyn_workhourtemplate_bookableresourceid">
                    <Titles>
                      <Title LCID="1033" Text="Work Templates" />
                    </Titles>
                  </NavBarByRelationshipItem>
                </NavBar>
                <NavBarAreas>
                  <NavBarArea Id="Info">
                    <Titles>
                      <Title LCID="1033" Text="Common" />
                      <Title LCID="1025" Text="عام" />
                      <Title LCID="1026" Text="Общо" />
                      <Title LCID="1027" Text="Comú" />
                      <Title LCID="1029" Text="Společné" />
                      <Title LCID="1030" Text="Almindelig" />
                      <Title LCID="1031" Text="Gemeinsam verwendet" />
                      <Title LCID="1032" Text="Κοινή" />
                      <Title LCID="3082" Text="Común" />
                      <Title LCID="1061" Text="Ühine" />
                      <Title LCID="1069" Text="Ohikoak" />
                      <Title LCID="1035" Text="Yhteiset" />
                      <Title LCID="1036" Text="Éléments communs" />
                      <Title LCID="1110" Text="Común" />
                      <Title LCID="1037" Text="פריטים נפוצים‬" />
                      <Title LCID="1081" Text="सामान्य" />
                      <Title LCID="1050" Text="Uobičajeno" />
                      <Title LCID="1038" Text="Általános" />
                      <Title LCID="1057" Text="Umum" />
                      <Title LCID="1040" Text="Elementi comuni" />
                      <Title LCID="1041" Text="共通" />
                      <Title LCID="1087" Text="Жалпы" />
                      <Title LCID="1042" Text="일반" />
                      <Title LCID="1063" Text="Bendra" />
                      <Title LCID="1062" Text="Vispārīgi" />
                      <Title LCID="1086" Text="Umum" />
                      <Title LCID="1044" Text="Felles" />
                      <Title LCID="1043" Text="Algemeen" />
                      <Title LCID="1045" Text="Wspólne" />
                      <Title LCID="1046" Text="Comum" />
                      <Title LCID="2070" Text="Comuns" />
                      <Title LCID="1048" Text="Comun" />
                      <Title LCID="1049" Text="Общее" />
                      <Title LCID="1051" Text="Spoločné" />
                      <Title LCID="1060" Text="Splošno" />
                      <Title LCID="10266" Text="Уобичајено" />
                      <Title LCID="9242" Text="Uobičajeno" />
                      <Title LCID="1053" Text="Standard" />
                      <Title LCID="1054" Text="ทั่วไป" />
                      <Title LCID="1055" Text="Ortak" />
                      <Title LCID="1058" Text="Спільні" />
                      <Title LCID="1066" Text="Thông thường" />
                      <Title LCID="2052" Text="通用" />
                      <Title LCID="3076" Text="一般" />
                      <Title LCID="1028" Text="一般" />
                    </Titles>
                  </NavBarArea>
                  <NavBarArea Id="Sales">
                    <Titles>
                      <Title LCID="1033" Text="Sales" />
                      <Title LCID="1025" Text="مبيعات" />
                      <Title LCID="1026" Text="Sales" />
                      <Title LCID="1027" Text="Vendes" />
                      <Title LCID="1029" Text="Prodej" />
                      <Title LCID="1030" Text="Salg" />
                      <Title LCID="1031" Text="Vertrieb" />
                      <Title LCID="1032" Text="Sales" />
                      <Title LCID="3082" Text="Ventas" />
                      <Title LCID="1061" Text="Müük" />
                      <Title LCID="1069" Text="Salmentak" />
                      <Title LCID="1035" Text="Myynti" />
                      <Title LCID="1036" Text="Ventes" />
                      <Title LCID="1110" Text="Vendas" />
                      <Title LCID="1037" Text="Sales" />
                      <Title LCID="1081" Text="Sales" />
                      <Title LCID="1050" Text="Prodaja" />
                      <Title LCID="1038" Text="Értékesítés" />
                      <Title LCID="1057" Text="Penjualan" />
                      <Title LCID="1040" Text="Vendite" />
                      <Title LCID="1041" Text="営業" />
                      <Title LCID="1087" Text="Сатылым" />
                      <Title LCID="1042" Text="Sales" />
                      <Title LCID="1063" Text="Pardavimas" />
                      <Title LCID="1062" Text="Pārdošana" />
                      <Title LCID="1086" Text="Jualan" />
                      <Title LCID="1044" Text="Sales" />
                      <Title LCID="1043" Text="Verkoop" />
                      <Title LCID="1045" Text="Sprzedaż" />
                      <Title LCID="1046" Text="Vendas" />
                      <Title LCID="2070" Text="Vendas" />
                      <Title LCID="1048" Text="Vânzări" />
                      <Title LCID="1049" Text="Продажи" />
                      <Title LCID="1051" Text="Predaj" />
                      <Title LCID="1060" Text="Prodaja" />
                      <Title LCID="10266" Text="Sales" />
                      <Title LCID="9242" Text="Sales" />
                      <Title LCID="1053" Text="Försäljning" />
                      <Title LCID="1054" Text="การขาย" />
                      <Title LCID="1055" Text="Satış" />
                      <Title LCID="1058" Text="Збут" />
                      <Title LCID="1066" Text="Sales" />
                      <Title LCID="2052" Text="销售" />
                      <Title LCID="3076" Text="銷售" />
                      <Title LCID="1028" Text="銷售" />
                    </Titles>
                  </NavBarArea>
                  <NavBarArea Id="Service">
                    <Titles>
                      <Title LCID="1033" Text="Service" />
                      <Title LCID="1025" Text="خدمة" />
                      <Title LCID="1026" Text="Услуга" />
                      <Title LCID="1027" Text="Servei" />
                      <Title LCID="1029" Text="Služby" />
                      <Title LCID="1030" Text="Service" />
                      <Title LCID="1031" Text="Service" />
                      <Title LCID="1032" Text="Εξυπηρέτηση" />
                      <Title LCID="3082" Text="Servicio" />
                      <Title LCID="1061" Text="Teenindus" />
                      <Title LCID="1069" Text="Zerbitzua" />
                      <Title LCID="1035" Text="Palvelu" />
                      <Title LCID="1036" Text="Service" />
                      <Title LCID="1110" Text="Servizo" />
                      <Title LCID="1037" Text="שירות" />
                      <Title LCID="1081" Text="सेवा" />
                      <Title LCID="1050" Text="Usluga" />
                      <Title LCID="1038" Text="Szolgáltatás" />
                      <Title LCID="1057" Text="Layanan" />
                      <Title LCID="1040" Text="Servizio" />
                      <Title LCID="1041" Text="サービス" />
                      <Title LCID="1087" Text="Қызмет" />
                      <Title LCID="1042" Text="서비스" />
                      <Title LCID="1063" Text="Aptarnavimas" />
                      <Title LCID="1062" Text="Serviss" />
                      <Title LCID="1086" Text="Perkhidmatan" />
                      <Title LCID="1044" Text="Service" />
                      <Title LCID="1043" Text="Service" />
                      <Title LCID="1045" Text="Usługa" />
                      <Title LCID="1046" Text="Serviço" />
                      <Title LCID="2070" Text="Serviço" />
                      <Title LCID="1048" Text="Serviciu" />
                      <Title LCID="1049" Text="Сервис" />
                      <Title LCID="1051" Text="Služba" />
                      <Title LCID="1060" Text="Storitev" />
                      <Title LCID="10266" Text="Услуга" />
                      <Title LCID="9242" Text="Usluga" />
                      <Title LCID="1053" Text="Tjänst" />
                      <Title LCID="1054" Text="การบริการ" />
                      <Title LCID="1055" Text="Servis" />
                      <Title LCID="1058" Text="Обслуговування" />
                      <Title LCID="1066" Text="Dịch vụ" />
                      <Title LCID="2052" Text="服务" />
                      <Title LCID="3076" Text="服務" />
                      <Title LCID="1028" Text="服務" />
                    </Titles>
                  </NavBarArea>
                  <NavBarArea Id="Marketing">
                    <Titles>
                      <Title LCID="1033" Text="Marketing" />
                      <Title LCID="1025" Text="التسويق" />
                      <Title LCID="1026" Text="Маркетинг" />
                      <Title LCID="1027" Text="Màrqueting" />
                      <Title LCID="1029" Text="Marketing" />
                      <Title LCID="1030" Text="Marketing" />
                      <Title LCID="1031" Text="Marketing" />
                      <Title LCID="1032" Text="Μάρκετινγκ" />
                      <Title LCID="3082" Text="Marketing" />
                      <Title LCID="1061" Text="Turundus" />
                      <Title LCID="1069" Text="Marketina" />
                      <Title LCID="1035" Text="Markkinointi" />
                      <Title LCID="1036" Text="Marketing" />
                      <Title LCID="1110" Text="Márketing" />
                      <Title LCID="1037" Text="שיווק" />
                      <Title LCID="1081" Text="मार्केटिंग" />
                      <Title LCID="1050" Text="Marketing" />
                      <Title LCID="1038" Text="Marketing" />
                      <Title LCID="1057" Text="Pemasaran" />
                      <Title LCID="1040" Text="Marketing" />
                      <Title LCID="1041" Text="マーケティング" />
                      <Title LCID="1087" Text="Маркетинг" />
                      <Title LCID="1042" Text="마케팅" />
                      <Title LCID="1063" Text="Rinkodara" />
                      <Title LCID="1062" Text="Mārketings" />
                      <Title LCID="1086" Text="Pemasaran" />
                      <Title LCID="1044" Text="Markedsføring" />
                      <Title LCID="1043" Text="Marketing" />
                      <Title LCID="1045" Text="Marketing" />
                      <Title LCID="1046" Text="Marketing" />
                      <Title LCID="2070" Text="Marketing" />
                      <Title LCID="1048" Text="Marketing" />
                      <Title LCID="1049" Text="Маркетинг" />
                      <Title LCID="1051" Text="Marketing" />
                      <Title LCID="1060" Text="Trženje" />
                      <Title LCID="10266" Text="Маркетинг" />
                      <Title LCID="9242" Text="Marketing" />
                      <Title LCID="1053" Text="Marknadsföring" />
                      <Title LCID="1054" Text="การตลาด" />
                      <Title LCID="1055" Text="Pazarlama" />
                      <Title LCID="1058" Text="Маркетинг" />
                      <Title LCID="1066" Text="Tiếp thị" />
                      <Title LCID="2052" Text="市场营销" />
                      <Title LCID="3076" Text="行銷" />
                      <Title LCID="1028" Text="行銷" />
                    </Titles>
                  </NavBarArea>
                  <NavBarArea Id="ProcessCenter">
                    <Titles>
                      <Title LCID="1033" Text="Process Sessions" />
                      <Title LCID="1025" Text="جلسات عمل العمليات" />
                      <Title LCID="1026" Text="Сесии на процес" />
                      <Title LCID="1027" Text="Sessions del procés" />
                      <Title LCID="1029" Text="Relace procesů" />
                      <Title LCID="1030" Text="Processessioner" />
                      <Title LCID="1031" Text="Prozesssitzungen" />
                      <Title LCID="1032" Text="Περίοδοι λειτουργίας διεργασίας" />
                      <Title LCID="3082" Text="Sesiones de proceso" />
                      <Title LCID="1061" Text="Protsessiseansid" />
                      <Title LCID="1069" Text="Prozesu-saioak" />
                      <Title LCID="1035" Text="Prosessin istunnot" />
                      <Title LCID="1036" Text="Sessions de traitement" />
                      <Title LCID="1110" Text="Sesións de proceso" />
                      <Title LCID="1037" Text="הפעלות תהליך" />
                      <Title LCID="1081" Text="प्रक्रिया सत्र" />
                      <Title LCID="1050" Text="Sesije procesa" />
                      <Title LCID="1038" Text="Feldolgozási munkamenetek" />
                      <Title LCID="1057" Text="Sesi Proses" />
                      <Title LCID="1040" Text="Sessioni processo" />
                      <Title LCID="1041" Text="プロセス セッション" />
                      <Title LCID="1087" Text="Процестік сеанстар" />
                      <Title LCID="1042" Text="프로세스 세션" />
                      <Title LCID="1063" Text="Procesų seansai" />
                      <Title LCID="1062" Text="Apstrādes sesijas" />
                      <Title LCID="1086" Text="Sesi Proses" />
                      <Title LCID="1044" Text="Prosessøkter" />
                      <Title LCID="1043" Text="Processessies" />
                      <Title LCID="1045" Text="Sesje procesów" />
                      <Title LCID="1046" Text="Sessões de Processo" />
                      <Title LCID="2070" Text="Sessões de Processo" />
                      <Title LCID="1048" Text="Sesiuni de proces" />
                      <Title LCID="1049" Text="Сеансы процессов" />
                      <Title LCID="1051" Text="Relácie procesov" />
                      <Title LCID="1060" Text="Seje procesa" />
                      <Title LCID="10266" Text="Сесије процеса" />
                      <Title LCID="9242" Text="Sesije procesa" />
                      <Title LCID="1053" Text="Bearbeta sessioner" />
                      <Title LCID="1054" Text="เซสชันของกระบวนการ" />
                      <Title LCID="1055" Text="İşlem Oturumları" />
                      <Title LCID="1058" Text="Сеанси обробки" />
                      <Title LCID="1066" Text="Phiên quá trình" />
                      <Title LCID="2052" Text="流程会话" />
                      <Title LCID="3076" Text="程序工作階段" />
                      <Title LCID="1028" Text="程序工作階段" />
                    </Titles>
                  </NavBarArea>
                </NavBarAreas>
              </Navigation>
              <formLibraries>
                <Library name="msdyn_/fps/Utils/head.js" libraryUniqueId="{e736e5ad-6585-c638-370e-3e1c52e0d791}" />
                <Library name="msdyn_/fps/Utils/FpsUtils.js" libraryUniqueId="{37d8e7b2-4252-4c38-8b7f-5bbe5ea34c17}" />
                <Library name="msdyn_/fps/BookableResource/BookableResource.Library.js" libraryUniqueId="{4b855a9e-575e-6730-73c1-3d93e668238a}" />
                <Library name="msdyn_/ServiceUniversalScheduling/Equipment/FacilityEquipmentDisplay.js" libraryUniqueId="{728c81d2-ce07-c823-3a53-b44a499da557}" />
              </formLibraries>
            </form>
            <LocalizedNames>
              <LocalizedName description="Information" languagecode="1033" />
            </LocalizedNames>
            <Descriptions>
              <Description description="A form for this entity." languagecode="1033" />
            </Descriptions>
          </systemform>
        </forms>
      </FormXml>
      <RibbonDiffXml>
        <CustomActions>
          <CustomAction Id="msdyn.bookableresource.applyworkhourtemplatebtn.CustomAction" Location="Mscrm.HomepageGrid.bookableresource.MainTab.Management.Controls._children" Sequence="45">
            <CommandUIDefinition>
              <Button Alt="$LocLabels:msdyn.bookableresource.applyworkhourtemplatebtn.Alt" Command="msdyn.bookableresource.applyworkhourtemplatecmd" Description="Set calendar" Id="msdyn.bookableresource.applyworkhourtemplatebtn" Image32by32="/_imgs/ribbon/ScheduleServiceActivity_32.png" Image16by16="/_imgs/ribbon/ScheduleServiceActivity_16.png" LabelText="$LocLabels:msdyn.bookableresource.applyworkhourtemplatebtn.LabelText" Sequence="45" TemplateAlias="o2" ToolTipTitle="$LocLabels:msdyn.bookableresource.applyworkhourtemplatebtn.ToolTipTitle" ToolTipDescription="$LocLabels:msdyn.bookableresource.applyworkhourtemplatebtn.ToolTipDescription" />
            </CommandUIDefinition>
          </CustomAction>
        </CustomActions>
        <Templates>
          <RibbonTemplates Id="Mscrm.Templates"></RibbonTemplates>
        </Templates>
        <CommandDefinitions>
          <CommandDefinition Id="msdyn.bookableresource.applyworkhourtemplatecmd">
            <EnableRules>
              <EnableRule Id="msdyn.bookableresource.EnableMultiSelect" />
            </EnableRules>
            <DisplayRules />
            <Actions>
              <JavaScriptFunction FunctionName="applydefaultworkhourtemplate" Library="$webresource:msdyn_/ScheduleCommon/Resource/Scripts/BookableResourceGridActions.js">
                <CrmParameter Value="SelectedControlSelectedItemIds" />
              </JavaScriptFunction>
            </Actions>
          </CommandDefinition>
        </CommandDefinitions>
        <RuleDefinitions>
          <TabDisplayRules />
          <DisplayRules />
          <EnableRules>
            <EnableRule Id="msdyn.bookableresource.EnableMultiSelect">
              <SelectionCountRule AppliesTo="SelectedEntity" Minimum="1" />
            </EnableRule>
          </EnableRules>
        </RuleDefinitions>
        <LocLabels>
          <LocLabel Id="msdyn.bookableresource.applyworkhourtemplatebtn.Alt">
            <Titles>
              <Title description="Set calendar" languagecode="1033" />
            </Titles>
          </LocLabel>
          <LocLabel Id="msdyn.bookableresource.applyworkhourtemplatebtn.LabelText">
            <Titles>
              <Title description="Set calendar" languagecode="1033" />
            </Titles>
          </LocLabel>
          <LocLabel Id="msdyn.bookableresource.applyworkhourtemplatebtn.ToolTipDescription">
            <Titles>
              <Title description="Set calendar" languagecode="1033" />
            </Titles>
          </LocLabel>
          <LocLabel Id="msdyn.bookableresource.applyworkhourtemplatebtn.ToolTipTitle">
            <Titles>
              <Title description="Set calendar" languagecode="1033" />
            </Titles>
          </LocLabel>
        </LocLabels>
      </RibbonDiffXml>
    </Entity>
  </Entities>
  <Roles />
  <Workflows>
    <Workflow WorkflowId="{8d1aeb93-5305-e811-8130-000d3af93042}" Name="Facility/Equipment Display" Description="Displays Facility/Equipment when Generic Resource Type is Selected">
      <XamlFileName>/Workflows/FacilityEquipmentDisplay-8D1AEB93-5305-E811-8130-000D3AF93042.xaml</XamlFileName>
      <Type>1</Type>
      <Subprocess>0</Subprocess>
      <Category>2</Category>
      <Mode>1</Mode>
      <Scope>4</Scope>
      <OnDemand>0</OnDemand>
      <TriggerOnCreate>0</TriggerOnCreate>
      <TriggerOnDelete>0</TriggerOnDelete>
      <AsyncAutodelete>0</AsyncAutodelete>
      <SyncWorkflowLogOnFailure>0</SyncWorkflowLogOnFailure>
      <StateCode>1</StateCode>
      <StatusCode>2</StatusCode>
      <RunAs>1</RunAs>
      <IsTransacted>1</IsTransacted>
      <IntroducedVersion>1.0.0.0</IntroducedVersion>
      <IsCustomizable>1</IsCustomizable>
      <BusinessProcessType>0</BusinessProcessType>
      <PrimaryEntity>BookableResource</PrimaryEntity>
      <LocalizedNames>
        <LocalizedName languagecode="1033" description="Facility/Equipment Display" />
      </LocalizedNames>
      <Descriptions>
        <Description languagecode="1033" description="Displays Facility/Equipment when Generic Resource Type is Selected" />
      </Descriptions>
      <ProcessTriggers>
        <ProcessTrigger processtriggerid="{9bad4cbc-1d0d-e811-812e-000d3afdb492}">
          <controltype>1</controltype>
          <formid>{3e8942a7-ff8e-4634-84ec-8ce174ab807c}</formid>
          <scope>1</scope>
          <controlname>resourcetype</controlname>
          <event>change</event>
          <pipelinestage>0</pipelinestage>
          <iscustomizable>1</iscustomizable>
          <primaryentitytypecode>BookableResource</primaryentitytypecode>
        </ProcessTrigger>
        <ProcessTrigger processtriggerid="{9cad4cbc-1d0d-e811-812e-000d3afdb492}">
          <formid>{3e8942a7-ff8e-4634-84ec-8ce174ab807c}</formid>
          <scope>1</scope>
          <event>load</event>
          <pipelinestage>0</pipelinestage>
          <iscustomizable>1</iscustomizable>
          <primaryentitytypecode>BookableResource</primaryentitytypecode>
        </ProcessTrigger>
        <ProcessTrigger processtriggerid="{9dad4cbc-1d0d-e811-812e-000d3afdb492}">
          <controltype>1</controltype>
          <formid>{3e8942a7-ff8e-4634-84ec-8ce174ab807c}</formid>
          <scope>1</scope>
          <controlname>resourcetype</controlname>
          <event>change</event>
          <pipelinestage>0</pipelinestage>
          <iscustomizable>1</iscustomizable>
          <primaryentitytypecode>BookableResource</primaryentitytypecode>
        </ProcessTrigger>
        <ProcessTrigger processtriggerid="{9ead4cbc-1d0d-e811-812e-000d3afdb492}">
          <formid>{3e8942a7-ff8e-4634-84ec-8ce174ab807c}</formid>
          <scope>1</scope>
          <event>load</event>
          <pipelinestage>0</pipelinestage>
          <iscustomizable>1</iscustomizable>
          <primaryentitytypecode>BookableResource</primaryentitytypecode>
        </ProcessTrigger>
      </ProcessTriggers>
    </Workflow>
  </Workflows>
  <FieldSecurityProfiles />
  <Templates />
  <EntityMaps />
  <EntityRelationships>
    <EntityRelationship Name="msdyn_equipment_bookableresource_FacilityEquipmentId">
      <EntityRelationshipType>OneToMany</EntityRelationshipType>
      <IsCustomizable>1</IsCustomizable>
      <IntroducedVersion>1.0.0.0</IntroducedVersion>
      <IsHierarchical>0</IsHierarchical>
      <ReferencingEntityName>BookableResource</ReferencingEntityName>
      <ReferencedEntityName>Equipment</ReferencedEntityName>
      <CascadeAssign>NoCascade</CascadeAssign>
      <CascadeDelete>RemoveLink</CascadeDelete>
      <CascadeReparent>NoCascade</CascadeReparent>
      <CascadeShare>NoCascade</CascadeShare>
      <CascadeUnshare>NoCascade</CascadeUnshare>
      <CascadeRollupView>NoCascade</CascadeRollupView>
      <IsValidForAdvancedFind>1</IsValidForAdvancedFind>
      <ReferencingAttributeName>msdyn_FacilityEquipmentId</ReferencingAttributeName>
      <RelationshipDescription>
        <Descriptions>
          <Description description="Unique identifier for Facility/Equipment" languagecode="1033" />
        </Descriptions>
      </RelationshipDescription>
      <EntityRelationshipRoles>
        <EntityRelationshipRole>
          <NavPaneDisplayOption>UseCollectionName</NavPaneDisplayOption>
          <NavPaneArea>Details</NavPaneArea>
          <NavPaneOrder>10000</NavPaneOrder>
          <NavigationPropertyName>msdyn_FacilityEquipmentId</NavigationPropertyName>
          <CustomLabels>
            <CustomLabel description="" languagecode="1033" />
          </CustomLabels>
          <RelationshipRoleType>1</RelationshipRoleType>
        </EntityRelationshipRole>
        <EntityRelationshipRole>
          <NavigationPropertyName>msdyn_equipment_bookableresource_FacilityEquipmentId</NavigationPropertyName>
          <RelationshipRoleType>0</RelationshipRoleType>
        </EntityRelationshipRole>
      </EntityRelationshipRoles>
    </EntityRelationship>
  </EntityRelationships>
  <OrganizationSettings />
  <optionsets />
  <WebResources>
    <WebResource>
      <WebResourceId>{d4adba33-a307-e811-8130-000d3af93042}</WebResourceId>
      <Name>msdyn_/ServiceUniversalScheduling/Equipment/FacilityEquipmentDisplay.js</Name>
      <DisplayName>msdyn_/ServiceUniversalScheduling/Equipment/FacilityEquipmentDisplay.js</DisplayName>
      <WebResourceType>3</WebResourceType>
      <IntroducedVersion>1.0</IntroducedVersion>
      <IsEnabledForMobileClient>0</IsEnabledForMobileClient>
      <IsAvailableForMobileOffline>0</IsAvailableForMobileOffline>
      <IsCustomizable>0</IsCustomizable>
      <CanBeDeleted>0</CanBeDeleted>
      <IsHidden>0</IsHidden>
      <FileName>/WebResources/msdyn_/ServiceUniversalScheduling/Equipment/FacilityEquipmentDisplay.js</FileName>
    </WebResource>
    <WebResource>
      <WebResourceId>{807D4006-BB7B-499E-954F-3C9BF510E7AA}</WebResourceId>
      <Name>msdyn_/ServiceUniversalScheduling/Localization/ResourceStringProvider.js</Name>
      <DisplayName>msdyn_/ServiceUniversalScheduling/Localization/ResourceStringProvider.js</DisplayName>
      <WebResourceType>3</WebResourceType>
      <IntroducedVersion>1.0</IntroducedVersion>
      <IsEnabledForMobileClient>0</IsEnabledForMobileClient>
      <IsAvailableForMobileOffline>0</IsAvailableForMobileOffline>
      <IsCustomizable>1</IsCustomizable>
      <CanBeDeleted>0</CanBeDeleted>
      <IsHidden>0</IsHidden>
      <FileName>/WebResources/msdyn_/ServiceUniversalScheduling/Localization/ResourceStringProvider.js</FileName>
    </WebResource>
  </WebResources>
  <SolutionPluginAssemblies>
    <PluginAssembly FullName="Microsoft.Dynamics.ServiceUniversalScheduling.Plugins, Version=1.0.0.0, Culture=neutral, PublicKeyToken=31bf3856ad364e35" PluginAssemblyId="590fecb7-9302-45d9-a5d4-4fbbaefd1484" CustomizationLevel="1">
      <IsolationMode>1</IsolationMode>
      <SourceType>0</SourceType>
      <IntroducedVersion>1.0</IntroducedVersion>
      <FileName>/PluginAssemblies/MicrosoftDynamicsServiceUniversalSchedulingPlugins-590FECB7-9302-45D9-A5D4-4FBBAEFD1484/MicrosoftDynamicsServiceUniversalSchedulingPlugins.dll</FileName>
      <PluginTypes>
        <PluginType AssemblyQualifiedName="Microsoft.Dynamics.ServiceUniversalScheduling.Plugins.GetBookableResources, Microsoft.Dynamics.ServiceUniversalScheduling.Plugins, Version=1.0.0.0, Culture=neutral, PublicKeyToken=31bf3856ad364e35" PluginTypeId="9d042b23-6060-43e1-a160-1817e34aafe8" Name="Microsoft.Dynamics.ServiceUniversalScheduling.Plugins.GetBookableResources">
          <FriendlyName>e350b42e-0254-470f-9ef1-0128ffbd3928</FriendlyName>
        </PluginType>
        <PluginType AssemblyQualifiedName="Microsoft.Dynamics.ServiceUniversalScheduling.Plugins.GetOrCreateBookableResources, Microsoft.Dynamics.ServiceUniversalScheduling.Plugins, Version=1.0.0.0, Culture=neutral, PublicKeyToken=31bf3856ad364e35" PluginTypeId="7ca25694-610b-4b38-b144-83cf495298d1" Name="Microsoft.Dynamics.ServiceUniversalScheduling.Plugins.GetOrCreateBookableResources">
          <FriendlyName>941d3497-e435-4918-8a34-de11df899ca5</FriendlyName>
        </PluginType>
      </PluginTypes>
    </PluginAssembly>
  </SolutionPluginAssemblies>
  <SdkMessageProcessingSteps>
    <SdkMessageProcessingStep Name="msdyn_GetOrCreateBookableResources" SdkMessageProcessingStepId="{cbe67dd6-4cf0-4ca0-8d7d-5c9b425d3d65}">
      <PluginTypeName>Microsoft.Dynamics.ServiceUniversalScheduling.Plugins.GetOrCreateBookableResources, Microsoft.Dynamics.ServiceUniversalScheduling.Plugins, Version=1.0.0.0, Culture=neutral, PublicKeyToken=31bf3856ad364e35</PluginTypeName>
      <PluginTypeId>7ca25694-610b-4b38-b144-83cf495298d1</PluginTypeId>
      <AsyncAutoDelete>0</AsyncAutoDelete>
      <Description>msdyn_GetOrCreateBookableResources</Description>
      <FilteringAttributes></FilteringAttributes>
      <InvocationSource>0</InvocationSource>
      <Mode>0</Mode>
      <Rank>2</Rank>
      <SdkMessageId>{204f2226-3dbc-4dd2-afce-a92695710cc5}</SdkMessageId>
      <EventHandlerTypeCode>4602</EventHandlerTypeCode>
      <Stage>40</Stage>
      <IsCustomizable>1</IsCustomizable>
      <IsHidden>0</IsHidden>
      <SupportedDeployment>0</SupportedDeployment>
      <IntroducedVersion>1.0.0.0</IntroducedVersion>
      <SdkMessageProcessingStepImages />
    </SdkMessageProcessingStep>
    <SdkMessageProcessingStep Name="msdyn_GetBookableResources" SdkMessageProcessingStepId="{e5c57f81-7df7-4eb5-857c-f6e82a91e3e6}">
      <PluginTypeName>Microsoft.Dynamics.ServiceUniversalScheduling.Plugins.GetBookableResources, Microsoft.Dynamics.ServiceUniversalScheduling.Plugins, Version=1.0.0.0, Culture=neutral, PublicKeyToken=31bf3856ad364e35</PluginTypeName>
      <PluginTypeId>9d042b23-6060-43e1-a160-1817e34aafe8</PluginTypeId>
      <AsyncAutoDelete>0</AsyncAutoDelete>
      <Description>msdyn_GetBookableResources</Description>
      <FilteringAttributes></FilteringAttributes>
      <InvocationSource>0</InvocationSource>
      <Mode>0</Mode>
      <Rank>2</Rank>
      <SdkMessageId>{51bfbf59-2136-42d4-90a8-e9e8611e1d97}</SdkMessageId>
      <EventHandlerTypeCode>4602</EventHandlerTypeCode>
      <Stage>40</Stage>
      <IsCustomizable>1</IsCustomizable>
      <IsHidden>0</IsHidden>
      <SupportedDeployment>0</SupportedDeployment>
      <IntroducedVersion>1.0.0.0</IntroducedVersion>
      <SdkMessageProcessingStepImages />
    </SdkMessageProcessingStep>
  </SdkMessageProcessingSteps>
  <EntityDataProviders />
  <Languages>
    <Language>1033</Language>
  </Languages>
</ImportExportXml>