<msdyn_notificationfield msdyn_uniquename="extn_comment">
  <iscustomizable>1</iscustomizable>
  <msdyn_name default="DCCP Sample message">
    <label description="DCCP Sample message" languagecode="1033" />
  </msdyn_name>
  <msdyn_title default="Comment">
    <label description="Comment" languagecode="1033" />
  </msdyn_title>
  <msdyn_value default="{extn_comment}">
    <label description="{extn_comment}" languagecode="1033" />
  </msdyn_value>
  <statecode>0</statecode>
  <statuscode>1</statuscode>
</msdyn_notificationfield>