<msdyn_applicationtabtemplate msdyn_uniquename="extn_customcontactsearchpage">
  <iscustomizable>1</iscustomizable>
  <msdyn_name default="samplecustompage">
    <label description="samplecustompage" languagecode="1033" />
  </msdyn_name>
  <msdyn_pagetype>509180007</msdyn_pagetype>
  <msdyn_pinned>0</msdyn_pinned>
  <msdyn_templateparameters>{"name":{"value":"extn_customsearch_c76f9"},"entityName":{"value":null},"recordId":{"value":null}}</msdyn_templateparameters>
  <msdyn_title default="ContactSearch">
    <label description="ContactSearch" languagecode="1033" />
  </msdyn_title>
  <statecode>0</statecode>
  <statuscode>1</statuscode>
</msdyn_applicationtabtemplate>