<appaction uniquename="extn__AddtoContosoInv!0c25da88d6cb432f94c385504ed5fd9d!msdyn_CustomerServiceWorkspace!incident!0">
  <appmoduleid>
    <uniquename>msdyn_CustomerServiceWorkspace</uniquename>
  </appmoduleid>
  <buttonlabeltext default="Add to Contoso Inv">
    <label description="Add to Contoso Inv" languagecode="1033" />
  </buttonlabeltext>
  <context>1</context>
  <contextentity>
    <logicalname>incident</logicalname>
  </contextentity>
  <contextvalue>incident</contextvalue>
  <fonticon>$clientsvg:Flow</fonticon>
  <hidden>0</hidden>
  <iscustomizable>1</iscustomizable>
  <isdisabled>0</isdisabled>
  <isgrouptitlehidden>0</isgrouptitlehidden>
  <location>0</location>
  <name>AddtoContosoInv!0c25da88d6cb432f94c385504ed5fd9d</name>
  <onclickeventjavascriptfunctionname>CommandAddCase</onclickeventjavascriptfunctionname>
  <onclickeventjavascriptparameters>[{"type":5}]</onclickeventjavascriptparameters>
  <onclickeventjavascriptwebresourceid>
    <webresourceid>771b3c02-e7a0-ee11-be37-00224805c6d4</webresourceid>
  </onclickeventjavascriptwebresourceid>
  <onclickeventtype>2</onclickeventtype>
  <origin>0</origin>
  <sequence>100100001.0000000000</sequence>
  <statecode>0</statecode>
  <statuscode>1</statuscode>
  <type>0</type>
  <visibilitytype>0</visibilitytype>
</appaction>