<ImportExportXml version="9.2.24044.222" SolutionPackageVersion="9.2" languagecode="1033" generatedBy="CrmLive" xmlns:xsi="http://www.w3.org/2001/XMLSchema-instance">
  <SolutionManifest>
    <UniqueName>DCCPChannelIntegrationFramework</UniqueName>
    <LocalizedNames>
      <LocalizedName description="DCCP Channel Integration Framework" languagecode="1033" />
    </LocalizedNames>
    <Descriptions />
    <Version>1.0.0.6</Version>
    <Managed>1</Managed>
    <Publisher>
      <UniqueName>DefaultPublisheroptimize25dccpdev</UniqueName>
      <LocalizedNames>
        <LocalizedName description="Default Publisher for optimize25dccpdev" languagecode="1033" />
      </LocalizedNames>
      <Descriptions>
        <Description description="Default publisher for this organization" languagecode="1033" />
      </Descriptions>
      <EMailAddress xsi:nil="true"></EMailAddress>
      <SupportingWebsiteUrl xsi:nil="true"></SupportingWebsiteUrl>
      <CustomizationPrefix>extn</CustomizationPrefix>
      <CustomizationOptionValuePrefix>10000</CustomizationOptionValuePrefix>
      <Addresses>
        <Address>
          <AddressNumber>1</AddressNumber>
          <AddressTypeCode xsi:nil="true"></AddressTypeCode>
          <City xsi:nil="true"></City>
          <County xsi:nil="true"></County>
          <Country xsi:nil="true"></Country>
          <Fax xsi:nil="true"></Fax>
          <FreightTermsCode xsi:nil="true"></FreightTermsCode>
          <ImportSequenceNumber xsi:nil="true"></ImportSequenceNumber>
          <Latitude xsi:nil="true"></Latitude>
          <Line1 xsi:nil="true"></Line1>
          <Line2 xsi:nil="true"></Line2>
          <Line3 xsi:nil="true"></Line3>
          <Longitude xsi:nil="true"></Longitude>
          <Name xsi:nil="true"></Name>
          <PostalCode xsi:nil="true"></PostalCode>
          <PostOfficeBox xsi:nil="true"></PostOfficeBox>
          <PrimaryContactName xsi:nil="true"></PrimaryContactName>
          <ShippingMethodCode xsi:nil="true"></ShippingMethodCode>
          <StateOrProvince xsi:nil="true"></StateOrProvince>
          <Telephone1 xsi:nil="true"></Telephone1>
          <Telephone2 xsi:nil="true"></Telephone2>
          <Telephone3 xsi:nil="true"></Telephone3>
          <TimeZoneRuleVersionNumber xsi:nil="true"></TimeZoneRuleVersionNumber>
          <UPSZone xsi:nil="true"></UPSZone>
          <UTCOffset xsi:nil="true"></UTCOffset>
          <UTCConversionTimeZoneCode xsi:nil="true"></UTCConversionTimeZoneCode>
        </Address>
        <Address>
          <AddressNumber>2</AddressNumber>
          <AddressTypeCode xsi:nil="true"></AddressTypeCode>
          <City xsi:nil="true"></City>
          <County xsi:nil="true"></County>
          <Country xsi:nil="true"></Country>
          <Fax xsi:nil="true"></Fax>
          <FreightTermsCode xsi:nil="true"></FreightTermsCode>
          <ImportSequenceNumber xsi:nil="true"></ImportSequenceNumber>
          <Latitude xsi:nil="true"></Latitude>
          <Line1 xsi:nil="true"></Line1>
          <Line2 xsi:nil="true"></Line2>
          <Line3 xsi:nil="true"></Line3>
          <Longitude xsi:nil="true"></Longitude>
          <Name xsi:nil="true"></Name>
          <PostalCode xsi:nil="true"></PostalCode>
          <PostOfficeBox xsi:nil="true"></PostOfficeBox>
          <PrimaryContactName xsi:nil="true"></PrimaryContactName>
          <ShippingMethodCode xsi:nil="true"></ShippingMethodCode>
          <StateOrProvince xsi:nil="true"></StateOrProvince>
          <Telephone1 xsi:nil="true"></Telephone1>
          <Telephone2 xsi:nil="true"></Telephone2>
          <Telephone3 xsi:nil="true"></Telephone3>
          <TimeZoneRuleVersionNumber xsi:nil="true"></TimeZoneRuleVersionNumber>
          <UPSZone xsi:nil="true"></UPSZone>
          <UTCOffset xsi:nil="true"></UTCOffset>
          <UTCConversionTimeZoneCode xsi:nil="true"></UTCConversionTimeZoneCode>
        </Address>
      </Addresses>
    </Publisher>
    <RootComponents>
      <RootComponent type="61" schemaName="extn_/sample/stylesheet.css" behavior="0" />
      <RootComponent type="61" schemaName="extn_/sample/vnb_cif_chat_png" behavior="0" />
      <RootComponent type="61" schemaName="extn_/sample/vnb_cif_voice_png" behavior="0" />
      <RootComponent type="61" schemaName="extn_/sample/vnb_white_png" behavior="0" />
      <RootComponent type="61" schemaName="extn_sample/cifscript.js" behavior="0" />
      <RootComponent type="61" schemaName="extn_sample/signalRadaptor.js" behavior="0" />
      <RootComponent type="61" schemaName="extn_sample/vnb_cif_signalr_html" behavior="0" />
      <RootComponent type="300" schemaName="extn_customsearch_c76f9" behavior="0" />
    </RootComponents>
    <MissingDependencies>
      <MissingDependency>
        <Required type="msdyn_applicationextension" displayName="msdyn_CIFV2Loader" solution="msdyn_CIFrameworkPatch (9.2.24043.2005)" id.msdyn_uniquename="msdyn_CIFV2Loader">
          <package>ChannelIntegrationFramework (9.2.2.40)</package>
          <package>msdyn_AppProfileManagerAnchor (10.1.24043.2007)</package>
        </Required>
        <Dependent type="msdyn_appconfiguration_applicationextension" displayName="msdyn_appconfigurationid.msdyn_uniquename=extn_cif2simulator,msdyn_applicationextensionid.msdyn_uniquename=msdyn_CIFV2Loader" id.msdyn_appconfigurationid.msdyn_uniquename="extn_cif2simulator" id.msdyn_applicationextensionid.msdyn_uniquename="msdyn_CIFV2Loader" />
      </MissingDependency>
      <MissingDependency>
        <Required type="msdyn_applicationextension" displayName="pp_loader" solution="msdyn_ProductivityPaneComponent (9.2.24045.1007)" id.msdyn_uniquename="pp_loader">
          <package>AgentProductivityToolsAnchor (9.2.24045.1007)</package>
        </Required>
        <Dependent type="msdyn_appconfiguration_applicationextension" displayName="msdyn_appconfigurationid.msdyn_uniquename=extn_cif2simulator,msdyn_applicationextensionid.msdyn_uniquename=pp_loader" id.msdyn_appconfigurationid.msdyn_uniquename="extn_cif2simulator" id.msdyn_applicationextensionid.msdyn_uniquename="pp_loader" />
      </MissingDependency>
      <MissingDependency>
        <Required type="msdyn_channelprovider" displayName="msdyn_omnichannel" solution="OmnichannelBase (1.10.0.81)" id.msdyn_uniquename="msdyn_omnichannel">
          <package>OmnichannelPrimeChatAnchor (1.5.26.54)</package>
          <package>OmnichannelPrimeFacebookAnchor (1.5.26.13)</package>
          <package>OmnichannelPrimeOutboundAnchor (1.5.26.22)</package>
          <package>OmnichannelPrimeSMSAnchor (1.5.26.49)</package>
          <package>OmnichannelPrimeSocialChannelsAnchor (1.5.26.24)</package>
          <package>OmnichannelPrimeTeams (1.5.26.22)</package>
          <package>OmnichannelPrimeTelephony (1.5.26.184)</package>
          <package>UnifiedRoutingPrimeAnchor (1.5.26.107)</package>
        </Required>
        <Dependent type="msdyn_channelprovider" displayName="msdyn_omnichannel" id.msdyn_uniquename="msdyn_omnichannel" />
      </MissingDependency>
    </MissingDependencies>
  </SolutionManifest>
</ImportExportXml>