<ImportExportXml version="9.2.24111.222" SolutionPackageVersion="9.2" languagecode="1033" generatedBy="CrmLive" xmlns:xsi="http://www.w3.org/2001/XMLSchema-instance" OrganizationVersion="9.2.24111.222" OrganizationSchemaType="Full" CRMServerServiceabilityVersion="9.2.24111.00222">
  <SolutionManifest>
    <UniqueName>VendorIntegration</UniqueName>
    <LocalizedNames>
      <LocalizedName description="Vendor Admin Self-Service" languagecode="1033" />
    </LocalizedNames>
    <Descriptions>
      <Description description="This solution contains the components needed in Dataverse to facilitate the Vendor Admin Self-Service solution from Optimize25. All code and components are as-is, and this is not a Microsoft first-party product." languagecode="1033" />
    </Descriptions>
    <Version>1.1.0.0</Version>
    <Managed>0</Managed>
    <Publisher>
      <UniqueName>Optimize25Frontline</UniqueName>
      <LocalizedNames>
        <LocalizedName description="Optimize25 Frontline" languagecode="1033" />
      </LocalizedNames>
      <Descriptions>
        <Description description="" languagecode="1033" />
      </Descriptions>
      <EMailAddress xsi:nil="true"></EMailAddress>
      <SupportingWebsiteUrl xsi:nil="true"></SupportingWebsiteUrl>
      <CustomizationPrefix>o25fs</CustomizationPrefix>
      <CustomizationOptionValuePrefix>80895</CustomizationOptionValuePrefix>
      <Addresses>
        <Address>
          <AddressNumber>1</AddressNumber>
          <AddressTypeCode>1</AddressTypeCode>
          <City xsi:nil="true"></City>
          <County xsi:nil="true"></County>
          <Country xsi:nil="true"></Country>
          <Fax xsi:nil="true"></Fax>
          <FreightTermsCode xsi:nil="true"></FreightTermsCode>
          <ImportSequenceNumber xsi:nil="true"></ImportSequenceNumber>
          <Latitude xsi:nil="true"></Latitude>
          <Line1 xsi:nil="true"></Line1>
          <Line2 xsi:nil="true"></Line2>
          <Line3 xsi:nil="true"></Line3>
          <Longitude xsi:nil="true"></Longitude>
          <Name xsi:nil="true"></Name>
          <PostalCode xsi:nil="true"></PostalCode>
          <PostOfficeBox xsi:nil="true"></PostOfficeBox>
          <PrimaryContactName xsi:nil="true"></PrimaryContactName>
          <ShippingMethodCode>1</ShippingMethodCode>
          <StateOrProvince xsi:nil="true"></StateOrProvince>
          <Telephone1 xsi:nil="true"></Telephone1>
          <Telephone2 xsi:nil="true"></Telephone2>
          <Telephone3 xsi:nil="true"></Telephone3>
          <TimeZoneRuleVersionNumber xsi:nil="true"></TimeZoneRuleVersionNumber>
          <UPSZone xsi:nil="true"></UPSZone>
          <UTCOffset xsi:nil="true"></UTCOffset>
          <UTCConversionTimeZoneCode xsi:nil="true"></UTCConversionTimeZoneCode>
        </Address>
        <Address>
          <AddressNumber>2</AddressNumber>
          <AddressTypeCode>1</AddressTypeCode>
          <City xsi:nil="true"></City>
          <County xsi:nil="true"></County>
          <Country xsi:nil="true"></Country>
          <Fax xsi:nil="true"></Fax>
          <FreightTermsCode xsi:nil="true"></FreightTermsCode>
          <ImportSequenceNumber xsi:nil="true"></ImportSequenceNumber>
          <Latitude xsi:nil="true"></Latitude>
          <Line1 xsi:nil="true"></Line1>
          <Line2 xsi:nil="true"></Line2>
          <Line3 xsi:nil="true"></Line3>
          <Longitude xsi:nil="true"></Longitude>
          <Name xsi:nil="true"></Name>
          <PostalCode xsi:nil="true"></PostalCode>
          <PostOfficeBox xsi:nil="true"></PostOfficeBox>
          <PrimaryContactName xsi:nil="true"></PrimaryContactName>
          <ShippingMethodCode>1</ShippingMethodCode>
          <StateOrProvince xsi:nil="true"></StateOrProvince>
          <Telephone1 xsi:nil="true"></Telephone1>
          <Telephone2 xsi:nil="true"></Telephone2>
          <Telephone3 xsi:nil="true"></Telephone3>
          <TimeZoneRuleVersionNumber xsi:nil="true"></TimeZoneRuleVersionNumber>
          <UPSZone xsi:nil="true"></UPSZone>
          <UTCOffset xsi:nil="true"></UTCOffset>
          <UTCConversionTimeZoneCode xsi:nil="true"></UTCConversionTimeZoneCode>
        </Address>
      </Addresses>
    </Publisher>
    <RootComponents>
      <RootComponent type="1" schemaName="bookableresource" behavior="1" />
      <RootComponent type="1" schemaName="characteristic" behavior="1" />
      <RootComponent type="1" schemaName="contact" behavior="2" />
      <RootComponent type="1" schemaName="msdyn_organizationalunit" behavior="1" />
      <RootComponent type="1" schemaName="msdyn_warehouse" behavior="1" />
      <RootComponent type="1" schemaName="o25fs_vendorcharacteristic" behavior="0" />
      <RootComponent type="1" schemaName="ratingvalue" behavior="1" />
      <RootComponent type="20" id="{50277171-59a7-ef11-8a6a-000d3a5cc0a9}" behavior="0" />
      <RootComponent type="20" id="{70bdf4a2-ceb0-ef11-b8e8-000d3a59d659}" behavior="0" />
      <RootComponent type="29" id="{242a38e3-dab0-ef11-b8e8-000d3a59d659}" behavior="0" />
      <RootComponent type="29" id="{6f35b8c3-34a2-ef11-8a69-000d3a59d659}" behavior="0" />
      <RootComponent type="29" id="{cfbcb0f9-80ab-ef11-b8e9-000d3a5cc0a9}" behavior="0" />
      <RootComponent type="62" schemaName="o25fs_VendorAdministration" behavior="0" />
      <RootComponent type="80" schemaName="o25fs_VendorAdministration" behavior="0" />
      <RootComponent type="91" id="{2468dab7-5822-4552-8315-aab4b6598917}" schemaName="FieldService.Optimize25.SetupVendorUser, Version=1.0.0.0, Culture=neutral, PublicKeyToken=f5a380ba15e41084" behavior="0" />
      <RootComponent type="92" id="{bc8d80e0-d5a2-ef11-8a6a-000d3a5cc0a9}" behavior="0" />
    </RootComponents>
    <MissingDependencies>
      <MissingDependency>
        <Required type="1" schemaName="bookableresource" displayName="Bookable Resource" solution="msdynce_Scheduling (9.0.0.0)" />
        <Dependent type="1" schemaName="bookableresource" displayName="Bookable Resource" />
      </MissingDependency>
      <MissingDependency>
        <Required type="1" schemaName="bookableresource" displayName="Bookable Resource" solution="msdynce_Scheduling (9.0.0.0)" />
        <Dependent type="60" displayName="Work Hours Form" parentDisplayName="Bookable Resource" id="{be117c6f-55ab-ef11-b8e8-000d3a59d659}" />
      </MissingDependency>
      <MissingDependency>
        <Required type="1" schemaName="bookableresource" displayName="Bookable Resource" solution="msdynce_Scheduling (9.0.0.0)" />
        <Dependent type="80" schemaName="o25fs_VendorAdministration" displayName="Vendor Administration" />
      </MissingDependency>
      <MissingDependency>
        <Required type="1" schemaName="characteristic" displayName="Characteristic" solution="msdynce_Scheduling (9.0.0.0)" />
        <Dependent type="1" schemaName="characteristic" displayName="Characteristic" />
      </MissingDependency>
      <MissingDependency>
        <Required type="1" schemaName="msdyn_organizationalunit" displayName="Organizational Unit" solution="MicrosoftDynamicsScheduling (3.12.0.448)">
          <package>FieldService_Anchor (8.8.129.177)</package>
        </Required>
        <Dependent type="1" schemaName="msdyn_organizationalunit" displayName="Organizational Unit" />
      </MissingDependency>
      <MissingDependency>
        <Required type="1" schemaName="msdyn_warehouse" displayName="Warehouse" solution="FieldServiceCommon (1.0.0.882)">
          <package>FieldService_Anchor (8.8.129.177)</package>
        </Required>
        <Dependent type="1" schemaName="msdyn_warehouse" displayName="Warehouse" />
      </MissingDependency>
      <MissingDependency>
        <Required type="1" schemaName="ratingvalue" displayName="Rating Value" solution="msdynce_Scheduling (9.0.0.0)" />
        <Dependent type="1" schemaName="ratingvalue" displayName="Rating Value" />
      </MissingDependency>
      <MissingDependency>
        <Required type="10" schemaName="msdyn_bookableresource_msdyn_bookableresourceassociation_Resource1" displayName="msdyn_bookableresource_msdyn_bookableresourceassociation_Resource1" parentSchemaName="bookableresource" parentDisplayName="Bookable Resource" solution="MicrosoftDynamicsScheduling (3.12.0.448)">
          <package>FieldService_Anchor (8.8.129.177)</package>
        </Required>
        <Dependent type="60" displayName="Work Hours Form" parentDisplayName="Bookable Resource" id="{be117c6f-55ab-ef11-b8e8-000d3a59d659}" />
      </MissingDependency>
      <MissingDependency>
        <Required type="10" schemaName="msdyn_bookableresource_msdyn_bookableresourceassociation_Resource2" displayName="msdyn_bookableresource_msdyn_bookableresourceassociation_Resource2" parentSchemaName="bookableresource" parentDisplayName="Bookable Resource" solution="MicrosoftDynamicsScheduling (3.12.0.448)">
          <package>FieldService_Anchor (8.8.129.177)</package>
        </Required>
        <Dependent type="60" displayName="Work Hours Form" parentDisplayName="Bookable Resource" id="{be117c6f-55ab-ef11-b8e8-000d3a59d659}" />
      </MissingDependency>
      <MissingDependency>
        <Required type="10" schemaName="msdyn_bookableresource_msdyn_resourceterritory_Resource" displayName="msdyn_bookableresource_msdyn_resourceterritory_Resource" parentSchemaName="bookableresource" parentDisplayName="Bookable Resource" solution="MicrosoftDynamicsScheduling (3.12.0.448)">
          <package>FieldService_Anchor (8.8.129.177)</package>
        </Required>
        <Dependent type="60" displayName="Work Hours Form" parentDisplayName="Bookable Resource" id="{be117c6f-55ab-ef11-b8e8-000d3a59d659}" />
      </MissingDependency>
      <MissingDependency>
        <Required type="10" schemaName="msdyn_bookableresource_msdyn_timeoffrequest_Resource" displayName="msdyn_bookableresource_msdyn_timeoffrequest_Resource" parentSchemaName="bookableresource" parentDisplayName="Bookable Resource" solution="FieldService (8.8.0.88)">
          <package>FieldService_Anchor (8.8.129.177)</package>
        </Required>
        <Dependent type="60" displayName="Work Hours Form" parentDisplayName="Bookable Resource" id="{be117c6f-55ab-ef11-b8e8-000d3a59d659}" />
      </MissingDependency>
      <MissingDependency>
        <Required type="2" schemaName="calendarid" displayName="Calendar" parentSchemaName="bookableresource" parentDisplayName="Bookable Resource" solution="msdynce_Scheduling (9.0.0.0)" />
        <Dependent type="60" displayName="Work Hours Form" parentDisplayName="Bookable Resource" id="{be117c6f-55ab-ef11-b8e8-000d3a59d659}" />
      </MissingDependency>
      <MissingDependency>
        <Required type="2" schemaName="msdyn_displayonscheduleboard" displayName="Display On Schedule Board" parentSchemaName="bookableresource" parentDisplayName="Bookable Resource" solution="MicrosoftDynamicsScheduling (3.12.0.448)">
          <package>FieldService_Anchor (8.8.129.177)</package>
        </Required>
        <Dependent type="60" displayName="Work Hours Form" parentDisplayName="Bookable Resource" id="{be117c6f-55ab-ef11-b8e8-000d3a59d659}" />
      </MissingDependency>
      <MissingDependency>
        <Required type="2" schemaName="name" displayName="Name" parentSchemaName="bookableresource" parentDisplayName="Bookable Resource" solution="msdynce_Scheduling (9.0.0.0)" />
        <Dependent type="10" schemaName="o25fs_contact_BookableResourceId_bookableresource" displayName="o25fs_contact_BookableResourceId_bookableresource" parentSchemaName="bookableresource" parentDisplayName="Bookable Resource" />
      </MissingDependency>
      <MissingDependency>
        <Required type="2" schemaName="name" displayName="Name" parentSchemaName="bookableresource" parentDisplayName="Bookable Resource" solution="msdynce_Scheduling (9.0.0.0)" />
        <Dependent type="60" displayName="Work Hours Form" parentDisplayName="Bookable Resource" id="{be117c6f-55ab-ef11-b8e8-000d3a59d659}" />
      </MissingDependency>
      <MissingDependency>
        <Required type="2" schemaName="resourcetype" displayName="Resource Type" parentSchemaName="bookableresource" parentDisplayName="Bookable Resource" solution="msdynce_Scheduling (9.0.0.0)" />
        <Dependent type="60" displayName="Work Hours Form" parentDisplayName="Bookable Resource" id="{be117c6f-55ab-ef11-b8e8-000d3a59d659}" />
      </MissingDependency>
      <MissingDependency>
        <Required type="2" schemaName="timezone" displayName="Time Zone" parentSchemaName="bookableresource" parentDisplayName="Bookable Resource" solution="msdynce_Scheduling (9.0.0.0)" />
        <Dependent type="60" displayName="Work Hours Form" parentDisplayName="Bookable Resource" id="{be117c6f-55ab-ef11-b8e8-000d3a59d659}" />
      </MissingDependency>
      <MissingDependency>
        <Required type="2" schemaName="name" displayName="Name" parentSchemaName="characteristic" parentDisplayName="Characteristic" solution="msdynce_Scheduling (9.0.0.0)" />
        <Dependent type="10" schemaName="o25fs_vendorcharacteristic_CharacteristicId_characteristic" displayName="o25fs_vendorcharacteristic_CharacteristicId_characteristic" parentSchemaName="characteristic" parentDisplayName="Characteristic" />
      </MissingDependency>
      <MissingDependency>
        <Required type="2" schemaName="msdyn_name" displayName="Name" parentSchemaName="msdyn_organizationalunit" parentDisplayName="Organizational Unit" solution="MicrosoftDynamicsScheduling (3.12.0.448)">
          <package>FieldService_Anchor (8.8.129.177)</package>
        </Required>
        <Dependent type="10" schemaName="o25fs_contact_OrganizationalUnitId_msdyn_organizationalunit" displayName="o25fs_contact_OrganizationalUnitId_msdyn_organizationalunit" parentSchemaName="msdyn_organizationalunit" parentDisplayName="Organizational Unit" />
      </MissingDependency>
      <MissingDependency>
        <Required type="2" schemaName="msdyn_name" displayName="Name" parentSchemaName="msdyn_warehouse" parentDisplayName="Warehouse" solution="FieldServiceCommon (1.0.0.882)">
          <package>FieldService_Anchor (8.8.129.177)</package>
        </Required>
        <Dependent type="10" schemaName="o25fs_contact_WarehouseId_msdyn_warehouse" displayName="o25fs_contact_WarehouseId_msdyn_warehouse" parentSchemaName="msdyn_warehouse" parentDisplayName="Warehouse" />
      </MissingDependency>
      <MissingDependency>
        <Required type="2" schemaName="name" displayName="Name" parentSchemaName="ratingvalue" parentDisplayName="Rating Value" solution="msdynce_Scheduling (9.0.0.0)" />
        <Dependent type="10" schemaName="o25fs_vendorcharacteristic_RatingValueId_ratingvalue" displayName="o25fs_vendorcharacteristic_RatingValueId_ratingvalue" parentSchemaName="ratingvalue" parentDisplayName="Rating Value" />
      </MissingDependency>
      <MissingDependency>
        <Required type="61" schemaName="msdyn_/BookableResource/FS.BookableResource.Library.js" displayName="msdyn_/BookableResource/FS.BookableResource.Library.js" solution="FieldService (8.8.0.88)">
          <package>FieldService_Anchor (8.8.129.177)</package>
        </Required>
        <Dependent type="60" displayName="Work Hours Form" parentDisplayName="Bookable Resource" id="{be117c6f-55ab-ef11-b8e8-000d3a59d659}" />
      </MissingDependency>
      <MissingDependency>
        <Required type="61" schemaName="msdyn_/Contact/Contact.Library.js" displayName="msdyn_/Contact/Contact.Library.js" solution="FieldService (8.8.0.88)">
          <package>FieldService_Anchor (8.8.129.177)</package>
        </Required>
        <Dependent type="60" displayName="Vendor Admin Form" parentDisplayName="Contact" id="{60fdd8d9-21a2-ef11-8a6a-000d3a5cc0a9}" />
      </MissingDependency>
      <MissingDependency>
        <Required type="61" schemaName="msdyn_/fps/BookableResource/BookableResource.Library.js" displayName="msdyn_/fps/BookableResource/BookableResource.Library.js" solution="MicrosoftDynamicsScheduling (3.12.0.448)">
          <package>FieldService_Anchor (8.8.129.177)</package>
        </Required>
        <Dependent type="60" displayName="Work Hours Form" parentDisplayName="Bookable Resource" id="{be117c6f-55ab-ef11-b8e8-000d3a59d659}" />
      </MissingDependency>
      <MissingDependency>
        <Required type="61" schemaName="msdyn_/fps/Icons/Entity/OrganizationalUnit.svg" displayName="msdyn_/fps/Icons/Entity/OrganizationalUnit.svg" solution="MicrosoftDynamicsScheduling (3.12.0.448)">
          <package>FieldService_Anchor (8.8.129.177)</package>
        </Required>
        <Dependent type="1" schemaName="msdyn_organizationalunit" displayName="Organizational Unit" />
      </MissingDependency>
      <MissingDependency>
        <Required type="61" schemaName="msdyn_/fps/Icons/Entity/OrganizationalUnits_32.png" displayName="msdyn_/fps/Icons/Entity/OrganizationalUnits_32.png" solution="MicrosoftDynamicsScheduling (3.12.0.448)">
          <package>FieldService_Anchor (8.8.129.177)</package>
        </Required>
        <Dependent type="1" schemaName="msdyn_organizationalunit" displayName="Organizational Unit" />
      </MissingDependency>
      <MissingDependency>
        <Required type="61" schemaName="msdyn_/Images/AppModule_Default_Icon.png" displayName="msdyn_/Images/AppModule_Default_Icon.png" solution="AppModuleWebResources (2.5)" />
        <Dependent type="80" schemaName="o25fs_VendorAdministration" displayName="Vendor Administration" />
      </MissingDependency>
      <MissingDependency>
        <Required type="61" schemaName="msdyn_/Scripts/WhoKnowsWhomLoader.js" displayName="msdyn_/Scripts/WhoKnowsWhomLoader.js" solution="msdyn_connectiongraph (9.3.24111.10002)">
          <package>msdynce_SalesInsightsAnchor (9.0.24111.10007)</package>
        </Required>
        <Dependent type="60" displayName="Vendor Admin Form" parentDisplayName="Contact" id="{60fdd8d9-21a2-ef11-8a6a-000d3a5cc0a9}" />
      </MissingDependency>
      <MissingDependency>
        <Required type="61" schemaName="msdyn_SalesOmniChannel/SalesPhoneNumber.Library.js" displayName="msdyn_SalesOmniChannel/SalesPhoneNumber.Library.js" solution="msdyn_SalesOmniChannel (9.1.24111.10004)">
          <package>msdyn_AcceleratedSalesAnchor (9.1.24111.10004)</package>
        </Required>
        <Dependent type="60" displayName="Vendor Admin Form" parentDisplayName="Contact" id="{60fdd8d9-21a2-ef11-8a6a-000d3a5cc0a9}" />
      </MissingDependency>
      <MissingDependency>
        <Required type="61" schemaName="msdyn_talkingpointsloader.js" displayName="msdyn_talkingpointsloader.js" solution="msdynce_Talkingpoints (9.1.0.59)">
          <package>msdynce_SalesInsightsAnchor (9.0.24111.10007)</package>
        </Required>
        <Dependent type="60" displayName="Vendor Admin Form" parentDisplayName="Contact" id="{60fdd8d9-21a2-ef11-8a6a-000d3a5cc0a9}" />
      </MissingDependency>
      <MissingDependency>
        <Required type="61" schemaName="Scheduling/BookableResource/BookableResource_main_system_library.js" displayName="Scheduling/BookableResource/BookableResource_main_system_library.js" solution="msdynce_Scheduling (9.0.0.0)" />
        <Dependent type="60" displayName="Work Hours Form" parentDisplayName="Bookable Resource" id="{be117c6f-55ab-ef11-b8e8-000d3a59d659}" />
      </MissingDependency>
      <MissingDependency>
        <Required type="66" schemaName="Microsoft.AddressInputUCI" displayName="Microsoft.AddressInputUCI" solution="BaseCustomControlsCore (9.0.2411.1009)">
          <package>BaseCustomControlsCore (9.0.2411.1009)</package>
        </Required>
        <Dependent type="60" displayName="Vendor Admin Form" parentDisplayName="Contact" id="{60fdd8d9-21a2-ef11-8a6a-000d3a5cc0a9}" />
      </MissingDependency>
      <MissingDependency>
        <Required type="66" schemaName="MscrmControls.FieldControls.ToggleControl" displayName="MscrmControls.FieldControls.ToggleControl" solution="BaseCustomControlsCore (9.0.2411.1009)">
          <package>BaseCustomControlsCore (9.0.2411.1009)</package>
        </Required>
        <Dependent type="60" displayName="Vendor Admin Form" parentDisplayName="Contact" id="{60fdd8d9-21a2-ef11-8a6a-000d3a5cc0a9}" />
      </MissingDependency>
      <MissingDependency>
        <Required type="66" schemaName="MscrmControls.ModelForm.ModelFormControl" displayName="MscrmControls.ModelForm.ModelFormControl" solution="BaseCustomControlsCore (9.0.2411.1009)">
          <package>BaseCustomControlsCore (9.0.2411.1009)</package>
        </Required>
        <Dependent type="60" displayName="Vendor Admin Form" parentDisplayName="Contact" id="{60fdd8d9-21a2-ef11-8a6a-000d3a5cc0a9}" />
      </MissingDependency>
      <MissingDependency>
        <Required type="66" schemaName="MscrmControls.WorkHourControlV2.WorkHourControlV2" displayName="MscrmControls.WorkHourControlV2.WorkHourControlV2" solution="msdyn_UCICalendar (1.0.0.4465)">
          <package>msdyn_TimelineExtended (1.0.0.1587)</package>
        </Required>
        <Dependent type="60" displayName="Work Hours Form" parentDisplayName="Bookable Resource" id="{be117c6f-55ab-ef11-b8e8-000d3a59d659}" />
      </MissingDependency>
      <MissingDependency>
        <Required type="9" schemaName="msdyn_workstartlocationtype" displayName="Work Start Location Type" solution="MicrosoftDynamicsScheduling (3.12.0.448)">
          <package>FieldService_Anchor (8.8.129.177)</package>
        </Required>
        <Dependent type="2" schemaName="o25fs_endlocation" displayName="End Location" parentSchemaName="contact" parentDisplayName="Contact" />
      </MissingDependency>
      <MissingDependency>
        <Required type="9" schemaName="msdyn_workstartlocationtype" displayName="Work Start Location Type" solution="MicrosoftDynamicsScheduling (3.12.0.448)">
          <package>FieldService_Anchor (8.8.129.177)</package>
        </Required>
        <Dependent type="2" schemaName="o25fs_startlocation" displayName="Start Location" parentSchemaName="contact" parentDisplayName="Contact" />
      </MissingDependency>
      <MissingDependency>
        <Required type="SettingDefinition" displayName="AppChannel" solution="msdyn_AppFrameworkInfraExtensions (1.0.0.12)" id.uniquename="AppChannel">
          <package>PowerAppsAppFramework_Anchor (1.0.0.16)</package>
        </Required>
        <Dependent type="AppSetting" displayName="parentappmoduleid.uniquename=o25fs_VendorAdministration,settingdefinitionid.uniquename=AppChannel" id.parentappmoduleid.uniquename="o25fs_VendorAdministration" id.settingdefinitionid.uniquename="AppChannel" />
      </MissingDependency>
    </MissingDependencies>
  </SolutionManifest>
</ImportExportXml>