<ImportExportXml xmlns:xsi="http://www.w3.org/2001/XMLSchema-instance">
  <Entities></Entities>
  <Roles></Roles>
  <Workflows></Workflows>
  <FieldSecurityProfiles></FieldSecurityProfiles>
  <Templates />
  <EntityMaps />
  <EntityRelationships />
  <OrganizationSettings />
  <optionsets />
  <WebResources>
    <WebResource>
      <WebResourceId>{42a2dde5-c2ca-ee11-9079-00224805c003}</WebResourceId>
      <Name>extn_sample/vnb_cif_signalr_html</Name>
      <DisplayName>extn_/sample/vnb_cif_signalr_html</DisplayName>
      <WebResourceType>1</WebResourceType>
      <IntroducedVersion>1.0.0.5</IntroducedVersion>
      <IsEnabledForMobileClient>0</IsEnabledForMobileClient>
      <IsAvailableForMobileOffline>0</IsAvailableForMobileOffline>
      <DependencyXml>&lt;Dependencies&gt;&lt;Dependency componentType="WebResource"/&gt;&lt;/Dependencies&gt;</DependencyXml>
      <IsCustomizable>1</IsCustomizable>
      <CanBeDeleted>1</CanBeDeleted>
      <IsHidden>0</IsHidden>
      <FileName>/WebResources/extn_samplevnb_cif_signalr_html42A2DDE5-C2CA-EE11-9079-00224805C003</FileName>
    </WebResource>
    <WebResource>
      <WebResourceId>{b4abf00c-c3ca-ee11-9079-00224805c057}</WebResourceId>
      <Name>extn_sample/signalRadaptor.js</Name>
      <DisplayName>extn_/sample/signalRadaptor.js</DisplayName>
      <WebResourceType>3</WebResourceType>
      <IntroducedVersion>1.0.0.5</IntroducedVersion>
      <IsEnabledForMobileClient>0</IsEnabledForMobileClient>
      <IsAvailableForMobileOffline>0</IsAvailableForMobileOffline>
      <DependencyXml>&lt;Dependencies&gt;&lt;Dependency componentType="WebResource"/&gt;&lt;/Dependencies&gt;</DependencyXml>
      <IsCustomizable>1</IsCustomizable>
      <CanBeDeleted>1</CanBeDeleted>
      <IsHidden>0</IsHidden>
      <FileName>/WebResources/extn_samplesignalRadaptorjsB4ABF00C-C3CA-EE11-9079-00224805C057</FileName>
    </WebResource>
    <WebResource>
      <WebResourceId>{efcebfc2-20cb-ed11-b597-00224805c057}</WebResourceId>
      <Name>extn_/sample/stylesheet.css</Name>
      <DisplayName>extn_/sample/stylesheet.css</DisplayName>
      <WebResourceType>2</WebResourceType>
      <IntroducedVersion>1.0.0.0</IntroducedVersion>
      <IsEnabledForMobileClient>0</IsEnabledForMobileClient>
      <IsAvailableForMobileOffline>0</IsAvailableForMobileOffline>
      <IsCustomizable>1</IsCustomizable>
      <CanBeDeleted>1</CanBeDeleted>
      <IsHidden>0</IsHidden>
      <FileName>/WebResources/extn_samplestylesheetcssEFCEBFC2-20CB-ED11-B597-00224805C057</FileName>
    </WebResource>
    <WebResource>
      <WebResourceId>{bf46e924-c3ca-ee11-9079-00224805c6d4}</WebResourceId>
      <Name>extn_sample/cifscript.js</Name>
      <DisplayName>extn_/sample/cifscript.js</DisplayName>
      <WebResourceType>3</WebResourceType>
      <IntroducedVersion>1.0.0.5</IntroducedVersion>
      <IsEnabledForMobileClient>0</IsEnabledForMobileClient>
      <IsAvailableForMobileOffline>0</IsAvailableForMobileOffline>
      <DependencyXml>&lt;Dependencies&gt;&lt;Dependency componentType="WebResource"/&gt;&lt;/Dependencies&gt;</DependencyXml>
      <IsCustomizable>1</IsCustomizable>
      <CanBeDeleted>1</CanBeDeleted>
      <IsHidden>0</IsHidden>
      <FileName>/WebResources/extn_samplecifscriptjsBF46E924-C3CA-EE11-9079-00224805C6D4</FileName>
    </WebResource>
    <WebResource>
      <WebResourceId>{51e66c43-d309-ec11-b6e6-00224836ccc8}</WebResourceId>
      <Name>extn_/sample/vnb_cif_chat_png</Name>
      <DisplayName>extn_/sample/vnb_cif_chat_png</DisplayName>
      <WebResourceType>5</WebResourceType>
      <IntroducedVersion>1.0.0.0</IntroducedVersion>
      <IsEnabledForMobileClient>0</IsEnabledForMobileClient>
      <IsAvailableForMobileOffline>0</IsAvailableForMobileOffline>
      <DependencyXml>&lt;Dependencies&gt;&lt;Dependency componentType="WebResource"/&gt;&lt;/Dependencies&gt;</DependencyXml>
      <IsCustomizable>1</IsCustomizable>
      <CanBeDeleted>1</CanBeDeleted>
      <IsHidden>0</IsHidden>
      <FileName>/WebResources/extn_samplevnb_cif_chat_png51E66C43-D309-EC11-B6E6-00224836CCC8</FileName>
    </WebResource>
    <WebResource>
      <WebResourceId>{519b300b-d509-ec11-b6e6-00224836ccc8}</WebResourceId>
      <Name>extn_/sample/vnb_cif_voice_png</Name>
      <DisplayName>extn_/sample/vnb_cif_voice_png</DisplayName>
      <WebResourceType>5</WebResourceType>
      <IntroducedVersion>1.0.0.0</IntroducedVersion>
      <IsEnabledForMobileClient>0</IsEnabledForMobileClient>
      <IsAvailableForMobileOffline>0</IsAvailableForMobileOffline>
      <DependencyXml>&lt;Dependencies&gt;&lt;Dependency componentType="WebResource"/&gt;&lt;/Dependencies&gt;</DependencyXml>
      <IsCustomizable>1</IsCustomizable>
      <CanBeDeleted>1</CanBeDeleted>
      <IsHidden>0</IsHidden>
      <FileName>/WebResources/extn_samplevnb_cif_voice_png519B300B-D509-EC11-B6E6-00224836CCC8</FileName>
    </WebResource>
    <WebResource>
      <WebResourceId>{5c141b47-d509-ec11-b6e6-00224836ccc8}</WebResourceId>
      <Name>extn_/sample/vnb_white_png</Name>
      <DisplayName>extn_/sample/vnb_white_png</DisplayName>
      <WebResourceType>5</WebResourceType>
      <IntroducedVersion>1.0.0.0</IntroducedVersion>
      <IsEnabledForMobileClient>0</IsEnabledForMobileClient>
      <IsAvailableForMobileOffline>0</IsAvailableForMobileOffline>
      <DependencyXml>&lt;Dependencies&gt;&lt;Dependency componentType="WebResource"/&gt;&lt;/Dependencies&gt;</DependencyXml>
      <IsCustomizable>1</IsCustomizable>
      <CanBeDeleted>1</CanBeDeleted>
      <IsHidden>0</IsHidden>
      <FileName>/WebResources/extn_samplevnb_white_png5C141B47-D509-EC11-B6E6-00224836CCC8</FileName>
    </WebResource>
  </WebResources>
  <CustomControls />
  <EntityDataProviders />
  <CanvasApps>
    <CanvasApp>
      <Name>extn_customsearch_c76f9</Name>
      <AppVersion>2023-04-11T04:48:23Z</AppVersion>
      <Status>Ready</Status>
      <CreatedByClientVersion>3.23033.15.0</CreatedByClientVersion>
      <MinClientVersion>3.23033.15.0</MinClientVersion>
      <Tags>{"primaryDeviceWidth":"1366","primaryDeviceHeight":"768","supportsPortrait":"true","supportsLandscape":"true","primaryFormFactor":"Tablet","publisherVersion":"3.23033.15","minimumRequiredApiVersion":"2.2.0","hasComponent":"false","hasUnlockedComponent":"false","isUnifiedRootApp":"false","sienaVersion":"20230411T043720Z-3.23033.15.0"}</Tags>
      <IsCdsUpgraded>0</IsCdsUpgraded>
      <GalleryItemId xsi:nil="true"></GalleryItemId>
      <BackgroundColor>RGBA(0,176,240,1)</BackgroundColor>
      <DisplayName>CustomSearch</DisplayName>
      <Description xsi:nil="true"></Description>
      <CommitMessage xsi:nil="true"></CommitMessage>
      <Publisher xsi:nil="true"></Publisher>
      <AuthorizationReferences>[]</AuthorizationReferences>
      <ConnectionReferences>{}</ConnectionReferences>
      <DatabaseReferences>{"default.cds":{"databaseDetails":{"referenceType":"Environmental","environmentName":"default.cds","overrideValues":{"status":"NotSpecified"}},"dataSources":{"Contacts":{"entitySetName":"contacts","logicalName":"contact"},"Addresses":{"entitySetName":"customeraddresses","logicalName":"customeraddress"}}}}</DatabaseReferences>
      <AppComponents>[]</AppComponents>
      <AppComponentDependencies>[]</AppComponentDependencies>
      <CanConsumeAppPass>1</CanConsumeAppPass>
      <CanvasAppType>2</CanvasAppType>
      <BypassConsent>0</BypassConsent>
      <AdminControlBypassConsent>0</AdminControlBypassConsent>
      <EmbeddedApp xsi:nil="true"></EmbeddedApp>
      <IntroducedVersion>1.0</IntroducedVersion>
      <CdsDependencies>{"cdsdependencies":[{"logicalname":"contact","componenttype":1},{"logicalname":"customeraddress","componenttype":1}]}</CdsDependencies>
      <IsCustomizable>1</IsCustomizable>
      <BackgroundImageUri>/CanvasApps/extn_customsearch_c76f9_BackgroundImageUri</BackgroundImageUri>
      <DocumentUri>/CanvasApps/extn_customsearch_c76f9_DocumentUri.msapp</DocumentUri>
    </CanvasApp>
  </CanvasApps>
  <msdyn_appconfig_msdyn_channelproviderset>
    <msdyn_appconfig_msdyn_channelprovider msdyn_appconfigurationid.msdyn_uniquename="extn_cif2simulator" msdyn_channelproviderid.msdyn_uniquename="extn_cif2simulator">
      <iscustomizable>1</iscustomizable>
    </msdyn_appconfig_msdyn_channelprovider>
    <msdyn_appconfig_msdyn_channelprovider msdyn_appconfigurationid.msdyn_uniquename="extn_cif2simulator" msdyn_channelproviderid.msdyn_uniquename="msdyn_omnichannel">
      <iscustomizable>1</iscustomizable>
    </msdyn_appconfig_msdyn_channelprovider>
  </msdyn_appconfig_msdyn_channelproviderset>
  <msdyn_appconfiguration_applicationextensionset>
    <msdyn_appconfiguration_applicationextension msdyn_appconfigurationid.msdyn_uniquename="extn_cif2simulator" msdyn_applicationextensionid.msdyn_uniquename="msdyn_CIFV2Loader">
      <iscustomizable>1</iscustomizable>
    </msdyn_appconfiguration_applicationextension>
    <msdyn_appconfiguration_applicationextension msdyn_appconfigurationid.msdyn_uniquename="extn_cif2simulator" msdyn_applicationextensionid.msdyn_uniquename="pp_loader">
      <iscustomizable>1</iscustomizable>
    </msdyn_appconfiguration_applicationextension>
  </msdyn_appconfiguration_applicationextensionset>
  <msdyn_msdyn_paneconfig_msdyn_appconfigset>
    <msdyn_msdyn_paneconfig_msdyn_appconfig msdyn_appconfigurationid.msdyn_uniquename="extn_cif2simulator" msdyn_paneconfigurationid.msdyn_uniquename="extn_cif2simulator_pp">
      <iscustomizable>1</iscustomizable>
    </msdyn_msdyn_paneconfig_msdyn_appconfig>
  </msdyn_msdyn_paneconfig_msdyn_appconfigset>
  <msdyn_notificationtemplate_notificationfieldset>
    <msdyn_notificationtemplate_notificationfield msdyn_notificationfieldid.msdyn_uniquename="extn_comment" msdyn_notificationtemplateid.msdyn_uniquename="extn_voice_notification">
      <iscustomizable>1</iscustomizable>
    </msdyn_notificationtemplate_notificationfield>
    <msdyn_notificationtemplate_notificationfield msdyn_notificationfieldid.msdyn_uniquename="extn_phonenumber" msdyn_notificationtemplateid.msdyn_uniquename="extn_voice_notification">
      <iscustomizable>1</iscustomizable>
    </msdyn_notificationtemplate_notificationfield>
  </msdyn_notificationtemplate_notificationfieldset>
  <msdyn_sessiontemplate_applicationtabset>
    <msdyn_sessiontemplate_applicationtab msdyn_applicationtabtemplateid.msdyn_uniquename="extn_customer_tab" msdyn_sessiontemplateid.msdyn_uniquename="extn_voice_identified_session">
      <iscustomizable>1</iscustomizable>
    </msdyn_sessiontemplate_applicationtab>
  </msdyn_sessiontemplate_applicationtabset>
  <Languages>
    <Language>1033</Language>
  </Languages>
</ImportExportXml>