<msdyn_sessiontemplate msdyn_uniquename="extn_default_session">
  <iscustomizable>1</iscustomizable>
  <msdyn_anchortab>
    <msdyn_uniquename>extn_global_search</msdyn_uniquename>
  </msdyn_anchortab>
  <msdyn_enablebuildexpression>1</msdyn_enablebuildexpression>
  <msdyn_expressiondata>{"definition":{"$schema":"https://schema.management.azure.com/providers/Microsoft.Logic/schemas/2016-06-01/workflowdefinition.json","actions":{"Condition":{"type":"If","expression":{"and":[{"equals":["test","${userid}"]}]},"actions":{"Set_default_agent_script":{"type":"setcallscript","kind":"ACTIONS","inputs":{"callscriptId":"7d19c028-5f36-ee11-bdf4-00224805c6d4"},"runAfter":{}}},"runAfter":{},"else":{"actions":{"Set_default_agent_script_2":{"type":"setcallscript","kind":"ACTIONS","inputs":{"callscriptId":"414275b8-c697-40a3-ab5d-7610acc97a40"},"runAfter":{}}}}}},"parameters":{"$authentication":{"defaultValue":{},"type":"SecureObject"}},"triggers":{"Start evaluating expression  ":{"type":"start","inputs":{"schema":{"type":"object","required":[],"properties":{}}},"recurrence":{"interval":1,"frequency":"Hour"}}},"contentVersion":"1.0.0.0"}}</msdyn_expressiondata>
  <msdyn_name default="DCCP Sample Default Session">
    <label description="DCCP Sample Default Session" languagecode="1033" />
  </msdyn_name>
  <msdyn_panelstate>162450002</msdyn_panelstate>
  <msdyn_sessiontype>0</msdyn_sessiontype>
  <msdyn_title default="CIF 2.0 Simulator Home">
    <label description="CIF 2.0 Simulator Home" languagecode="1033" />
  </msdyn_title>
  <msdyn_type>0</msdyn_type>
  <statecode>0</statecode>
  <statuscode>1</statuscode>
</msdyn_sessiontemplate>