<environmentvariabledefinition schemaname="o25fs_AddToEntraIDGroupURI">
  <description default="The URI for the AddToEntraIDGroupURI API">
    <label description="The URI for the AddToEntraIDGroupURI API" languagecode="1033" />
  </description>
  <displayname default="Add To Entra ID Group URI">
    <label description="Add To Entra ID Group URI" languagecode="1033" />
  </displayname>
  <introducedversion>1.0.0.0</introducedversion>
  <iscustomizable>1</iscustomizable>
  <isrequired>0</isrequired>
  <secretstore>0</secretstore>
  <type>100000000</type>
</environmentvariabledefinition>