<environmentvariabledefinition schemaname="o25fs_EntraGroupId">
  <description default="The Entra security group Id to add Vendor Self-Service resources to">
    <label description="The Entra security group Id to add Vendor Self-Service resources to" languagecode="1033" />
  </description>
  <displayname default="Entra Group Id">
    <label description="Entra Group Id" languagecode="1033" />
  </displayname>
  <introducedversion>1.0.0.0</introducedversion>
  <iscustomizable>1</iscustomizable>
  <isrequired>0</isrequired>
  <secretstore>0</secretstore>
  <type>100000000</type>
</environmentvariabledefinition>