{"metaData":{"id":"8d1e8775-ff01-4d8a-91ee-df67409fc6ae","format":{"provider":"parquet","options":{}},"schemaString":"{\"type\":\"struct\",\"fields\":[{\"name\":\"ACCOUNTNUM\",\"type\":\"string\",\"nullable\":true,\"metadata\":{}},{\"name\":\"INVOICEACCOUNT\",\"type\":\"string\",\"nullable\":true,\"metadata\":{}},{\"name\":\"VENDGROUP\",\"type\":\"string\",\"nullable\":true,\"metadata\":{}},{\"name\":\"PAYMTERMID\",\"type\":\"string\",\"nullable\":true,\"metadata\":{}},{\"name\":\"CASHDISC\",\"type\":\"string\",\"nullable\":true,\"metadata\":{}},{\"name\":\"CURRENCY\",\"type\":\"string\",\"nullable\":true,\"metadata\":{}},{\"name\":\"LINEDISC\",\"type\":\"string\",\"nullable\":true,\"metadata\":{}},{\"name\":\"ENTERPRISENUMBER\",\"type\":\"string\",\"nullable\":true,\"metadata\":{}},{\"name\":\"BLOCKED\",\"type\":\"integer\",\"nullable\":true,\"metadata\":{}},{\"name\":\"ONETIMEVENDOR\",\"type\":\"integer\",\"nullable\":true,\"metadata\":{}},{\"name\":\"PRICEGROUP\",\"type\":\"string\",\"nullable\":true,\"metadata\":{}},{\"name\":\"MULTILINEDISC\",\"type\":\"string\",\"nullable\":true,\"metadata\":{}},{\"name\":\"ENDDISC\",\"type\":\"string\",\"nullable\":true,\"metadata\":{}},{\"name\":\"PAYMID\",\"type\":\"string\",\"nullable\":true,\"metadata\":{}},{\"name\":\"VATNUM\",\"type\":\"string\",\"nullable\":true,\"metadata\":{}},{\"name\":\"INVENTLOCATION\",\"type\":\"string\",\"nullable\":true,\"metadata\":{}},{\"name\":\"YOURACCOUNTNUM\",\"type\":\"string\",\"nullable\":true,\"metadata\":{}},{\"name\":\"DLVTERM\",\"type\":\"string\",\"nullable\":true,\"metadata\":{}},{\"name\":\"DLVMODE\",\"type\":\"string\",\"nullable\":true,\"metadata\":{}},{\"name\":\"BANKACCOUNT\",\"type\":\"string\",\"nullable\":true,\"metadata\":{}},{\"name\":\"PAYMMODE\",\"type\":\"string\",\"nullable\":true,\"metadata\":{}},{\"name\":\"PAYMSPEC\",\"type\":\"string\",\"nullable\":true,\"metadata\":{}},{\"name\":\"MARKUPGROUP\",\"type\":\"string\",\"nullable\":true,\"metadata\":{}},{\"name\":\"CLEARINGPERIOD\",\"type\":\"string\",\"nullable\":true,\"metadata\":{}},{\"name\":\"COMPANYIDSIRET\",\"type\":\"string\",\"nullable\":true,\"metadata\":{}},{\"name\":\"TAXGROUP\",\"type\":\"string\",\"nullable\":true,\"metadata\":{}},{\"name\":\"FREIGHTZONE\",\"type\":\"string\",\"nullable\":true,\"metadata\":{}},{\"name\":\"MINORITYOWNED\",\"type\":\"integer\",\"nullable\":true,\"metadata\":{}},{\"name\":\"FEMALEOWNED\",\"type\":\"integer\",\"nullable\":true,\"metadata\":{}},{\"name\":\"CREDITRATING\",\"type\":\"string\",\"nullable\":true,\"metadata\":{}},{\"name\":\"CREDITMAX\",\"type\":\"decimal(34,6)\",\"nullable\":true,\"metadata\":{}},{\"name\":\"TAX1099REPORTS\",\"type\":\"integer\",\"nullable\":true,\"metadata\":{}},{\"name\":\"TAX1099REGNUM\",\"type\":\"string\",\"nullable\":true,\"metadata\":{}},{\"name\":\"PAYMSCHED\",\"type\":\"string\",\"nullable\":true,\"metadata\":{}},{\"name\":\"ITEMBUYERGROUPID\",\"type\":\"string\",\"nullable\":true,\"metadata\":{}},{\"name\":\"CONTACTPERSONID\",\"type\":\"string\",\"nullable\":true,\"metadata\":{}},{\"name\":\"PURCHPOOLID\",\"type\":\"string\",\"nullable\":true,\"metadata\":{}},{\"name\":\"PURCHAMOUNTPURCHASEORDER\",\"type\":\"integer\",\"nullable\":true,\"metadata\":{}},{\"name\":\"INCLTAX\",\"type\":\"integer\",\"nullable\":true,\"metadata\":{}},{\"name\":\"VENDITEMGROUPID\",\"type\":\"string\",\"nullable\":true,\"metadata\":{}},{\"name\":\"NUMBERSEQUENCEGROUP\",\"type\":\"string\",\"nullable\":true,\"metadata\":{}},{\"name\":\"PAYMDAYID\",\"type\":\"string\",\"nullable\":true,\"metadata\":{}},{\"name\":\"DESTINATIONCODEID\",\"type\":\"string\",\"nullable\":true,\"metadata\":{}},{\"name\":\"LINEOFBUSINESSID\",\"type\":\"string\",\"nullable\":true,\"metadata\":{}},{\"name\":\"SUPPITEMGROUPID\",\"type\":\"string\",\"nullable\":true,\"metadata\":{}},{\"name\":\"BANKCENTRALBANKPURPOSETEXT\",\"type\":\"string\",\"nullable\":true,\"metadata\":{}},{\"name\":\"BANKCENTRALBANKPURPOSECODE\",\"type\":\"string\",\"nullable\":true,\"metadata\":{}},{\"name\":\"OFFSETACCOUNTTYPE\",\"type\":\"integer\",\"nullable\":true,\"metadata\":{}},{\"name\":\"PURCHCALENDARID\",\"type\":\"string\",\"nullable\":true,\"metadata\":{}},{\"name\":\"ORGANIZATIONNUMBER\",\"type\":\"string\",\"nullable\":true,\"metadata\":{}},{\"name\":\"FISCALCODE\",\"type\":\"string\",\"nullable\":true,\"metadata\":{}},{\"name\":\"TAXWITHHOLDCALCULATE\",\"type\":\"integer\",\"nullable\":true,\"metadata\":{}},{\"name\":\"TAXWITHHOLDGROUP\",\"type\":\"string\",\"nullable\":true,\"metadata\":{}},{\"name\":\"BIRTHDATE\",\"type\":\"timestamp\",\"nullable\":true,\"metadata\":{}},{\"name\":\"BIRTHPLACE\",\"type\":\"string\",\"nullable\":true,\"metadata\":{}},{\"name\":\"RESIDENCEFOREIGNCOUNTRYREGIONID\",\"type\":\"string\",\"nullable\":true,\"metadata\":{}},{\"name\":\"NAMECONTROL\",\"type\":\"string\",\"nullable\":true,\"metadata\":{}},{\"name\":\"FOREIGNENTITYINDICATOR\",\"type\":\"integer\",\"nullable\":true,\"metadata\":{}},{\"name\":\"TAXIDTYPE\",\"type\":\"integer\",\"nullable\":true,\"metadata\":{}},{\"name\":\"DBA\",\"type\":\"string\",\"nullable\":true,\"metadata\":{}},{\"name\":\"TAX1099NAMECHOICE\",\"type\":\"integer\",\"nullable\":true,\"metadata\":{}},{\"name\":\"SECONDTIN\",\"type\":\"integer\",\"nullable\":true,\"metadata\":{}},{\"name\":\"INVENTSITEID\",\"type\":\"string\",\"nullable\":true,\"metadata\":{}},{\"name\":\"SEGMENTID\",\"type\":\"string\",\"nullable\":true,\"metadata\":{}},{\"name\":\"SUBSEGMENTID\",\"type\":\"string\",\"nullable\":true,\"metadata\":{}},{\"name\":\"COMPANYCHAINID\",\"type\":\"string\",\"nullable\":true,\"metadata\":{}},{\"name\":\"VENDPRICETOLERANCEGROUPID\",\"type\":\"string\",\"nullable\":true,\"metadata\":{}},{\"name\":\"MEMO\",\"type\":\"string\",\"nullable\":true,\"metadata\":{}},{\"name\":\"SMALLBUSINESS\",\"type\":\"integer\",\"nullable\":true,\"metadata\":{}},{\"name\":\"LOCALLYOWNED\",\"type\":\"integer\",\"nullable\":true,\"metadata\":{}},{\"name\":\"BIDONLY\",\"type\":\"integer\",\"nullable\":true,\"metadata\":{}},{\"name\":\"W9\",\"type\":\"integer\",\"nullable\":true,\"metadata\":{}},{\"name\":\"ORGID\",\"type\":\"string\",\"nullable\":true,\"metadata\":{}},{\"name\":\"FACTORINGACCOUNT\",\"type\":\"string\",\"nullable\":true,\"metadata\":{}},{\"name\":\"MATCHINGPOLICY\",\"type\":\"integer\",\"nullable\":true,\"metadata\":{}},{\"name\":\"BLOCKEDRELEASEDATE\",\"type\":\"timestamp\",\"nullable\":true,\"metadata\":{}},{\"name\":\"BLOCKEDRELEASEDATETZID\",\"type\":\"integer\",\"nullable\":true,\"metadata\":{}},{\"name\":\"W9INCLUDED\",\"type\":\"integer\",\"nullable\":true,\"metadata\":{}},{\"name\":\"VENDEXCEPTIONGROUP\",\"type\":\"long\",\"nullable\":true,\"metadata\":{}},{\"name\":\"PARTY\",\"type\":\"long\",\"nullable\":true,\"metadata\":{}},{\"name\":\"DEFAULTDIMENSION\",\"type\":\"long\",\"nullable\":true,\"metadata\":{}},{\"name\":\"OFFSETLEDGERDIMENSION\",\"type\":\"long\",\"nullable\":true,\"metadata\":{}},{\"name\":\"BIRTHCOUNTYCODE_IT\",\"type\":\"string\",\"nullable\":true,\"metadata\":{}},{\"name\":\"HEIR_IT\",\"type\":\"integer\",\"nullable\":true,\"metadata\":{}},{\"name\":\"CHANGEREQUESTENABLED\",\"type\":\"integer\",\"nullable\":true,\"metadata\":{}},{\"name\":\"CHANGEREQUESTALLOWOVERRIDE\",\"type\":\"integer\",\"nullable\":true,\"metadata\":{}},{\"name\":\"CHANGEREQUESTOVERRIDE\",\"type\":\"integer\",\"nullable\":true,\"metadata\":{}},{\"name\":\"COMPANYNAFCODE\",\"type\":\"long\",\"nullable\":true,\"metadata\":{}},{\"name\":\"VENDINVOICEDECLARATION_IS\",\"type\":\"long\",\"nullable\":true,\"metadata\":{}},{\"name\":\"TAX1099FIELDS\",\"type\":\"long\",\"nullable\":true,\"metadata\":{}},{\"name\":\"VENDORTYPE_MX\",\"type\":\"integer\",\"nullable\":true,\"metadata\":{}},{\"name\":\"FOREIGNTAXREGISTRATION_MX\",\"type\":\"string\",\"nullable\":true,\"metadata\":{}},{\"name\":\"NATIONALITY_MX\",\"type\":\"string\",\"nullable\":true,\"metadata\":{}},{\"name\":\"DIOTCOUNTRYCODE_MX\",\"type\":\"string\",\"nullable\":true,\"metadata\":{}},{\"name\":\"OPERATIONTYPE_MX\",\"type\":\"integer\",\"nullable\":true,\"metadata\":{}},{\"name\":\"MAINCONTACTWORKER\",\"type\":\"long\",\"nullable\":true,\"metadata\":{}},{\"name\":\"COMPANYTYPE_MX\",\"type\":\"integer\",\"nullable\":true,\"metadata\":{}},{\"name\":\"RFC_MX\",\"type\":\"string\",\"nullable\":true,\"metadata\":{}},{\"name\":\"CURP_MX\",\"type\":\"string\",\"nullable\":true,\"metadata\":{}},{\"name\":\"STATEINSCRIPTION_MX\",\"type\":\"string\",\"nullable\":true,\"metadata\":{}},{\"name\":\"CCMNUM_BR\",\"type\":\"string\",\"nullable\":true,\"metadata\":{}},{\"name\":\"IENUM_BR\",\"type\":\"string\",\"nullable\":true,\"metadata\":{}},{\"name\":\"CNPJCPFNUM_BR\",\"type\":\"string\",\"nullable\":true,\"metadata\":{}},{\"name\":\"VENDINCOMECODE_BR\",\"type\":\"string\",\"nullable\":true,\"metadata\":{}},{\"name\":\"NONTAXABLE_BR\",\"type\":\"integer\",\"nullable\":true,\"metadata\":{}},{\"name\":\"VENDCONSUMPTION_BR\",\"type\":\"integer\",\"nullable\":true,\"metadata\":{}},{\"name\":\"NIT_BR\",\"type\":\"string\",\"nullable\":true,\"metadata\":{}},{\"name\":\"INSSCEI_BR\",\"type\":\"string\",\"nullable\":true,\"metadata\":{}},{\"name\":\"CNAE_BR\",\"type\":\"string\",\"nullable\":true,\"metadata\":{}},{\"name\":\"ICMSCONTRIBUTOR_BR\",\"type\":\"integer\",\"nullable\":true,\"metadata\":{}},{\"name\":\"SERVICECODEONDLVADDRESS_BR\",\"type\":\"integer\",\"nullable\":true,\"metadata\":{}},{\"name\":\"INTERESTCODE_BR\",\"type\":\"string\",\"nullable\":true,\"metadata\":{}},{\"name\":\"FINECODE_BR\",\"type\":\"string\",\"nullable\":true,\"metadata\":{}},{\"name\":\"VATTAXAGENT_RU\",\"type\":\"integer\",\"nullable\":true,\"metadata\":{}},{\"name\":\"TAXWITHHOLDVENDORTYPE_TH\",\"type\":\"integer\",\"nullable\":true,\"metadata\":{}},{\"name\":\"VATOPERATIONCODE_RU\",\"type\":\"string\",\"nullable\":true,\"metadata\":{}},{\"name\":\"VATPARTNERKIND_RU\",\"type\":\"integer\",\"nullable\":true,\"metadata\":{}},{\"name\":\"INVENTPROFILETYPE_RU\",\"type\":\"integer\",\"nullable\":true,\"metadata\":{}},{\"name\":\"INVENTPROFILEID_RU\",\"type\":\"string\",\"nullable\":true,\"metadata\":{}},{\"name\":\"UNITEDVATINVOICE_LT\",\"type\":\"integer\",\"nullable\":true,\"metadata\":{}},{\"name\":\"CONSDAY_JP\",\"type\":\"integer\",\"nullable\":true,\"metadata\":{}},{\"name\":\"STRUCTDEPARTMENT_RU\",\"type\":\"string\",\"nullable\":true,\"metadata\":{}},{\"name\":\"BANKCENTRALBANKTRANSTYPECUR_RU\",\"type\":\"string\",\"nullable\":true,\"metadata\":{}},{\"name\":\"BANKORDEROFPAYMENT_RU\",\"type\":\"string\",\"nullable\":true,\"metadata\":{}},{\"name\":\"ENTERPRISECODE\",\"type\":\"string\",\"nullable\":true,\"metadata\":{}},{\"name\":\"REGNUM_W\",\"type\":\"string\",\"nullable\":true,\"metadata\":{}},{\"name\":\"COMMERCIALREGISTERSECTION\",\"type\":\"string\",\"nullable\":true,\"metadata\":{}},{\"name\":\"COMMERCIALREGISTERINSETNUMBER\",\"type\":\"string\",\"nullable\":true,\"metadata\":{}},{\"name\":\"COMMERCIALREGISTER\",\"type\":\"string\",\"nullable\":true,\"metadata\":{}},{\"name\":\"ISRESIDENT_LV\",\"type\":\"integer\",\"nullable\":true,\"metadata\":{}},{\"name\":\"INTBANK_LV\",\"type\":\"string\",\"nullable\":true,\"metadata\":{}},{\"name\":\"CISCOMPANYREGNUM\",\"type\":\"string\",\"nullable\":true,\"metadata\":{}},{\"name\":\"CISNATIONALINSURANCENUM\",\"type\":\"string\",\"nullable\":true,\"metadata\":{}},{\"name\":\"CISSTATUS\",\"type\":\"integer\",\"nullable\":true,\"metadata\":{}},{\"name\":\"CISUNIQUETAXPAYERREF\",\"type\":\"string\",\"nullable\":true,\"metadata\":{}},{\"name\":\"CISVERIFICATIONDATE\",\"type\":\"timestamp\",\"nullable\":true,\"metadata\":{}},{\"name\":\"CISVERIFICATIONNUM\",\"type\":\"string\",\"nullable\":true,\"metadata\":{}},{\"name\":\"DEFAULTINVENTSTATUSID\",\"type\":\"string\",\"nullable\":true,\"metadata\":{}},{\"name\":\"DISABLEDOWNED\",\"type\":\"integer\",\"nullable\":true,\"metadata\":{}},{\"name\":\"ETHNICORIGINID\",\"type\":\"string\",\"nullable\":true,\"metadata\":{}},{\"name\":\"FOREIGNRESIDENT_RU\",\"type\":\"integer\",\"nullable\":true,\"metadata\":{}},{\"name\":\"HUBZONE\",\"type\":\"integer\",\"nullable\":true,\"metadata\":{}},{\"name\":\"ISPAYMFEECOVERED_JP\",\"type\":\"integer\",\"nullable\":true,\"metadata\":{}},{\"name\":\"LVPAYMTRANSCODES\",\"type\":\"long\",\"nullable\":true,\"metadata\":{}},{\"name\":\"MANDATORYVATDATE_PL\",\"type\":\"integer\",\"nullable\":true,\"metadata\":{}},{\"name\":\"SEPARATEDIVISIONID_RU\",\"type\":\"string\",\"nullable\":true,\"metadata\":{}},{\"name\":\"TAMREBATEGROUPID\",\"type\":\"string\",\"nullable\":true,\"metadata\":{}},{\"name\":\"TAXPERIODPAYMENTCODE_PL\",\"type\":\"string\",\"nullable\":true,\"metadata\":{}},{\"name\":\"USECASHDISC\",\"type\":\"integer\",\"nullable\":true,\"metadata\":{}},{\"name\":\"VETERANOWNED\",\"type\":\"integer\",\"nullable\":true,\"metadata\":{}},{\"name\":\"MODIFIEDDATETIME\",\"type\":\"timestamp\",\"nullable\":true,\"metadata\":{}},{\"name\":\"DEL_MODIFIEDTIME\",\"type\":\"integer\",\"nullable\":true,\"metadata\":{}},{\"name\":\"MODIFIEDBY\",\"type\":\"string\",\"nullable\":true,\"metadata\":{}},{\"name\":\"CREATEDDATETIME\",\"type\":\"timestamp\",\"nullable\":true,\"metadata\":{}},{\"name\":\"DEL_CREATEDTIME\",\"type\":\"integer\",\"nullable\":true,\"metadata\":{}},{\"name\":\"CREATEDBY\",\"type\":\"string\",\"nullable\":true,\"metadata\":{}},{\"name\":\"DATAAREAID\",\"type\":\"string\",\"nullable\":true,\"metadata\":{}},{\"name\":\"RECVERSION\",\"type\":\"integer\",\"nullable\":true,\"metadata\":{}},{\"name\":\"PARTITION\",\"type\":\"long\",\"nullable\":true,\"metadata\":{}},{\"name\":\"RECID\",\"type\":\"long\",\"nullable\":true,\"metadata\":{}},{\"name\":\"VENDPAYMFEEGROUP_JP\",\"type\":\"string\",\"nullable\":true,\"metadata\":{}},{\"name\":\"FOREIGNERID_BR\",\"type\":\"string\",\"nullable\":true,\"metadata\":{}},{\"name\":\"PRESENCETYPE_BR\",\"type\":\"integer\",\"nullable\":true,\"metadata\":{}},{\"name\":\"VENDORPORTALADMINISTRATORRECID\",\"type\":\"long\",\"nullable\":true,\"metadata\":{}},{\"name\":\"FATCAFILINGREQUIREMENT\",\"type\":\"integer\",\"nullable\":true,\"metadata\":{}}]}","partitionColumns":[],"createdTime":1710681223729,"configuration":{}}}
{"protocol":{"minReaderVersion":1,"minWriterVersion":2,"readerFeatures":null,"writerFeatures":null}}
{"commitInfo":{"operation":"ReplaceTable","engineInfo":"Mashup Engine/2.127.933.0","additionalCommitInfo":null}}
{"remove":{"path":"8d29c1e9852a4711b29449f5eaf0fe88.parquet","deletionTimestamp":1710681223572,"dataChange":true,"extendedFileMetadata":false,"partitionValues":{},"size":74252,"tags":{"VORDER":"true"}}}
{"remove":{"path":"bc6e96f81bed4396b7aefe2926034cb0.parquet","deletionTimestamp":1710681223572,"dataChange":true,"extendedFileMetadata":false,"partitionValues":{},"size":5485,"tags":{"VORDER":"true"}}}
{"add":{"path":"40c7833b54764a3fb647b984e62c63b0.parquet","partitionValues":{},"size":5485,"modificationTime":1710681224416,"dataChange":true,"stats":"{\"numRecords\":0,\"minValues\":{},\"maxValues\":{},\"nullCount\":{}}","tags":{"VORDER":"true"}}}
{"add":{"path":"35b57a645c4540e5a2e8f9f225904ff7.parquet","partitionValues":{},"size":74252,"modificationTime":1710681225494,"dataChange":true,"stats":"{\"numRecords\":209,\"minValues\":{\"ACCOUNTNUM\":\"000001\",\"INVOICEACCOUNT\":\"\",\"VENDGROUP\":\"010\",\"PAYMTERMID\":\"\",\"CASHDISC\":\"\",\"CURRENCY\":\"BRL\",\"LINEDISC\":\"\",\"ENTERPRISENUMBER\":\"\",\"BLOCKED\":0.0,\"ONETIMEVENDOR\":0.0,\"PRICEGROUP\":\"\",\"MULTILINEDISC\":\"\",\"ENDDISC\":\"\",\"PAYMID\":\"\",\"VATNUM\":\"\",\"INVENTLOCATION\":\"\",\"YOURACCOUNTNUM\":\"\",\"DLVTERM\":\"\",\"DLVMODE\":\"\",\"BANKACCOUNT\":\"\",\"PAYMMODE\":\"\",\"PAYMSPEC\":\"\",\"MARKUPGROUP\":\"\",\"CLEARINGPERIOD\":\"\",\"COMPANYIDSIRET\":\"\",\"TAXGROUP\":\"\",\"FREIGHTZONE\":\"\",\"MINORITYOWNED\":0.0,\"FEMALEOWNED\":0.0,\"CREDITRATING\":\"\",\"CREDITMAX\":0.0,\"TAX1099REPORTS\":0.0,\"TAX1099REGNUM\":\"\",\"PAYMSCHED\":\"\",\"ITEMBUYERGROUPID\":\"\",\"CONTACTPERSONID\":\"\",\"PURCHPOOLID\":\"\",\"PURCHAMOUNTPURCHASEORDER\":0.0,\"INCLTAX\":0.0,\"VENDITEMGROUPID\":\"\",\"NUMBERSEQUENCEGROUP\":\"\",\"PAYMDAYID\":\"\",\"DESTINATIONCODEID\":\"\",\"LINEOFBUSINESSID\":\"\",\"SUPPITEMGROUPID\":\"\",\"BANKCENTRALBANKPURPOSETEXT\":\"\",\"BANKCENTRALBANKPURPOSECODE\":\"\",\"OFFSETACCOUNTTYPE\":0.0,\"PURCHCALENDARID\":\"\",\"ORGANIZATIONNUMBER\":\"\",\"FISCALCODE\":\"\",\"TAXWITHHOLDCALCULATE\":0.0,\"TAXWITHHOLDGROUP\":\"\",\"BIRTHDATE\":\"1900-01-01 00:00:00.000000\",\"BIRTHPLACE\":\"\",\"RESIDENCEFOREIGNCOUNTRYREGIONID\":\"\",\"NAMECONTROL\":\"\",\"FOREIGNENTITYINDICATOR\":0.0,\"TAXIDTYPE\":0.0,\"DBA\":\"\",\"TAX1099NAMECHOICE\":0.0,\"SECONDTIN\":0.0,\"INVENTSITEID\":\"\",\"SEGMENTID\":\"\",\"SUBSEGMENTID\":\"\",\"COMPANYCHAINID\":\"\",\"VENDPRICETOLERANCEGROUPID\":\"\",\"SMALLBUSINESS\":0.0,\"LOCALLYOWNED\":0.0,\"BIDONLY\":0.0,\"W9\":0.0,\"ORGID\":\"\",\"FACTORINGACCOUNT\":\"\",\"MATCHINGPOLICY\":0.0,\"BLOCKEDRELEASEDATE\":\"1900-01-01 00:00:00.000000\",\"BLOCKEDRELEASEDATETZID\":0.0,\"W9INCLUDED\":0.0,\"VENDEXCEPTIONGROUP\":0.0,\"PARTY\":5637144828.0,\"DEFAULTDIMENSION\":0.0,\"OFFSETLEDGERDIMENSION\":0.0,\"BIRTHCOUNTYCODE_IT\":\"\",\"HEIR_IT\":0.0,\"CHANGEREQUESTENABLED\":0.0,\"CHANGEREQUESTALLOWOVERRIDE\":0.0,\"CHANGEREQUESTOVERRIDE\":0.0,\"COMPANYNAFCODE\":0.0,\"VENDINVOICEDECLARATION_IS\":0.0,\"TAX1099FIELDS\":0.0,\"VENDORTYPE_MX\":0.0,\"FOREIGNTAXREGISTRATION_MX\":\"\",\"NATIONALITY_MX\":\"\",\"DIOTCOUNTRYCODE_MX\":\"\",\"OPERATIONTYPE_MX\":0.0,\"MAINCONTACTWORKER\":0.0,\"COMPANYTYPE_MX\":0.0,\"RFC_MX\":\"\",\"CURP_MX\":\"\",\"STATEINSCRIPTION_MX\":\"\",\"CCMNUM_BR\":\"\",\"IENUM_BR\":\"\",\"CNPJCPFNUM_BR\":\"\",\"VENDINCOMECODE_BR\":\"\",\"NONTAXABLE_BR\":0.0,\"VENDCONSUMPTION_BR\":0.0,\"NIT_BR\":\"\",\"INSSCEI_BR\":\"\",\"CNAE_BR\":\"\",\"ICMSCONTRIBUTOR_BR\":0.0,\"SERVICECODEONDLVADDRESS_BR\":0.0,\"INTERESTCODE_BR\":\"\",\"FINECODE_BR\":\"\",\"VATTAXAGENT_RU\":0.0,\"TAXWITHHOLDVENDORTYPE_TH\":0.0,\"VATOPERATIONCODE_RU\":\"\",\"VATPARTNERKIND_RU\":0.0,\"INVENTPROFILETYPE_RU\":0.0,\"INVENTPROFILEID_RU\":\"\",\"UNITEDVATINVOICE_LT\":0.0,\"CONSDAY_JP\":0.0,\"STRUCTDEPARTMENT_RU\":\"\",\"BANKCENTRALBANKTRANSTYPECUR_RU\":\"\",\"BANKORDEROFPAYMENT_RU\":\"\",\"ENTERPRISECODE\":\"\",\"REGNUM_W\":\"\",\"COMMERCIALREGISTERSECTION\":\"\",\"COMMERCIALREGISTERINSETNUMBER\":\"\",\"COMMERCIALREGISTER\":\"\",\"ISRESIDENT_LV\":0.0,\"INTBANK_LV\":\"\",\"CISCOMPANYREGNUM\":\"\",\"CISNATIONALINSURANCENUM\":\"\",\"CISSTATUS\":0.0,\"CISUNIQUETAXPAYERREF\":\"\",\"CISVERIFICATIONDATE\":\"1900-01-01 00:00:00.000000\",\"CISVERIFICATIONNUM\":\"\",\"DEFAULTINVENTSTATUSID\":\"\",\"DISABLEDOWNED\":0.0,\"ETHNICORIGINID\":\"\",\"FOREIGNRESIDENT_RU\":0.0,\"HUBZONE\":0.0,\"ISPAYMFEECOVERED_JP\":0.0,\"LVPAYMTRANSCODES\":0.0,\"MANDATORYVATDATE_PL\":0.0,\"SEPARATEDIVISIONID_RU\":\"\",\"TAMREBATEGROUPID\":\"\",\"TAXPERIODPAYMENTCODE_PL\":\"\",\"USECASHDISC\":0.0,\"VETERANOWNED\":0.0,\"MODIFIEDDATETIME\":\"2009-01-28 19:54:33.000000\",\"DEL_MODIFIEDTIME\":543.0,\"MODIFIEDBY\":\"ANNIE\",\"CREATEDDATETIME\":\"2009-01-02 17:55:07.000000\",\"DEL_CREATEDTIME\":543.0,\"CREATEDBY\":\"ANNIE\",\"DATAAREAID\":\"brmf\",\"RECVERSION\":0.0,\"PARTITION\":5637144576.0,\"RECID\":22565420953.0,\"VENDPAYMFEEGROUP_JP\":\"\",\"FOREIGNERID_BR\":\"\",\"PRESENCETYPE_BR\":0.0,\"VENDORPORTALADMINISTRATORRECID\":0.0,\"FATCAFILINGREQUIREMENT\":0.0},\"maxValues\":{\"ACCOUNTNUM\":\"US_TX_023\",\"INVOICEACCOUNT\":\"US-111\",\"VENDGROUP\":\"Фсс\",\"PAYMTERMID\":\"Net30J\",\"CASHDISC\":\"4%D10\",\"CURRENCY\":\"USD\",\"LINEDISC\":\"03\",\"ENTERPRISENUMBER\":\"\",\"BLOCKED\":2.0,\"ONETIMEVENDOR\":0.0,\"PRICEGROUP\":\"Intl\",\"MULTILINEDISC\":\"03\",\"ENDDISC\":\"03\",\"PAYMID\":\"\",\"VATNUM\":\"US991133100\",\"INVENTLOCATION\":\"РЦ-ЦЕНТР\",\"YOURACCOUNTNUM\":\"\",\"DLVTERM\":\"FOB\",\"DLVMODE\":\"40\",\"BANKACCOUNT\":\"основной\",\"PAYMMODE\":\"Основной\",\"PAYMSPEC\":\"\",\"MARKUPGROUP\":\"01\",\"CLEARINGPERIOD\":\"\",\"COMPANYIDSIRET\":\"\",\"TAXGROUP\":\"НДСВычет\",\"FREIGHTZONE\":\"\",\"MINORITYOWNED\":1.0,\"FEMALEOWNED\":1.0,\"CREDITRATING\":\"\",\"CREDITMAX\":0.0,\"TAX1099REPORTS\":1.0,\"TAX1099REGNUM\":\"12-3406001\",\"PAYMSCHED\":\"\",\"ITEMBUYERGROUPID\":\"20\",\"CONTACTPERSONID\":\"USP2-000007\",\"PURCHPOOLID\":\"01\",\"PURCHAMOUNTPURCHASEORDER\":1.0,\"INCLTAX\":1.0,\"VENDITEMGROUPID\":\"\",\"NUMBERSEQUENCEGROUP\":\"\",\"PAYMDAYID\":\"Основной\",\"DESTINATIONCODEID\":\"Gen_1\",\"LINEOFBUSINESSID\":\"7380\",\"SUPPITEMGROUPID\":\"\",\"BANKCENTRALBANKPURPOSETEXT\":\"\",\"BANKCENTRALBANKPURPOSECODE\":\"\",\"OFFSETACCOUNTTYPE\":0.0,\"PURCHCALENDARID\":\"\",\"ORGANIZATIONNUMBER\":\"\",\"FISCALCODE\":\"\",\"TAXWITHHOLDCALCULATE\":1.0,\"TAXWITHHOLDGROUP\":\"RETCP\",\"BIRTHDATE\":\"1900-01-01 00:00:00.000000\",\"BIRTHPLACE\":\"\",\"RESIDENCEFOREIGNCOUNTRYREGIONID\":\"\",\"NAMECONTROL\":\"\",\"FOREIGNENTITYINDICATOR\":0.0,\"TAXIDTYPE\":1.0,\"DBA\":\"\",\"TAX1099NAMECHOICE\":0.0,\"SECONDTIN\":0.0,\"INVENTSITEID\":\"ЦЕНТР\",\"SEGMENTID\":\"20\",\"SUBSEGMENTID\":\"10\",\"COMPANYCHAINID\":\"\",\"VENDPRICETOLERANCEGROUPID\":\"\",\"SMALLBUSINESS\":1.0,\"LOCALLYOWNED\":1.0,\"BIDONLY\":0.0,\"W9\":1.0,\"ORGID\":\"\",\"FACTORINGACCOUNT\":\"\",\"MATCHINGPOLICY\":2.0,\"BLOCKEDRELEASEDATE\":\"1900-01-01 00:00:00.000000\",\"BLOCKEDRELEASEDATETZID\":0.0,\"W9INCLUDED\":0.0,\"VENDEXCEPTIONGROUP\":0.0,\"PARTY\":52565455587.0,\"DEFAULTDIMENSION\":22565431485.0,\"OFFSETLEDGERDIMENSION\":22565542731.0,\"BIRTHCOUNTYCODE_IT\":\"\",\"HEIR_IT\":0.0,\"CHANGEREQUESTENABLED\":0.0,\"CHANGEREQUESTALLOWOVERRIDE\":0.0,\"CHANGEREQUESTOVERRIDE\":1.0,\"COMPANYNAFCODE\":0.0,\"VENDINVOICEDECLARATION_IS\":0.0,\"TAX1099FIELDS\":5637145072.0,\"VENDORTYPE_MX\":5.0,\"FOREIGNTAXREGISTRATION_MX\":\"255555454545\",\"NATIONALITY_MX\":\"\",\"DIOTCOUNTRYCODE_MX\":\"USA\",\"OPERATIONTYPE_MX\":85.0,\"MAINCONTACTWORKER\":22565422741.0,\"COMPANYTYPE_MX\":3.0,\"RFC_MX\":\"PCS990505DF3\",\"CURP_MX\":\"\",\"STATEINSCRIPTION_MX\":\"\",\"CCMNUM_BR\":\"83989782\",\"IENUM_BR\":\"ISENTO\",\"CNPJCPFNUM_BR\":\"825733280001-61\",\"VENDINCOMECODE_BR\":\"\",\"NONTAXABLE_BR\":1.0,\"VENDCONSUMPTION_BR\":1.0,\"NIT_BR\":\"\",\"INSSCEI_BR\":\"\",\"CNAE_BR\":\"\",\"ICMSCONTRIBUTOR_BR\":1.0,\"SERVICECODEONDLVADDRESS_BR\":0.0,\"INTERESTCODE_BR\":\"\",\"FINECODE_BR\":\"\",\"VATTAXAGENT_RU\":0.0,\"TAXWITHHOLDVENDORTYPE_TH\":0.0,\"VATOPERATIONCODE_RU\":\"\",\"VATPARTNERKIND_RU\":0.0,\"INVENTPROFILETYPE_RU\":0.0,\"INVENTPROFILEID_RU\":\"\",\"UNITEDVATINVOICE_LT\":0.0,\"CONSDAY_JP\":25.0,\"STRUCTDEPARTMENT_RU\":\"\",\"BANKCENTRALBANKTRANSTYPECUR_RU\":\"\",\"BANKORDEROFPAYMENT_RU\":\"\",\"ENTERPRISECODE\":\"\",\"REGNUM_W\":\"\",\"COMMERCIALREGISTERSECTION\":\"\",\"COMMERCIALREGISTERINSETNUMBER\":\"\",\"COMMERCIALREGISTER\":\"\",\"ISRESIDENT_LV\":0.0,\"INTBANK_LV\":\"\",\"CISCOMPANYREGNUM\":\"\",\"CISNATIONALINSURANCENUM\":\"\",\"CISSTATUS\":0.0,\"CISUNIQUETAXPAYERREF\":\"\",\"CISVERIFICATIONDATE\":\"1900-01-01 00:00:00.000000\",\"CISVERIFICATIONNUM\":\"\",\"DEFAULTINVENTSTATUSID\":\"Available\",\"DISABLEDOWNED\":1.0,\"ETHNICORIGINID\":\"Hispanic/Latino\",\"FOREIGNRESIDENT_RU\":0.0,\"HUBZONE\":0.0,\"ISPAYMFEECOVERED_JP\":0.0,\"LVPAYMTRANSCODES\":0.0,\"MANDATORYVATDATE_PL\":0.0,\"SEPARATEDIVISIONID_RU\":\"\",\"TAMREBATEGROUPID\":\" \",\"TAXPERIODPAYMENTCODE_PL\":\"\",\"USECASHDISC\":0.0,\"VETERANOWNED\":1.0,\"MODIFIEDDATETIME\":\"2014-03-27 15:01:50.000000\",\"DEL_MODIFIEDTIME\":86338.0,\"MODIFIEDBY\":\"adminPSU\",\"CREATEDDATETIME\":\"2014-03-27 14:56:32.000000\",\"DEL_CREATEDTIME\":86338.0,\"CREATEDBY\":\"adminPSU\",\"DATAAREAID\":\"ussi\",\"RECVERSION\":0.0,\"PARTITION\":5637144577.0,\"RECID\":52565435469.0,\"VENDPAYMFEEGROUP_JP\":\"\",\"FOREIGNERID_BR\":\"\",\"PRESENCETYPE_BR\":0.0,\"VENDORPORTALADMINISTRATORRECID\":0.0,\"FATCAFILINGREQUIREMENT\":0.0},\"nullCount\":{\"ACCOUNTNUM\":0,\"INVOICEACCOUNT\":0,\"VENDGROUP\":0,\"PAYMTERMID\":0,\"CASHDISC\":0,\"CURRENCY\":0,\"LINEDISC\":0,\"ENTERPRISENUMBER\":0,\"BLOCKED\":0,\"ONETIMEVENDOR\":0,\"PRICEGROUP\":0,\"MULTILINEDISC\":0,\"ENDDISC\":0,\"PAYMID\":0,\"VATNUM\":0,\"INVENTLOCATION\":0,\"YOURACCOUNTNUM\":0,\"DLVTERM\":0,\"DLVMODE\":0,\"BANKACCOUNT\":0,\"PAYMMODE\":0,\"PAYMSPEC\":0,\"MARKUPGROUP\":0,\"CLEARINGPERIOD\":0,\"COMPANYIDSIRET\":0,\"TAXGROUP\":0,\"FREIGHTZONE\":0,\"MINORITYOWNED\":0,\"FEMALEOWNED\":0,\"CREDITRATING\":0,\"CREDITMAX\":0,\"TAX1099REPORTS\":0,\"TAX1099REGNUM\":0,\"PAYMSCHED\":0,\"ITEMBUYERGROUPID\":0,\"CONTACTPERSONID\":0,\"PURCHPOOLID\":0,\"PURCHAMOUNTPURCHASEORDER\":0,\"INCLTAX\":0,\"VENDITEMGROUPID\":0,\"NUMBERSEQUENCEGROUP\":0,\"PAYMDAYID\":0,\"DESTINATIONCODEID\":0,\"LINEOFBUSINESSID\":0,\"SUPPITEMGROUPID\":0,\"BANKCENTRALBANKPURPOSETEXT\":0,\"BANKCENTRALBANKPURPOSECODE\":0,\"OFFSETACCOUNTTYPE\":0,\"PURCHCALENDARID\":0,\"ORGANIZATIONNUMBER\":0,\"FISCALCODE\":0,\"TAXWITHHOLDCALCULATE\":0,\"TAXWITHHOLDGROUP\":0,\"BIRTHDATE\":0,\"BIRTHPLACE\":0,\"RESIDENCEFOREIGNCOUNTRYREGIONID\":0,\"NAMECONTROL\":0,\"FOREIGNENTITYINDICATOR\":0,\"TAXIDTYPE\":0,\"DBA\":0,\"TAX1099NAMECHOICE\":0,\"SECONDTIN\":0,\"INVENTSITEID\":0,\"SEGMENTID\":0,\"SUBSEGMENTID\":0,\"COMPANYCHAINID\":0,\"VENDPRICETOLERANCEGROUPID\":0,\"MEMO\":209,\"SMALLBUSINESS\":0,\"LOCALLYOWNED\":0,\"BIDONLY\":0,\"W9\":0,\"ORGID\":0,\"FACTORINGACCOUNT\":0,\"MATCHINGPOLICY\":0,\"BLOCKEDRELEASEDATE\":0,\"BLOCKEDRELEASEDATETZID\":0,\"W9INCLUDED\":0,\"VENDEXCEPTIONGROUP\":0,\"PARTY\":0,\"DEFAULTDIMENSION\":0,\"OFFSETLEDGERDIMENSION\":0,\"BIRTHCOUNTYCODE_IT\":0,\"HEIR_IT\":0,\"CHANGEREQUESTENABLED\":0,\"CHANGEREQUESTALLOWOVERRIDE\":0,\"CHANGEREQUESTOVERRIDE\":0,\"COMPANYNAFCODE\":0,\"VENDINVOICEDECLARATION_IS\":0,\"TAX1099FIELDS\":0,\"VENDORTYPE_MX\":0,\"FOREIGNTAXREGISTRATION_MX\":0,\"NATIONALITY_MX\":0,\"DIOTCOUNTRYCODE_MX\":0,\"OPERATIONTYPE_MX\":0,\"MAINCONTACTWORKER\":0,\"COMPANYTYPE_MX\":0,\"RFC_MX\":0,\"CURP_MX\":0,\"STATEINSCRIPTION_MX\":0,\"CCMNUM_BR\":0,\"IENUM_BR\":0,\"CNPJCPFNUM_BR\":0,\"VENDINCOMECODE_BR\":0,\"NONTAXABLE_BR\":0,\"VENDCONSUMPTION_BR\":0,\"NIT_BR\":0,\"INSSCEI_BR\":0,\"CNAE_BR\":0,\"ICMSCONTRIBUTOR_BR\":0,\"SERVICECODEONDLVADDRESS_BR\":0,\"INTERESTCODE_BR\":0,\"FINECODE_BR\":0,\"VATTAXAGENT_RU\":0,\"TAXWITHHOLDVENDORTYPE_TH\":0,\"VATOPERATIONCODE_RU\":0,\"VATPARTNERKIND_RU\":0,\"INVENTPROFILETYPE_RU\":0,\"INVENTPROFILEID_RU\":0,\"UNITEDVATINVOICE_LT\":0,\"CONSDAY_JP\":0,\"STRUCTDEPARTMENT_RU\":0,\"BANKCENTRALBANKTRANSTYPECUR_RU\":0,\"BANKORDEROFPAYMENT_RU\":0,\"ENTERPRISECODE\":0,\"REGNUM_W\":0,\"COMMERCIALREGISTERSECTION\":0,\"COMMERCIALREGISTERINSETNUMBER\":0,\"COMMERCIALREGISTER\":0,\"ISRESIDENT_LV\":0,\"INTBANK_LV\":0,\"CISCOMPANYREGNUM\":0,\"CISNATIONALINSURANCENUM\":0,\"CISSTATUS\":0,\"CISUNIQUETAXPAYERREF\":0,\"CISVERIFICATIONDATE\":0,\"CISVERIFICATIONNUM\":0,\"DEFAULTINVENTSTATUSID\":0,\"DISABLEDOWNED\":0,\"ETHNICORIGINID\":0,\"FOREIGNRESIDENT_RU\":0,\"HUBZONE\":0,\"ISPAYMFEECOVERED_JP\":0,\"LVPAYMTRANSCODES\":0,\"MANDATORYVATDATE_PL\":0,\"SEPARATEDIVISIONID_RU\":0,\"TAMREBATEGROUPID\":0,\"TAXPERIODPAYMENTCODE_PL\":0,\"USECASHDISC\":0,\"VETERANOWNED\":0,\"MODIFIEDDATETIME\":0,\"DEL_MODIFIEDTIME\":0,\"MODIFIEDBY\":0,\"CREATEDDATETIME\":0,\"DEL_CREATEDTIME\":0,\"CREATEDBY\":0,\"DATAAREAID\":0,\"RECVERSION\":0,\"PARTITION\":0,\"RECID\":0,\"VENDPAYMFEEGROUP_JP\":0,\"FOREIGNERID_BR\":0,\"PRESENCETYPE_BR\":0,\"VENDORPORTALADMINISTRATORRECID\":0,\"FATCAFILINGREQUIREMENT\":0}}","tags":{"VORDER":"true"}}}
