<ImportExportXml version="9.2.23022.192" SolutionPackageVersion="9.2" languagecode="1033" generatedBy="CrmLive" xmlns:xsi="http://www.w3.org/2001/XMLSchema-instance">
  <SolutionManifest>
    <UniqueName>ChannelBasedPresenceCapabilityNoApplicationRibbon</UniqueName>
    <LocalizedNames>
      <LocalizedName description="Channel Based Presence Capability - No Application Ribbon" languagecode="1033" />
    </LocalizedNames>
    <Descriptions />
    <Version>1.0.0.2</Version>
    <Managed>0</Managed>
    <Publisher>
      <UniqueName>Crdc1db</UniqueName>
      <LocalizedNames>
        <LocalizedName description="CDS Default Publisher" languagecode="1033" />
      </LocalizedNames>
      <Descriptions />
      <EMailAddress xsi:nil="true"></EMailAddress>
      <SupportingWebsiteUrl xsi:nil="true"></SupportingWebsiteUrl>
      <CustomizationPrefix>cr05b</CustomizationPrefix>
      <CustomizationOptionValuePrefix>86558</CustomizationOptionValuePrefix>
      <Addresses>
        <Address>
          <AddressNumber>1</AddressNumber>
          <AddressTypeCode xsi:nil="true"></AddressTypeCode>
          <City xsi:nil="true"></City>
          <County xsi:nil="true"></County>
          <Country xsi:nil="true"></Country>
          <Fax xsi:nil="true"></Fax>
          <FreightTermsCode xsi:nil="true"></FreightTermsCode>
          <ImportSequenceNumber xsi:nil="true"></ImportSequenceNumber>
          <Latitude xsi:nil="true"></Latitude>
          <Line1 xsi:nil="true"></Line1>
          <Line2 xsi:nil="true"></Line2>
          <Line3 xsi:nil="true"></Line3>
          <Longitude xsi:nil="true"></Longitude>
          <Name xsi:nil="true"></Name>
          <PostalCode xsi:nil="true"></PostalCode>
          <PostOfficeBox xsi:nil="true"></PostOfficeBox>
          <PrimaryContactName xsi:nil="true"></PrimaryContactName>
          <ShippingMethodCode xsi:nil="true"></ShippingMethodCode>
          <StateOrProvince xsi:nil="true"></StateOrProvince>
          <Telephone1 xsi:nil="true"></Telephone1>
          <Telephone2 xsi:nil="true"></Telephone2>
          <Telephone3 xsi:nil="true"></Telephone3>
          <TimeZoneRuleVersionNumber xsi:nil="true"></TimeZoneRuleVersionNumber>
          <UPSZone xsi:nil="true"></UPSZone>
          <UTCOffset xsi:nil="true"></UTCOffset>
          <UTCConversionTimeZoneCode xsi:nil="true"></UTCConversionTimeZoneCode>
        </Address>
        <Address>
          <AddressNumber>2</AddressNumber>
          <AddressTypeCode xsi:nil="true"></AddressTypeCode>
          <City xsi:nil="true"></City>
          <County xsi:nil="true"></County>
          <Country xsi:nil="true"></Country>
          <Fax xsi:nil="true"></Fax>
          <FreightTermsCode xsi:nil="true"></FreightTermsCode>
          <ImportSequenceNumber xsi:nil="true"></ImportSequenceNumber>
          <Latitude xsi:nil="true"></Latitude>
          <Line1 xsi:nil="true"></Line1>
          <Line2 xsi:nil="true"></Line2>
          <Line3 xsi:nil="true"></Line3>
          <Longitude xsi:nil="true"></Longitude>
          <Name xsi:nil="true"></Name>
          <PostalCode xsi:nil="true"></PostalCode>
          <PostOfficeBox xsi:nil="true"></PostOfficeBox>
          <PrimaryContactName xsi:nil="true"></PrimaryContactName>
          <ShippingMethodCode xsi:nil="true"></ShippingMethodCode>
          <StateOrProvince xsi:nil="true"></StateOrProvince>
          <Telephone1 xsi:nil="true"></Telephone1>
          <Telephone2 xsi:nil="true"></Telephone2>
          <Telephone3 xsi:nil="true"></Telephone3>
          <TimeZoneRuleVersionNumber xsi:nil="true"></TimeZoneRuleVersionNumber>
          <UPSZone xsi:nil="true"></UPSZone>
          <UTCOffset xsi:nil="true"></UTCOffset>
          <UTCConversionTimeZoneCode xsi:nil="true"></UTCConversionTimeZoneCode>
        </Address>
      </Addresses>
    </Publisher>
    <RootComponents>
      <RootComponent type="1" schemaName="systemuser" behavior="2" />
      <RootComponent type="20" id="{0ede2967-51c7-ed11-b597-0022480aea7f}" behavior="0" />
      <RootComponent type="61" schemaName="new_displayagentchannels" behavior="0" />
    </RootComponents>
    <MissingDependencies>
      <MissingDependency>
        <Required type="10" schemaName="msdyn_accountmanager_opportunity" displayName="msdyn_accountmanager_opportunity" parentSchemaName="systemuser" parentDisplayName="User" solution="ProjectService (3.10.0.31)">
          <package>ProjectService_Anchor (3.10.79.12)</package>
        </Required>
        <Dependent type="60" displayName="Agent Channel" parentDisplayName="User" id="{4a3294ca-3132-ec11-b6e5-00224808de9e}" />
      </MissingDependency>
      <MissingDependency>
        <Required type="10" schemaName="msdyn_accountmanager_quote" displayName="msdyn_accountmanager_quote" parentSchemaName="systemuser" parentDisplayName="User" solution="ProjectService (3.10.0.31)">
          <package>ProjectService_Anchor (3.10.79.12)</package>
        </Required>
        <Dependent type="60" displayName="Agent Channel" parentDisplayName="User" id="{4a3294ca-3132-ec11-b6e5-00224808de9e}" />
      </MissingDependency>
      <MissingDependency>
        <Required type="10" schemaName="msdyn_accountmanager_salesorder" displayName="msdyn_accountmanager_salesorder" parentSchemaName="systemuser" parentDisplayName="User" solution="ProjectService (3.10.0.31)">
          <package>ProjectService_Anchor (3.10.79.12)</package>
        </Required>
        <Dependent type="60" displayName="Agent Channel" parentDisplayName="User" id="{4a3294ca-3132-ec11-b6e5-00224808de9e}" />
      </MissingDependency>
      <MissingDependency>
        <Required type="10" schemaName="msdyn_systemuser_msdyn_expense_manager" displayName="msdyn_systemuser_msdyn_expense_manager" parentSchemaName="systemuser" parentDisplayName="User" solution="ProjectService (3.10.0.31)">
          <package>ProjectService_Anchor (3.10.79.12)</package>
        </Required>
        <Dependent type="60" displayName="Agent Channel" parentDisplayName="User" id="{4a3294ca-3132-ec11-b6e5-00224808de9e}" />
      </MissingDependency>
      <MissingDependency>
        <Required type="10" schemaName="msdyn_systemuser_msdyn_project_projectmanager" displayName="msdyn_systemuser_msdyn_project_projectmanager" parentSchemaName="systemuser" parentDisplayName="User" solution="ProjectService (3.10.0.31)">
          <package>ProjectService_Anchor (3.10.79.12)</package>
        </Required>
        <Dependent type="60" displayName="Agent Channel" parentDisplayName="User" id="{4a3294ca-3132-ec11-b6e5-00224808de9e}" />
      </MissingDependency>
      <MissingDependency>
        <Required type="10" schemaName="msdyn_systemuser_msdyn_projectapproval_Manager" displayName="msdyn_systemuser_msdyn_projectapproval_Manager" parentSchemaName="systemuser" parentDisplayName="User" solution="ProjectService (3.10.0.31)">
          <package>ProjectService_Anchor (3.10.79.12)</package>
        </Required>
        <Dependent type="60" displayName="Agent Channel" parentDisplayName="User" id="{4a3294ca-3132-ec11-b6e5-00224808de9e}" />
      </MissingDependency>
      <MissingDependency>
        <Required type="2" schemaName="msdyn_botdescription" displayName="Description" parentSchemaName="systemuser" parentDisplayName="User" solution="OmnichannelBase (1.5.0.5970)">
          <package>OmnichannelPrimeChatAnchor (1.5.16.9972)</package>
          <package>OmnichannelPrimeFacebookAnchor (1.5.16.8391)</package>
          <package>OmnichannelPrimeOutboundAnchor (1.5.16.8015)</package>
          <package>OmnichannelPrimeSMSAnchor (1.5.16.8593)</package>
          <package>OmnichannelPrimeSocialChannelsAnchor (1.5.16.8573)</package>
          <package>OmnichannelPrimeTeams (1.5.16.8394)</package>
          <package>OmnichannelPrimeTelephony (1.5.16.8837)</package>
          <package>UnifiedRoutingPrimeAnchor (1.5.16.6460)</package>
        </Required>
        <Dependent type="60" displayName="Agent Channel" parentDisplayName="User" id="{4a3294ca-3132-ec11-b6e5-00224808de9e}" />
      </MissingDependency>
      <MissingDependency>
        <Required type="2" schemaName="msdyn_botprovider" displayName="Bot Provider" parentSchemaName="systemuser" parentDisplayName="User" solution="msdyn_OmnichannelBotEnablerPatch (1.5.16.57)">
          <package>OmnichannelPrimeChatAnchor (1.5.16.9972)</package>
          <package>OmnichannelPrimeFacebookAnchor (1.5.16.8391)</package>
          <package>OmnichannelPrimeSMSAnchor (1.5.16.8593)</package>
          <package>OmnichannelPrimeSocialChannelsAnchor (1.5.16.8573)</package>
          <package>OmnichannelPrimeTeams (1.5.16.8394)</package>
          <package>OmnichannelPrimeTelephony (1.5.16.8837)</package>
        </Required>
        <Dependent type="60" displayName="Agent Channel" parentDisplayName="User" id="{4a3294ca-3132-ec11-b6e5-00224808de9e}" />
      </MissingDependency>
      <MissingDependency>
        <Required type="2" schemaName="msdyn_capacity" displayName="Capacity" parentSchemaName="systemuser" parentDisplayName="User" solution="OmnichannelBase (1.5.0.5970)">
          <package>OmnichannelPrimeChatAnchor (1.5.16.9972)</package>
          <package>OmnichannelPrimeFacebookAnchor (1.5.16.8391)</package>
          <package>OmnichannelPrimeOutboundAnchor (1.5.16.8015)</package>
          <package>OmnichannelPrimeSMSAnchor (1.5.16.8593)</package>
          <package>OmnichannelPrimeSocialChannelsAnchor (1.5.16.8573)</package>
          <package>OmnichannelPrimeTeams (1.5.16.8394)</package>
          <package>OmnichannelPrimeTelephony (1.5.16.8837)</package>
          <package>UnifiedRoutingPrimeAnchor (1.5.16.6460)</package>
        </Required>
        <Dependent type="60" displayName="Agent Channel" parentDisplayName="User" id="{4a3294ca-3132-ec11-b6e5-00224808de9e}" />
      </MissingDependency>
      <MissingDependency>
        <Required type="26" schemaName="Omnichannel queues" displayName="Omnichannel queues" parentSchemaName="queue" parentDisplayName="Queue" solution="OmnichannelBase (1.5.0.5970)" id="{475ba760-c16c-e911-8196-000d3af7379e}">
          <package>OmnichannelPrimeChatAnchor (1.5.16.9972)</package>
          <package>OmnichannelPrimeFacebookAnchor (1.5.16.8391)</package>
          <package>OmnichannelPrimeOutboundAnchor (1.5.16.8015)</package>
          <package>OmnichannelPrimeSMSAnchor (1.5.16.8593)</package>
          <package>OmnichannelPrimeSocialChannelsAnchor (1.5.16.8573)</package>
          <package>OmnichannelPrimeTeams (1.5.16.8394)</package>
          <package>OmnichannelPrimeTelephony (1.5.16.8837)</package>
          <package>UnifiedRoutingPrimeAnchor (1.5.16.6460)</package>
        </Required>
        <Dependent type="60" displayName="Agent Channel" parentDisplayName="User" id="{4a3294ca-3132-ec11-b6e5-00224808de9e}" />
      </MissingDependency>
      <MissingDependency>
        <Required type="61" schemaName="msdyn_/Libraries/require/require.js" displayName="msdyn_/Libraries/require/require.js" solution="ProjectService (3.10.0.31)">
          <package>ProjectService_Anchor (3.10.79.12)</package>
        </Required>
        <Dependent type="60" displayName="Agent Channel" parentDisplayName="User" id="{4a3294ca-3132-ec11-b6e5-00224808de9e}" />
      </MissingDependency>
      <MissingDependency>
        <Required type="61" schemaName="msdyn_/User/FieldService.SystemUser.js" displayName="msdyn_/User/FieldService.SystemUser.js" solution="FieldService (8.8.0.88)">
          <package>FieldService_Anchor (8.8.87.35)</package>
        </Required>
        <Dependent type="60" displayName="Agent Channel" parentDisplayName="User" id="{4a3294ca-3132-ec11-b6e5-00224808de9e}" />
      </MissingDependency>
      <MissingDependency>
        <Required type="61" schemaName="msdyn_capacityprofileSubgridActions.js" displayName="msdyn_capacityprofileSubgridActions.js" solution="OCBaseURBase (1.0.0.3794)">
          <package>OmnichannelPrimeChatAnchor (1.5.16.9972)</package>
          <package>OmnichannelPrimeFacebookAnchor (1.5.16.8391)</package>
          <package>OmnichannelPrimeSMSAnchor (1.5.16.8593)</package>
          <package>OmnichannelPrimeSocialChannelsAnchor (1.5.16.8573)</package>
          <package>OmnichannelPrimeTeams (1.5.16.8394)</package>
          <package>OmnichannelPrimeTelephony (1.5.16.8837)</package>
          <package>UnifiedRoutingPrimeAnchor (1.5.16.6460)</package>
        </Required>
        <Dependent type="60" displayName="Agent Channel" parentDisplayName="User" id="{4a3294ca-3132-ec11-b6e5-00224808de9e}" />
      </MissingDependency>
      <MissingDependency>
        <Required type="61" schemaName="msdyn_OmnichannelBotEnabler/msdyn_BotUser.js" displayName="msdyn_OmnichannelBotEnabler/msdyn_BotUser.js" solution="msdyn_OmnichannelBotEnablerPatch (1.5.16.57)">
          <package>OmnichannelPrimeChatAnchor (1.5.16.9972)</package>
          <package>OmnichannelPrimeFacebookAnchor (1.5.16.8391)</package>
          <package>OmnichannelPrimeSMSAnchor (1.5.16.8593)</package>
          <package>OmnichannelPrimeSocialChannelsAnchor (1.5.16.8573)</package>
          <package>OmnichannelPrimeTeams (1.5.16.8394)</package>
          <package>OmnichannelPrimeTelephony (1.5.16.8837)</package>
        </Required>
        <Dependent type="60" displayName="Agent Channel" parentDisplayName="User" id="{4a3294ca-3132-ec11-b6e5-00224808de9e}" />
      </MissingDependency>
      <MissingDependency>
        <Required type="61" schemaName="msdyn_userSettings.js" displayName="msdyn_userSettings.js" solution="OmnichannelBase (1.5.0.5970)">
          <package>OmnichannelPrimeChatAnchor (1.5.16.9972)</package>
          <package>OmnichannelPrimeFacebookAnchor (1.5.16.8391)</package>
          <package>OmnichannelPrimeOutboundAnchor (1.5.16.8015)</package>
          <package>OmnichannelPrimeSMSAnchor (1.5.16.8593)</package>
          <package>OmnichannelPrimeSocialChannelsAnchor (1.5.16.8573)</package>
          <package>OmnichannelPrimeTeams (1.5.16.8394)</package>
          <package>OmnichannelPrimeTelephony (1.5.16.8837)</package>
          <package>UnifiedRoutingPrimeAnchor (1.5.16.6460)</package>
        </Required>
        <Dependent type="60" displayName="Agent Channel" parentDisplayName="User" id="{4a3294ca-3132-ec11-b6e5-00224808de9e}" />
      </MissingDependency>
      <MissingDependency>
        <Required type="66" schemaName="Microsoft.AddressInputUCI" displayName="Microsoft.AddressInputUCI" solution="BaseCustomControlsCore (9.0.2302.2015)" />
        <Dependent type="60" displayName="Agent Channel" parentDisplayName="User" id="{4a3294ca-3132-ec11-b6e5-00224808de9e}" />
      </MissingDependency>
      <MissingDependency>
        <Required type="66" schemaName="MscrmControls.FieldControls.ToggleControl" displayName="MscrmControls.FieldControls.ToggleControl" solution="BaseCustomControlsCore (9.0.2302.2015)" />
        <Dependent type="60" displayName="Agent Channel" parentDisplayName="User" id="{4a3294ca-3132-ec11-b6e5-00224808de9e}" />
      </MissingDependency>
    </MissingDependencies>
  </SolutionManifest>
</ImportExportXml>