{"metaData":{"id":"2c91404f-dbd7-4bfc-b099-6608a5df2556","format":{"provider":"parquet","options":{}},"schemaString":"{\"type\":\"struct\",\"fields\":[{\"name\":\"DIMENSIONATTRIBUTE\",\"type\":\"long\",\"nullable\":true,\"metadata\":{}},{\"name\":\"ISSUSPENDED\",\"type\":\"integer\",\"nullable\":true,\"metadata\":{}},{\"name\":\"ACTIVEFROM\",\"type\":\"timestamp\",\"nullable\":true,\"metadata\":{}},{\"name\":\"ACTIVETO\",\"type\":\"timestamp\",\"nullable\":true,\"metadata\":{}},{\"name\":\"ISTOTAL\",\"type\":\"integer\",\"nullable\":true,\"metadata\":{}},{\"name\":\"ENTITYINSTANCE\",\"type\":\"long\",\"nullable\":true,\"metadata\":{}},{\"name\":\"ISBLOCKEDFORMANUALENTRY\",\"type\":\"integer\",\"nullable\":true,\"metadata\":{}},{\"name\":\"GROUPDIMENSION\",\"type\":\"string\",\"nullable\":true,\"metadata\":{}},{\"name\":\"HASHKEY\",\"type\":\"string\",\"nullable\":true,\"metadata\":{}},{\"name\":\"ISDELETED\",\"type\":\"integer\",\"nullable\":true,\"metadata\":{}},{\"name\":\"OWNER\",\"type\":\"long\",\"nullable\":true,\"metadata\":{}},{\"name\":\"ISBALANCING_PSN\",\"type\":\"integer\",\"nullable\":true,\"metadata\":{}},{\"name\":\"MODIFIEDBY\",\"type\":\"string\",\"nullable\":true,\"metadata\":{}},{\"name\":\"RECVERSION\",\"type\":\"integer\",\"nullable\":true,\"metadata\":{}},{\"name\":\"PARTITION\",\"type\":\"long\",\"nullable\":true,\"metadata\":{}},{\"name\":\"RECID\",\"type\":\"long\",\"nullable\":true,\"metadata\":{}}]}","partitionColumns":[],"createdTime":1710847253655,"configuration":{}}}
{"protocol":{"minReaderVersion":1,"minWriterVersion":2,"readerFeatures":null,"writerFeatures":null}}
{"commitInfo":{"operation":"ReplaceTable","engineInfo":"Mashup Engine/2.127.933.0","additionalCommitInfo":null}}
{"remove":{"path":"c7d71722a5cc496ea77931b4c8242be9.parquet","deletionTimestamp":1710847252983,"dataChange":true,"extendedFileMetadata":false,"partitionValues":{},"size":159530,"tags":{"VORDER":"true"}}}
{"remove":{"path":"ddc725f4165446a0873664fe2778f80f.parquet","deletionTimestamp":1710847252983,"dataChange":true,"extendedFileMetadata":false,"partitionValues":{},"size":735,"tags":{"VORDER":"true"}}}
{"add":{"path":"7141a3516934474bb4d6b6211a9a6d77.parquet","partitionValues":{},"size":735,"modificationTime":1710847256046,"dataChange":true,"stats":"{\"numRecords\":0,\"minValues\":{},\"maxValues\":{},\"nullCount\":{}}","tags":{"VORDER":"true"}}}
{"add":{"path":"543d90b399c047968193e475de0454c7.parquet","partitionValues":{},"size":159530,"modificationTime":1710847258671,"dataChange":true,"stats":"{\"numRecords\":3440,\"minValues\":{\"DIMENSIONATTRIBUTE\":5637144576.0,\"ISSUSPENDED\":0.0,\"ACTIVEFROM\":\"1900-01-01 00:00:00.000000\",\"ACTIVETO\":\"1900-01-01 00:00:00.000000\",\"ISTOTAL\":0.0,\"ENTITYINSTANCE\":1.0,\"ISBLOCKEDFORMANUALENTRY\":0.0,\"GROUPDIMENSION\":\"\",\"HASHKEY\":\"0001EC2E-0A93-484C-9D61-4527AEBDF967\",\"ISDELETED\":0.0,\"OWNER\":0.0,\"ISBALANCING_PSN\":0.0,\"MODIFIEDBY\":\" \",\"RECVERSION\":0.0,\"PARTITION\":5637144576.0,\"RECID\":5637144576.0},\"maxValues\":{\"DIMENSIONATTRIBUTE\":22565424194.0,\"ISSUSPENDED\":1.0,\"ACTIVEFROM\":\"1900-01-01 00:00:00.000000\",\"ACTIVETO\":\"1900-01-01 00:00:00.000000\",\"ISTOTAL\":1.0,\"ENTITYINSTANCE\":52565452583.0,\"ISBLOCKEDFORMANUALENTRY\":1.0,\"GROUPDIMENSION\":\"33\",\"HASHKEY\":\"FFFC5E47-B397-4C41-9536-CFCD144153F0\",\"ISDELETED\":1.0,\"OWNER\":0.0,\"ISBALANCING_PSN\":1.0,\"MODIFIEDBY\":\"svcSynch\",\"RECVERSION\":0.0,\"PARTITION\":5637144577.0,\"RECID\":52565500837.0},\"nullCount\":{\"DIMENSIONATTRIBUTE\":0,\"ISSUSPENDED\":0,\"ACTIVEFROM\":0,\"ACTIVETO\":0,\"ISTOTAL\":0,\"ENTITYINSTANCE\":0,\"ISBLOCKEDFORMANUALENTRY\":0,\"GROUPDIMENSION\":0,\"HASHKEY\":0,\"ISDELETED\":0,\"OWNER\":0,\"ISBALANCING_PSN\":0,\"MODIFIEDBY\":0,\"RECVERSION\":0,\"PARTITION\":0,\"RECID\":0}}","tags":{"VORDER":"true"}}}
