{"$schema":"http://schema.management.azure.com/schemas/2015-01-01/deploymentTemplate.json#","contentVersion":"1.0.0.0","parameters":{"workspaceName":{"type":"string","metadata":"Workspace name","defaultValue":"financesynapseanalytics"},"SynapseServerlessEndpoint":{"type":"string"},"financesynapseanalytics-WorkspaceDefaultSqlServer":{"type":"string"},"financesynapseanalytics-WorkspaceDefaultStorage":{"type":"string"}},"variables":{"workspaceId":"[concat('Microsoft.Synapse/workspaces/', parameters('workspaceName'))]"},"resources":[{"name":"[concat(parameters('workspaceName'), '/CDMUtil')]","type":"Microsoft.Synapse/workspaces/pipelines","apiVersion":"2019-06-01-preview","properties":{"description":"Read cdm metadata file (cdm.json) and create openrowset views or external tables on Synapse serverless endpoint or create Synapse table on Synapse dedicated pool. ","activities":[{"name":"GenerateMetadata","type":"IfCondition","dependsOn":[],"userProperties":[],"typeProperties":{"expression":{"value":"@equals(pipeline().parameters.folderpath, null)","type":"Expression"},"ifFalseActivities":[{"name":"Lookup_cdmjson","type":"Lookup","dependsOn":[],"policy":{"timeout":"7.00:00:00","retry":0,"retryIntervalInSeconds":30,"secureOutput":false,"secureInput":false},"userProperties":[],"typeProperties":{"source":{"type":"JsonSource","storeSettings":{"type":"AzureBlobFSReadSettings","recursive":true,"enablePartitionDiscovery":false},"formatSettings":{"type":"JsonReadSettings"}},"dataset":{"referenceName":"cdm_json1","type":"DatasetReference","parameters":{"container":{"value":"@concat(pipeline().parameters.container,'/',pipeline().parameters.Environment,'/',pipeline().parameters.folderpath)","type":"Expression"},"file":{"value":"@pipeline().parameters.filepath","type":"Expression"}}}}}],"ifTrueActivities":[{"name":"CopyMetadata","description":"Recursive copy cdm.json files to metadata.parquet file","type":"Copy","dependsOn":[],"policy":{"timeout":"7.00:00:00","retry":0,"retryIntervalInSeconds":30,"secureOutput":false,"secureInput":false},"userProperties":[],"typeProperties":{"source":{"type":"JsonSource","additionalColumns":[{"name":"FilePath","value":"$$FILEPATH"},{"name":"Environment","value":{"value":"@{pipeline().parameters.Environment}","type":"Expression"}}],"storeSettings":{"type":"AzureBlobFSReadSettings","recursive":true,"wildcardFolderPath":{"value":"@{pipeline().parameters.Environment}/**/","type":"Expression"},"wildcardFileName":"*.cdm.json","enablePartitionDiscovery":false},"formatSettings":{"type":"JsonReadSettings"}},"sink":{"type":"ParquetSink","storeSettings":{"type":"AzureBlobFSWriteSettings","copyBehavior":"MergeFiles"},"formatSettings":{"type":"ParquetWriteSettings"}},"enableStaging":false,"translator":{"type":"TabularTranslator","mappings":[{"source":{"path":"$['definitions']"},"sink":{"name":"definitions","type":"String"}},{"source":{"path":"$['FilePath']"},"sink":{"name":"FilePath","type":"String"}},{"source":{"path":"$['Environment']"},"sink":{"name":"Environment","type":"String"}}],"collectionReference":"","mapComplexValuesToString":true}},"inputs":[{"referenceName":"cdmjson1","type":"DatasetReference","parameters":{"Container":{"value":"@pipeline().parameters.container","type":"Expression"}}}],"outputs":[{"referenceName":"metadata1","type":"DatasetReference","parameters":{"container":{"value":"@pipeline().parameters.container","type":"Expression"},"folder":{"value":"@{pipeline().parameters.Environment}","type":"Expression"}}}]}]}},{"name":"If_DDLType_SynapseTable","type":"IfCondition","dependsOn":[{"activity":"GenerateMetadata","dependencyConditions":["Succeeded"]}],"userProperties":[],"typeProperties":{"expression":{"value":"@equals(pipeline().parameters.DDLType, 'SynapseTable')","type":"Expression"},"ifFalseActivities":[{"name":"CreateSynapse_ViewOrExternalTable","description":"Create View or External Table on Synapse Serverless Database","type":"Script","dependsOn":[{"activity":"CreateDataSource","dependencyConditions":["Succeeded"]}],"policy":{"timeout":"7.00:00:00","retry":0,"retryIntervalInSeconds":30,"secureOutput":false,"secureInput":false},"userProperties":[],"linkedServiceName":{"referenceName":"[parameters('SynapseServerlessEndpoint')]","type":"LinkedServiceReference","parameters":{"DbName":{"value":"@pipeline().parameters.DbName","type":"Expression"}}},"typeProperties":{"scripts":[{"type":"NonQuery","text":{"value":"Declare @entity nvarchar(200) = '@{if(equals(pipeline().parameters.folderpath,null), null, replace(replace(pipeline().parameters.filepath,'.cdm.json', ''), '-resolved', ''))}';\nDeclare @attributes nvarchar(max) = N'@{if(equals(pipeline().parameters.folderpath,null), null, replace(string(activity('Lookup_cdmjson').output.firstRow.definitions[0].hasAttributes), '''', ''))}';\nDeclare @location nvarchar(1000) = '@{if(equals(pipeline().parameters.folderpath,null), null, concat(replace(pipeline().parameters.folderpath, '/resolved', ''), '/' , replace(replace(pipeline().parameters.filepath,'.cdm.json', ''), '-resolved', '') , '/*.csv'))}';\nDeclare @traits nvarchar(max) = '@{if(equals(pipeline().parameters.folderpath,null), null,replace(string(activity('Lookup_cdmjson').output.firstRow.definitions[0].exhibitsTraits),'''', ''''''))}';\n\ndeclare @datasource nvarchar(200) = '@{pipeline().parameters.Environment}';\ndeclare @parserVersion nvarchar(10) = '@{pipeline().parameters.ParserVersion}';\ndeclare @readOption nvarchar(300) = N'''{\"READ_OPTIONS\":[\"ALLOW_INCONSISTENT_READS\"]}''';\ndeclare @ddlType nvarchar(20) = '@{pipeline().parameters.DDLType}';\ndeclare @schema nvarchar(10) = '@{pipeline().parameters.Schema}';\ndeclare @fileFormat nvarchar(100);\n\nprint('DataSource:' + @datasource );\nprint('ParserVersion:' + @parserVersion );\nprint('DDLType:' + @ddlType);\nprint('--Metadata prep--');\ndeclare @entities nvarchar(max); \n\nIF (isNull(@entity,'') = '')\n\tSet @entities =(select string_agg(convert(nvarchar(max),\n\t\t\tcase \n\t\t\t\twhen FilePath like '%ChangeFeed/%'  then '_cdc_'+  JSON_VALUE(definitions, '$[0].entityName') \n\t\t\t\telse JSON_VALUE(definitions, '$[0].entityName') \n\t\t\t\tend)\n\t\t\t,',') \n\tFrom \n\t\tOPENROWSET(BULK '/metadata.parquet',         \n\t\tFORMAT = 'PARQUET',         \n\t\tDATA_SOURCE = '@{pipeline().parameters.Environment}')\n\t\twith (FilePath nvarchar(200), definitions nvarchar(max), Environment nvarchar(200) ) \n\tAS [result] \n\twhere FilePath  like '%resolved%');\nELSE\n\tset @entities = @entity;\n\nprint('Entities:' + @entities );\ndrop table if exists  #entities;\nCREATE TABLE #entities\n(\n    EntityName nvarchar(200)\n);\n\ninsert into #entities\nselect value from string_split(@entities, ',') \nDECLARE @counter int = 1\nDECLARE @recordCount int = (SELECT COUNT(1) from #entities)\n\nprint ('EntityCount:' + convert(varchar(10), @recordCount));\nprint ('-- Loop through entities');\n\nWHILE @counter <= @recordCount \nBEGIN \n\t  declare @view int = 0;\n\t  declare @EntityName nvarchar(200);\n\t  Set @EntityName = (SELECT EntityName\n\t  FROM(SELECT *, ROW_NUMBER() OVER(ORDER BY EntityName) AS RN\n\t  FROM #entities) as T\n\t  WHERE RN = @counter)\n\n\tIF (isNull(@entity,'') = '')\n\tBEGIN;\n\t\tselect top 1 \n\t\t@entity = \n\t\tcase when FilePath like '%ChangeFeed/%'  then '_cdc_'+  JSON_VALUE(definitions, '$[0].entityName')\n\t\t\telse JSON_VALUE(definitions, '$[0].entityName')\n\t\t\tend,\n\t\t@location = replace(replace(replace([FilePath], '/resolved/', '/'), '.cdm.json', ''), '-resolved', '') + '/*.csv', \n\t\t@attributes = JSON_QUERY(definitions, '$[0].hasAttributes'),  \n\t\t@traits = JSON_QUERY(definitions, '$[0].exhibitsTraits')\n\t\t\tFrom \n\t\t\t\tOPENROWSET(BULK '/metadata.parquet',         \n\t\t\t\tFORMAT = 'PARQUET',         \n\t\t\t\tDATA_SOURCE = '@{pipeline().parameters.Environment}') \n\t\t\t\twith (FilePath nvarchar(200), definitions nvarchar(max), Environment nvarchar(200) ) \n\t\t\tAS [result] \n\t\t\twhere FilePath  like '%resolved%' \n\t\t\tand (case \n\t\t\twhen FilePath like '%ChangeFeed/%'  then '_cdc_'+  JSON_VALUE(definitions, '$[0].entityName') \n\t\t\telse JSON_VALUE(definitions, '$[0].entityName') \n\t\t\tend = @EntityName);\n\tEND;\n\n\tPRINT ('Counter:' + convert(varchar(10), @counter));\n\tPRINT ('Entity:' + @entity);\n\tPRINT ('Location:' + @location);\n\tSET @counter = @counter + 1\n\t\n\tIF (isNull(@traits,'') <> '')\n\tBEGIN;\n\t\tdeclare @ViewDefinition nvarchar(max) = (SELECT ISNULL(viewDefinition, viewDefinition1)\n\t\t\tFROM OPENJSON(@traits)\n\t\t\tWITH (\n\t\t\ttraitReference NVARCHAR(100) '$.traitReference',\n\t\t\tviewDefinition nvarchar(max) '$.arguments[0].value',\n\t\t\tviewDefinition1 nvarchar(max) '$.arguments[0]'\n\t\t\t)\n\t\t\twhere traitReference = 'has.sqlViewDefinition')\n\n\t\tIF (isNull(@ViewDefinition,'') <> '')\n\t\tBEGIN;  \n\t\t\tset @view = 1;\n\t\t\tdeclare @dateTimeFunct nvarchar(50);\n\n\t\t\tIF (@parserVersion = '2.0')\n\t\t\t\tSET @dateTimeFunct = 'GETUTCDATE()';\n\t\t\tELSE \n\t\t\t\tSET @dateTimeFunct = 'SYSUTCDATETIME()';\n\n\t\t\tSET @ViewDefinition = replace(replace(replace(replace(replace(replace(replace(@ViewDefinition\n\t\t\t\t\t\t\t\t\t\t\t, 'CREATE VIEW', 'CREATE OR ALTER VIEW')\n\t\t\t\t\t\t\t\t\t\t\t, '[dbo].GetValidFromInContextInfo()', @dateTimeFunct)\n\t\t\t\t\t\t\t\t\t\t\t, '[dbo].GetValidToInContextInfo()', @dateTimeFunct)\n\t\t\t\t\t\t\t\t\t\t\t, 'dbo.GetValidFromInContextInfo()', @dateTimeFunct)\n\t\t\t\t\t\t\t\t\t\t\t, 'dbo.GetValidToInContextInfo()', @dateTimeFunct)\n\t\t\t\t\t\t\t\t\t\t\t, 'GetValidFromInContextInfo()', @dateTimeFunct)\n\t\t\t\t\t\t\t\t\t\t\t, 'GetValidToInContextInfo()', @dateTimeFunct)\t\t\t\n\t\t\tbegin try\n\t\t\t\texecute sp_executesql @ViewDefinition;\n\t\t\tend try\n\t\t\tbegin catch;\n\t\t\t\tprint (@ViewDefinition)\n\t\t\t\tprint  (ERROR_MESSAGE());  \n\t\t\tend catch;\n\t\tEND;\n\tEND;\n\tIF (@view = 0)\n\tBEGIN;\n\t\tdrop table if exists  #metadata;\n\t\tCREATE TABLE #metadata\n\t\t(\n\t\t\tName nvarchar(200), datatype NVARCHAR(50), maxLength int, datatypeSQL nvarchar(100), enum nvarchar(100)\n\t\t);\n\n\t\tinsert into #metadata\n\t\tselect   \n\t\t\tx.Name,  \n\t\t\tx.dataType  dataType\n\t\t\t, x.maxLength,\n\t\t\tcase    \n\t\t\twhen x.dataType = 'nvarchar' and x.maxLength < 0 then 'nvarchar(max)'  \n\t\t\twhen x.datatype = 'nvarchar' then 'nvarchar(' + convert(nvarchar(10), x.maxLength) + ')'\n\t\t\twhen x.datatype = 'decimal' then 'decimal(32,16)'  \n\t\t\telse x.datatype end as datatypeSQL,\n\t\t\tx.enum  \n\t\tfrom ( \n\t\t\tselect \n\t\t\tName,   \n\t\t\tcase      \n\t\t\twhen datatype ='guid' then 'UNIQUEIDENTIFIER'  \n\t\t\twhen lower(name) ='_sysrowid' then 'bigint'\n\t\t\twhen datatype = 'string' and enum = 'is.constrainedList.wellKnown' then 'int'\n\t\t\twhen datatype = 'string' then 'nvarchar'\n\t\t\twhen datatype = 'int32' then 'int'   \n\t\t\twhen datatype = 'int64' then 'bigInt'    \n\t\t\twhen datatype = 'boolean' then 'bit'   \n\t\t\twhen datatype = 'double' then 'real' \n\t\t\twhen datatype = 'DateTime' then 'DateTime2' \n\t\t\twhen datatype = 'Time' then 'int'   \n\t\t\telse datatype end as dataType\n\t\t\t,    \n\t\t\tcase \n\t\t\twhen datatype = 'string' and  maxLength > 4000 then -1\n\t\t\twhen datatype = 'string' and lower(name) ='lsn' then 60\n\t\t\twhen datatype = 'string' and lower(name) = 'start_lsn' then 60\n\t\t\twhen datatype = 'string' and lower(name) = 'seq_val' then 60\n\t\t\twhen datatype = 'string' and lower(name) = 'dml_action' then 15\n\t\t\twhen datatype = 'string' and lower(name) = 'update_mask' then 200\n\t\t\twhen datatype = 'string' and lower(name) = 'createdby' then 20\n\t\t\twhen datatype = 'string' and lower(name) = 'modifiedby' then 20\n\t\t\twhen datatype = 'string'  and maxLength is null and (@ddlType = 'SynapseExternalTable' and @parserVersion = '1.0') then -1\n\t\t\twhen datatype = 'string'  and maxLength is null then 1000\n\t\t\twhen datatype = 'string'  then maxLength end as maxLength,\n\t\t\tenum\n\t\t\tFROM OPENJSON(@attributes)  \n\t\t\tWITH (  name nvarchar(200) '$.name',  datatype NVARCHAR(50) '$.dataFormat' , maxLength int '$.maximumLength' \n\t\t\t,scale int '$.traits[0].arguments[1].value', enum nvarchar(max) '$.appliedTraits[3].traitReference')  )x ; \n\t\n\t\tIF (@ddlType = 'SynapseExternalTable')\n\t\t\tBEGIN;\n\t\t\t\tIF (@parserVersion = '2.0')\n\t\t\t\t\tSET @fileFormat = '_CSV_P2';\n\t\t\t\tELSE \n\t\t\t\t\tSET @fileFormat = '_CSV_P1';\n\t\t\n\t\t\t\tDeclare @CreateExternalTableDDL nvarchar(max)= (Select \n\t\t\t\t'If (OBJECT_ID(''' + @Schema + '.' + @entity +''') is not NULL)   \n\t\t\t\tdrop external table  ' + @Schema + '.' + @entity +' ;  \n\t\t\t\tcreate   EXTERNAL TABLE ' + @Schema + '.' + @entity +'(' + STRING_AGG(CONVERT(NVARCHAR(max), + '[' + name + '] ' +  datatypeSQL) , ',') + ')  \n\t\t\t\tWITH (\n\t\t\t\t\t\tLOCATION = '''+ @location + ''', \n\t\t\t\t\t\tDATA_SOURCE =['+@datasource+'],\n\t\t\t\t\t\tFILE_FORMAT = ['+@fileFormat+'],\n\t\t\t\t\t\tTABLE_OPTIONS = ' + @readOption +')'\n\t\t\t\tfrom #metadata);\n\t\t\t\t\tprint(@CreateExternalTableDDL);\n\t\t\t\t\texecute sp_executesql @CreateExternalTableDDL\n\t\t\tEND;\n\t\tELSE\n\t\t\tBEGIN;\n\t\t\t\tDeclare @CreateTableDDL nvarchar(max) = (SELECT \n\t\t\t\t'CREATE OR ALTER VIEW ' + @Schema + '.'  + @entity + ' AS \n\t\t\t\tSELECT \n\t\t\t\tcast(r.filepath(1) as varchar(100)) as [$FileName],\n\t\t\t\t* \n\t\t\t\tFROM \n\t\t\t\tOPENROWSET(\n\t\t\t\t\tBULK '''+ @location + ''', \n\t\t\t\t\tFORMAT = ''CSV'', \n\t\t\t\t\tPARSER_VERSION = '''+ @parserVersion +''', \n\t\t\t\t\tDATA_SOURCE ='''+@datasource+''',\n\t\t\t\t\tROWSET_OPTIONS =  ' + @readOption +' \n\t\t\t\t\t) \n\t\t\t\tWITH (' + STRING_AGG(CONVERT(NVARCHAR(max), + '[' + name + '] ' +  datatypeSQL) , ',') + ') as r'  \n\t\t\t\tfrom #metadata);\n\t\t\t\tprint (@CreateTableDDL);\n\t\t\t\texecute sp_executesql  @CreateTableDDL;\n\t\t\tEND;\n\t\tEND;\n\tset @entity = null;\nEND;","type":"Expression"}}],"logSettings":{"logDestination":"ActivityOutput"}}},{"name":"CreateDataSource","description":"Prepare Synapse Serverless Database","type":"Script","dependsOn":[],"policy":{"timeout":"7.00:00:00","retry":0,"retryIntervalInSeconds":30,"secureOutput":false,"secureInput":false},"userProperties":[],"linkedServiceName":{"referenceName":"[parameters('SynapseServerlessEndpoint')]","type":"LinkedServiceReference","parameters":{"DbName":{"value":"@pipeline().parameters.DbName","type":"Expression"}}},"typeProperties":{"scripts":[{"type":"NonQuery","text":{"value":"Declare @environmentName nvarchar(200) = '@{pipeline().parameters.Environment}'\nDeclare @location nvarchar(300) = '@{pipeline().parameters.StorageAccount}@{replace(concat(pipeline().parameters.container,'/',pipeline().parameters.Environment), '//','/')}';\n\nDeclare @CreateCredentials nvarchar(max) =  'IF NOT EXISTS(select * from sys.database_credentials where name = '''+@environmentName+''')\n    CREATE DATABASE SCOPED CREDENTIAL [' +@environmentName+'] WITH IDENTITY=''Managed Identity''';\n\nexecute sp_executesql  @CreateCredentials;\n\nDeclare @CreateExternalDataSource nvarchar(max) =  'IF NOT EXISTS(select * from sys.external_data_sources where name = '''+ @environmentName+''')\n        CREATE EXTERNAL DATA SOURCE [' +@environmentName+'] WITH (\n            LOCATION = '''+ @location +''',\n            CREDENTIAL = [' + @environmentName + '])'\nexecute sp_executesql  @CreateExternalDataSource;\n\nIF NOT EXISTS(select * from sys.external_file_formats  where name = '_CSV_P1')\n    CREATE EXTERNAL FILE FORMAT _CSV_P1\n    WITH (  \n        FORMAT_TYPE = DELIMITEDTEXT,\n        FORMAT_OPTIONS ( FIELD_TERMINATOR = ',', STRING_DELIMITER = '\"', FIRST_ROW = 1, USE_TYPE_DEFAULT = true)\n    );\n\nIF NOT EXISTS(select * from sys.external_file_formats  where name = '_CSV_P2')\n    CREATE EXTERNAL FILE FORMAT _CSV_P2\n    WITH (  \n        FORMAT_TYPE = DELIMITEDTEXT,\n        FORMAT_OPTIONS ( FIELD_TERMINATOR = ',', STRING_DELIMITER = '\"', FIRST_ROW = 1, PARSER_VERSION = '2.0' ));\n\t\t\n\n","type":"Expression"}}],"logSettings":{"logDestination":"ActivityOutput"}}}],"ifTrueActivities":[{"name":"CreateSynapseTable","description":"Synapse Dedicated pool endpoint","type":"Script","dependsOn":[{"activity":"CopyMetadata_DedicatedPool","dependencyConditions":["Succeeded"]}],"policy":{"timeout":"7.00:00:00","retry":0,"retryIntervalInSeconds":30,"secureOutput":false,"secureInput":false},"userProperties":[],"linkedServiceName":{"referenceName":"[parameters('financesynapseanalytics-WorkspaceDefaultSqlServer')]","type":"LinkedServiceReference","parameters":{"DBName":{"value":"@pipeline().parameters.DbName","type":"Expression"}}},"typeProperties":{"scripts":[{"type":"NonQuery","text":{"value":"Declare @entity nvarchar(200) = '@{if(equals(pipeline().parameters.folderpath,null), null, replace(replace(pipeline().parameters.filepath,'.cdm.json', ''), '-resolved', ''))}';\nDeclare @attributes nvarchar(max) = N'@{if(equals(pipeline().parameters.folderpath,null), null, replace(string(activity('Lookup_cdmjson').output.firstRow.definitions[0].hasAttributes), '''', ''))}';\nDeclare @location nvarchar(1000) = '@{if(equals(pipeline().parameters.folderpath,null), null, concat(replace(pipeline().parameters.folderpath, '/resolved', ''), '/' , replace(replace(pipeline().parameters.filepath,'.cdm.json', ''), '-resolved', '') , '/*.csv'))}';\nDeclare @traits nvarchar(max) = '@{if(equals(pipeline().parameters.folderpath,null), null,replace(string(activity('Lookup_cdmjson').output.firstRow.definitions[0].exhibitsTraits),'''', ''''''))}';\nDeclare @StorageDS nvarchar(300) = '@{pipeline().parameters.StorageAccount}@{replace(concat(pipeline().parameters.container,'/',pipeline().parameters.Environment), '//','/')}';\n\ndeclare @schema nvarchar(10) = '@{pipeline().parameters.Schema}';\ndeclare @fileFormat nvarchar(100);\n\nprint('--Metadata prep--');\ndeclare @entities nvarchar(max); \n\nIF (isNull(@entity,'') = '')\n\tSet @entities =(select string_agg(convert(nvarchar(max),\n\t\t\tcase \n\t\t\t\twhen FilePath like '%ChangeFeed/%'  then '_cdc_'+  JSON_VALUE(definitions, '$[0].entityName') \n\t\t\t\telse JSON_VALUE(definitions, '$[0].entityName') \n\t\t\t\tend)\n\t\t\t,',') \n\tFrom _metadata\n\twhere FilePath  like '%resolved%');\nELSE\n\tset @entities = @entity;\n\nprint('Entities:' + @entities );\n\nIf (OBJECT_ID('tempdb..#entities') is Not NULL)\ndrop table  #entities;\n\nCREATE TABLE #entities\n(\n    EntityName nvarchar(200)\n);\n\ninsert into #entities\nselect value from string_split(@entities, ',') \nDECLARE @counter int = 1\nDECLARE @recordCount int = (SELECT COUNT(1) from #entities)\n\nprint ('EntityCount:' + convert(varchar(10), @recordCount));\nprint ('-- Loop through entities');\n\nWHILE @counter <= @recordCount \nBEGIN \n\tdeclare @view int = 0;\n\tdeclare @EntityName nvarchar(200);\n\t\n\tSet @EntityName = (SELECT EntityName\n\tFROM(SELECT *, ROW_NUMBER() OVER(ORDER BY EntityName) AS RN\n\tFROM #entities) as T\n\tWHERE RN = @counter)\n\n\tIF (isNull(@entity,'') = '')\n\tBEGIN;\n\t\tselect top 1 \n\t\t@entity = \n\t\tcase when FilePath like '%ChangeFeed/%'  then '_cdc_'+  JSON_VALUE(definitions, '$[0].entityName')\n\t\t\telse JSON_VALUE(definitions, '$[0].entityName')\n\t\t\tend,\n\t\t@location = replace(replace(replace([FilePath], '/resolved/', '/'), '.cdm.json', ''), '-resolved', '') + '/*.csv', \n\t\t@attributes = JSON_QUERY(definitions, '$[0].hasAttributes'),  \n\t\t@traits = JSON_QUERY(definitions, '$[0].exhibitsTraits')\n\t\t\tFrom _metadata\n\t\t\twhere FilePath  like '%resolved%'\n\t\t\tand (case \n\t\t\twhen FilePath like '%ChangeFeed/%'  then '_cdc_'+  JSON_VALUE(definitions, '$[0].entityName') \n\t\t\telse JSON_VALUE(definitions, '$[0].entityName') \n\t\t\tend = @EntityName);\n\tEND;\n\n\tPRINT ('Counter:' + convert(varchar(10), @counter));\n\tPRINT ('Entity:' + @entity);\n\tPRINT ('Location:' + @location);\n\tSET @counter = @counter + 1\n\t\n\tIF (isNull(@traits,'') <> '')\n\tBEGIN;\n\t\tdeclare @ViewDefinition nvarchar(max) = (SELECT ISNULL(viewDefinition, viewDefinition1)\n\t\t\tFROM OPENJSON(@traits)\n\t\t\tWITH (\n\t\t\ttraitReference NVARCHAR(100) '$.traitReference',\n\t\t\tviewDefinition nvarchar(max) '$.arguments[0].value',\n\t\t\tviewDefinition1 nvarchar(max) '$.arguments[0]'\n\t\t\t)\n\t\t\twhere traitReference = 'has.sqlViewDefinition')\n\n\n\t\tIF (isNull(@ViewDefinition,'') <> '')\n\t\tBEGIN;  \n\t\t\tset @view = 1;\n\t\t\tdeclare @dateTimeFunct nvarchar(50) = 'SYSUTCDATETIME()';\n\n\t\t\tSET @ViewDefinition = replace(replace(replace(replace(replace(replace(@ViewDefinition\n\t\t\t\t\t\t\t\t\t\t\t, '[dbo].GetValidFromInContextInfo()', @dateTimeFunct)\n\t\t\t\t\t\t\t\t\t\t\t, '[dbo].GetValidToInContextInfo()', @dateTimeFunct)\n\t\t\t\t\t\t\t\t\t\t\t, 'dbo.GetValidFromInContextInfo()', @dateTimeFunct)\n\t\t\t\t\t\t\t\t\t\t\t, 'dbo.GetValidToInContextInfo()', @dateTimeFunct)\n\t\t\t\t\t\t\t\t\t\t\t, 'GetValidFromInContextInfo()', @dateTimeFunct)\n\t\t\t\t\t\t\t\t\t\t\t, 'GetValidToInContextInfo()', @dateTimeFunct)\t\t\t\n\t\t\tbegin try\n\t\t\t\texecute sp_executesql @ViewDefinition;\n\t\t\tend try\n\t\t\tbegin catch;\n\t\t\t\tprint (@ViewDefinition)\n\t\t\t\tprint  (ERROR_MESSAGE());  \n\t\t\tend catch;\n\t\tEND;\n\tEND;\n\tIF (@view = 0)\n\tBEGIN;\n\t\tIf (OBJECT_ID('tempdb..#metadata') is Not NULL)\n\t\tdrop table  #metadata; \n\t\tCREATE TABLE #metadata\n\t\t(\n\t\t\tName nvarchar(200), datatype NVARCHAR(50), maxLength int, datatypeSQL nvarchar(100), enum nvarchar(100)\n\t\t);\n\n\t\tinsert into #metadata\n\t\tselect   \n\t\t\tx.Name,  \n\t\t\tx.dataType  dataType\n\t\t\t, x.maxLength,\n\t\t\tcase    \n\t\t\twhen x.dataType = 'nvarchar' and x.maxLength < 0 then 'nvarchar(max)'  \n\t\t\twhen x.datatype = 'nvarchar' then 'nvarchar(' + convert(nvarchar(10), x.maxLength) + ')'\n\t\t\twhen x.datatype = 'decimal' then 'decimal(32,16)'  \n\t\t\telse x.datatype end as datatypeSQL,\n\t\t\tx.enum  \n\t\tfrom ( \n\t\t\tselect \n\t\t\tName,   \n\t\t\tcase      \n\t\t\twhen datatype ='guid' then 'UNIQUEIDENTIFIER'  \n\t\t\twhen lower(name) ='_sysrowid' then 'bigint'\n\t\t\twhen datatype = 'string' and enum = 'is.constrainedList.wellKnown' then 'int'\n\t\t\twhen datatype = 'string' then 'nvarchar'\n\t\t\twhen datatype = 'int32' then 'int'   \n\t\t\twhen datatype = 'int64' then 'bigInt'    \n\t\t\twhen datatype = 'boolean' then 'bit'   \n\t\t\twhen datatype = 'double' then 'real' \n\t\t\twhen datatype = 'DateTime' then 'DateTime2'  \n\t\t\twhen datatype = 'Time' then 'int'  \n\t\t\telse datatype end as dataType\n\t\t\t,    \n\t\t\tcase \n\t\t\twhen datatype = 'string' and  maxLength > 4000 then -1\n\t\t\twhen datatype = 'string' and lower(name) ='lsn' then 60\n\t\t\twhen datatype = 'string' and lower(name) = 'start_lsn' then 60\n\t\t\twhen datatype = 'string' and lower(name) = 'seq_val' then 60\n\t\t\twhen datatype = 'string' and lower(name) = 'dml_action' then 15\n\t\t\twhen datatype = 'string' and lower(name) = 'update_mask' then 200\n\t\t\twhen datatype = 'string' and lower(name) = 'createdby' then 20\n\t\t\twhen datatype = 'string' and lower(name) = 'modifiedby' then 20\n\t\t\twhen datatype = 'string'  and maxLength is null then 1000\n\t\t\twhen datatype = 'string'  then maxLength end as maxLength,\n\t\t\tenum\n\t\t\tFROM OPENJSON(@attributes)  \n\t\t\tWITH (  name nvarchar(200) '$.name',  datatype NVARCHAR(50) '$.dataFormat' , maxLength int '$.maximumLength' \n\t\t\t,scale int '$.traits[0].arguments[1].value', enum nvarchar(max) '$.appliedTraits[3].traitReference')  )x ; \n\t\n\n\t\tDeclare @CreateTableDDL nvarchar(max)= (Select \n\t\t'If (OBJECT_ID('+ '''' + @schema + '.' + @entity +''''+ ') is  NULL)       \n\t\tcreate TABLE ' +@schema + '.'+ @entity +'(' + STRING_AGG(CONVERT(NVARCHAR(max), + '[' + name + '] ' +  datatypeSQL) , ',') + ')  \n\t\tWITH (DISTRIBUTION = HASH(RecId), CLUSTERED COLUMNSTORE INDEX)'\n\t\tfrom #metadata);\n\t\t\n\t\tprint(@CreateTableDDL)\n\t\texecute sp_executesql  @CreateTableDDL;\n\t\tdeclare @tablename varchar(200) = @schema +'.'+ @entity;\n\t\tdeclare @dataURI varchar(4000)= @StorageDS + '/' + @location;\n\t\tEXEC [dbo].[DataLakeToSynapse_InsertIntoControlTableForCopy] @TableName = @tablename, @DataLocation = @dataURI, @FileFormat ='CSV',  @MetadataLocation = '', @CDCDataLocation = '';\n\tEND;\n\tset @entity = null;\nEND;","type":"Expression"}}]}},{"name":"CopyMetadata_DedicatedPool","type":"Copy","dependsOn":[],"policy":{"timeout":"7.00:00:00","retry":0,"retryIntervalInSeconds":30,"secureOutput":false,"secureInput":false},"userProperties":[],"typeProperties":{"source":{"type":"ParquetSource","storeSettings":{"type":"AzureBlobFSReadSettings","recursive":true,"enablePartitionDiscovery":false}},"sink":{"type":"SqlDWSink","preCopyScript":"truncate table _metadata","allowCopyCommand":true,"copyCommandSettings":{},"disableMetricsCollection":false},"enableStaging":false},"inputs":[{"referenceName":"metadata1","type":"DatasetReference","parameters":{"container":{"value":"@pipeline().parameters.container","type":"Expression"},"folder":{"value":"@pipeline().parameters.Environment","type":"Expression"}}}],"outputs":[{"referenceName":"SynapseDedicatedPoolTable1","type":"DatasetReference","parameters":{"TableName":"_metadata","DbName":{"value":"@pipeline().parameters.DbName","type":"Expression"}}}]}]}}],"policy":{"elapsedTimeMetric":{},"cancelAfter":{}},"parameters":{"StorageAccount":{"type":"string","defaultValue":"https://ReplaceMe.dfs.core.windows.net/"},"container":{"type":"string","defaultValue":"dynamics365-financeandoperations"},"Environment":{"type":"string","defaultValue":"ReplaceMe.sandbox.operations.dynamics.com"},"DDLType":{"type":"string","defaultValue":"SynapseExternalTable"},"ParserVersion":{"type":"string","defaultValue":"2.0"},"folderpath":{"type":"string"},"filepath":{"type":"string"},"DbName":{"type":"string","defaultValue":"ReplaceMe"},"Schema":{"type":"string","defaultValue":"dbo"}},"folder":{"name":"CDMUtil"},"annotations":[],"lastPublishTime":"2022-08-05T13:47:23Z"},"dependsOn":["[concat(variables('workspaceId'), '/datasets/cdm_json1')]","[concat(variables('workspaceId'), '/datasets/cdmjson1')]","[concat(variables('workspaceId'), '/datasets/metadata1')]","[concat(variables('workspaceId'), '/datasets/SynapseDedicatedPoolTable1')]"]},{"name":"[concat(parameters('workspaceName'), '/cdm_json1')]","type":"Microsoft.Synapse/workspaces/datasets","apiVersion":"2019-06-01-preview","properties":{"linkedServiceName":{"referenceName":"[parameters('financesynapseanalytics-WorkspaceDefaultStorage')]","type":"LinkedServiceReference"},"parameters":{"container":{"type":"string"},"file":{"type":"string"}},"annotations":[],"type":"Json","typeProperties":{"location":{"type":"AzureBlobFSLocation","fileName":{"value":"@dataset().file","type":"Expression"},"fileSystem":{"value":"@dataset().container","type":"Expression"}}},"schema":{}},"dependsOn":[]},{"name":"[concat(parameters('workspaceName'), '/cdmjson1')]","type":"Microsoft.Synapse/workspaces/datasets","apiVersion":"2019-06-01-preview","properties":{"linkedServiceName":{"referenceName":"[parameters('financesynapseanalytics-WorkspaceDefaultStorage')]","type":"LinkedServiceReference"},"parameters":{"Container":{"type":"string","defaultValue":"dynamics365-financeandoperations"}},"annotations":[],"type":"Json","typeProperties":{"location":{"type":"AzureBlobFSLocation","fileSystem":{"value":"@dataset().Container","type":"Expression"}}},"schema":{"type":"object","properties":{"jsonSchemaSemanticVersion":{"type":"string"},"imports":{"type":"array","items":{"type":"object","properties":{"corpusPath":{"type":"string"},"moniker":{"type":"string"}}}},"definitions":{"type":"array","items":{"type":"object","properties":{"entityName":{"type":"string"},"exhibitsTraits":{"type":"array","items":{"type":"object","properties":{"traitReference":{"type":"string"},"arguments":{"type":"array","items":{"type":"object","properties":{"name":{"type":"string"},"value":{"type":"string"}}}}}}},"attributeContext":{"type":"object","properties":{"type":{"type":"string"},"name":{"type":"string"},"definition":{"type":"string"},"contents":{"type":"array","items":{"type":"object","properties":{"type":{"type":"string"},"name":{"type":"string"},"parent":{"type":"string"},"definition":{"type":"string"},"contents":{"type":"array","items":{"type":"string"}}}}}}},"hasAttributes":{"type":"array","items":{"type":"object","properties":{"name":{"type":"string"},"appliedTraits":{"type":"array","items":{"type":"string"}},"attributeContext":{"type":"string"},"dataFormat":{"type":"string"},"description":{"type":"string"}}}},"displayName":{"type":"string"},"description":{"type":"string"},"version":{"type":"string"}}}}}}},"dependsOn":[]},{"name":"[concat(parameters('workspaceName'), '/metadata1')]","type":"Microsoft.Synapse/workspaces/datasets","apiVersion":"2019-06-01-preview","properties":{"linkedServiceName":{"referenceName":"[parameters('financesynapseanalytics-WorkspaceDefaultStorage')]","type":"LinkedServiceReference"},"parameters":{"container":{"type":"string"},"folder":{"type":"string"}},"annotations":[],"type":"Parquet","typeProperties":{"location":{"type":"AzureBlobFSLocation","fileName":"metadata.parquet","folderPath":{"value":"@dataset().folder","type":"Expression"},"fileSystem":{"value":"@dataset().container","type":"Expression"}},"compressionCodec":"snappy"},"schema":[]},"dependsOn":[]},{"name":"[concat(parameters('workspaceName'), '/SynapseDedicatedPoolTable1')]","type":"Microsoft.Synapse/workspaces/datasets","apiVersion":"2019-06-01-preview","properties":{"linkedServiceName":{"referenceName":"[parameters('financesynapseanalytics-WorkspaceDefaultSqlServer')]","type":"LinkedServiceReference","parameters":{"DBName":{"value":"@dataset().DbName","type":"Expression"}}},"parameters":{"TableName":{"type":"string"},"DbName":{"type":"string"}},"annotations":[],"type":"AzureSqlDWTable","schema":[],"typeProperties":{"schema":"dbo","table":{"value":"@dataset().TableName","type":"Expression"}}},"dependsOn":[]}]}