{"$schema":"http://schema.management.azure.com/schemas/2015-01-01/deploymentTemplate.json#","contentVersion":"1.0.0.0","parameters":{"workspaceName":{"type":"string","metadata":"Workspace name","defaultValue":"financesynapseanalytics"},"financesynapseanalytics-WorkspaceDefaultSqlServer":{"type":"string"},"SynapseServerlessEndpoint":{"type":"string"},"financesynapseanalytics-WorkspaceDefaultStorage":{"type":"string"}},"variables":{"workspaceId":"[concat('Microsoft.Synapse/workspaces/', parameters('workspaceName'))]"},"resources":[{"name":"[concat(parameters('workspaceName'), '/CDMUtil')]","type":"Microsoft.Synapse/workspaces/pipelines","apiVersion":"2019-06-01-preview","properties":{"description":"Use this template to reads Common Data Model (CDM) metadata generated by Dynamics 365 Finance and Operations Export to Datalake feature, convert and execute SQL DDL statements on the target endpoint. \n\nTarget endpoints and metadata types \n\nSynapse Serverless pool: OpenRowSet Views/External Tables and Views \nSynapse Dedicated pool: Tables and Views \nSQL Server: Tables and Views \n\nRead documentation for details: \nhttps://github.com/microsoft/Dynamics-365-FastTrack-Implementation-Assets/blob/master/Analytics/CDMUtilSolution/readme_cdmutilpipeline.md","activities":[{"name":"Source_ReadMetadata","type":"IfCondition","dependsOn":[],"userProperties":[],"typeProperties":{"expression":{"value":"@equals(pipeline().parameters.folderpath, null)","type":"Expression"},"ifFalseActivities":[{"name":"Lookup_cdmjson","type":"Lookup","dependsOn":[],"policy":{"timeout":"7.00:00:00","retry":0,"retryIntervalInSeconds":30,"secureOutput":false,"secureInput":false},"userProperties":[],"typeProperties":{"source":{"type":"JsonSource","storeSettings":{"type":"AzureBlobFSReadSettings","recursive":false,"enablePartitionDiscovery":false},"formatSettings":{"type":"JsonReadSettings"}},"dataset":{"referenceName":"lookupcdm_json","type":"DatasetReference","parameters":{"container":{"value":"@concat(pipeline().parameters.container,'/',pipeline().parameters.Environment,'/',pipeline().parameters.folderpath)","type":"Expression"},"file":{"value":"@pipeline().parameters.filepath","type":"Expression"}}}}}],"ifTrueActivities":[{"name":"CopyMetadata","description":"Recursive copy cdm.json files to metadata.parquet file","type":"Copy","dependsOn":[],"policy":{"timeout":"7.00:00:00","retry":0,"retryIntervalInSeconds":30,"secureOutput":false,"secureInput":false},"userProperties":[],"typeProperties":{"source":{"type":"JsonSource","additionalColumns":[{"name":"FilePath","value":"$$FILEPATH"},{"name":"Environment","value":{"value":"@{pipeline().parameters.Environment}","type":"Expression"}}],"storeSettings":{"type":"AzureBlobFSReadSettings","recursive":true,"wildcardFolderPath":{"value":"@{pipeline().parameters.Environment}/**/","type":"Expression"},"wildcardFileName":"*.cdm.json","enablePartitionDiscovery":false},"formatSettings":{"type":"JsonReadSettings"}},"sink":{"type":"ParquetSink","storeSettings":{"type":"AzureBlobFSWriteSettings","copyBehavior":"MergeFiles"},"formatSettings":{"type":"ParquetWriteSettings"}},"enableStaging":false,"translator":{"type":"TabularTranslator","mappings":[{"source":{"path":"$['definitions']"},"sink":{"name":"definitions","type":"String"}},{"source":{"path":"$['FilePath']"},"sink":{"name":"FilePath","type":"String"}},{"source":{"path":"$['Environment']"},"sink":{"name":"Environment","type":"String"}},{"source":{"path":"$['entities']"},"sink":{"name":"entities","type":"String"}}],"collectionReference":"","mapComplexValuesToString":true}},"inputs":[{"referenceName":"cdmjson","type":"DatasetReference","parameters":{"Container":{"value":"@pipeline().parameters.container","type":"Expression"}}}],"outputs":[{"referenceName":"metadata_parquet","type":"DatasetReference","parameters":{"container":{"value":"@pipeline().parameters.container","type":"Expression"},"folder":{"value":"@{pipeline().parameters.Environment}","type":"Expression"}}}]}]}},{"name":"Target_WriteMetadata","description":"Switch to different target endpoints ( Synapse Serverless (Default), Synapse Dedicated pool (SynapseTable) or SQL endpoint = SQLTable)","type":"Switch","dependsOn":[{"activity":"Target_CopyMetadata","dependencyConditions":["Succeeded"]}],"userProperties":[],"typeProperties":{"on":{"value":"@pipeline().parameters.DDLType","type":"Expression"},"cases":[{"value":"SynapseTable","activities":[{"name":"CreateSynapseTable","description":"Synapse Dedicated pool endpoint","type":"Script","dependsOn":[],"policy":{"timeout":"0.01:00:00","retry":0,"retryIntervalInSeconds":30,"secureOutput":false,"secureInput":false},"userProperties":[],"linkedServiceName":{"referenceName":"[parameters('financesynapseanalytics-WorkspaceDefaultSqlServer')]","type":"LinkedServiceReference","parameters":{"DBName":{"value":"@pipeline().parameters.DbName","type":"Expression"}}},"typeProperties":{"scripts":[{"type":"NonQuery","text":{"value":"declare @filePath nvarchar(800) = '@{if(equals(pipeline().parameters.folderpath,null), null, concat(pipeline().parameters.folderpath,'/', pipeline().parameters.filepath))}';\ndeclare @definitions nvarchar(max) = '@{if(equals(pipeline().parameters.folderpath,null), null,replace(string(activity('Lookup_cdmjson').output.firstRow.definitions), '''', ''))}';\ndeclare @environment nvarchar(100) = '@{pipeline().parameters.Environment}';\nDeclare @entity nvarchar(200) = '@{if(equals(pipeline().parameters.folderpath,null), null, replace(replace(pipeline().parameters.filepath,'.cdm.json', ''), '-resolved', ''))}';\nDeclare @attributes nvarchar(max) = N'@{if(equals(pipeline().parameters.folderpath,null), null, replace(string(activity('Lookup_cdmjson').output.firstRow.definitions[0].hasAttributes), '''', ''))}';\nDeclare @location nvarchar(1000) = '@{if(equals(pipeline().parameters.folderpath,null), null, concat(replace(pipeline().parameters.folderpath, '/resolved', ''), '/' , replace(replace(pipeline().parameters.filepath,'.cdm.json', ''), '-resolved', '') , '/*.csv'))}';\nDeclare @traits nvarchar(max) = '@{if(equals(pipeline().parameters.folderpath,null), null,replace(string(activity('Lookup_cdmjson').output.firstRow.definitions[0].exhibitsTraits),'''', ''''''))}';\ndeclare @Storage nvarchar(1000) = '@{pipeline().parameters.StorageAccount}'\ndeclare @Container nvarchar(1000) = '@{pipeline().parameters.container}'\nDeclare @StorageDS nvarchar(300) = '@{pipeline().parameters.StorageAccount}@{replace(concat(pipeline().parameters.container,'/',pipeline().parameters.Environment), '//','/')}';\n\ndeclare @schema nvarchar(10) = '@{pipeline().parameters.Schema}';\ndeclare @fileFormat nvarchar(100);\ndeclare @ObjectTypes varchar(100) = '@{pipeline().parameters.ObjectTypes}'\ndeclare @TablesPredicate varchar(12) = (select value + '%'  from string_split(@ObjectTypes, ',') where value = 'Tables')\ndeclare @ChangeFeedPredicate varchar(12) = (select value + '%'  from string_split(@ObjectTypes, ',') where value = 'ChangeFeed')\ndeclare @EntitiesPredicate varchar(12) = (select value + '%'  from string_split(@ObjectTypes, ',') where value = 'Entities')\n\nprint('--Metadata prep--');\nIF NOT EXISTS (SELECT * FROM sys.objects WHERE object_id = OBJECT_ID(N'[dbo].[_cdmmetadata]') AND type in (N'U'))\n\tcreate table _cdmmetadata\n\t(\n\t\t[definitions] [varchar](max) NULL,\n\t\t[FilePath] [varchar](1000) NULL,\n\t\t[Environment]   [varchar](1000) NULL,\n\t\t[entities] varchar(max) Null\n\t)\n \tWITH(HEAP)\n\nIF NOT EXISTS (SELECT * FROM sys.objects WHERE object_id = OBJECT_ID(N'[dbo].[_sqlmetadata]') AND type in (N'U'))\n\tCREATE TABLE [dbo]._sqlmetadata\n\t(\n\t\tFilePath varchar(1000), EntityName varchar(400), DataPath VARCHAR(500), ViewDef varchar(max), ColumnList varchar(max), NameList varchar(max), DataTypeList varchar(max), DataLengthList varchar(max)\n\t)\n \tWITH(HEAP);\n\nIF NOT EXISTS (SELECT * FROM sys.objects WHERE object_id = OBJECT_ID(N'[dbo].[_controltableforcopy]') AND type in (N'U'))\n\tCREATE TABLE [dbo].[_controltableforcopy]\n\t(\n\t\t[TableSchema] [varchar](20) NULL,\n\t\t[TableName] [varchar](255) NULL,\n\t\t[StorageAccount] varchar(1000) Null,\n\t\t[Container] varchar(1000) Null,\n\t\t[Environment] varchar(1000) Null,\n\t\t[DataPath] varchar(1000) Null,\n\t\t[DataLocation] [varchar](1000) NULL,\n\t\t[FileFormat]   [varchar](100) NULL,\n\t\t[LastCopyDateTime] [datetime2](7) NULL,\n\t\t[LastCopyMarker] [varchar](255) NULL,\n\t\t[LastCopyStatus] [int] NULL\n\t)\n\tWITH (HEAP)\n\t\ndeclare @entities nvarchar(max); \n\nIF (isNull(@entity,'') = '')\n\tBEGIN;\t\n\t\tTruncate table dbo._cdmmetadata; \n\t\tCopy Into dbo._cdmmetadata (definitions, FilePath,Environment,entities)\n\t\t\tFrom '@{pipeline().parameters.StorageAccount}@{replace(concat(pipeline().parameters.container,'/',pipeline().parameters.Environment), '//','/')}/metadata.parquet'\n\t\tWITH (\n    \t\tFILE_TYPE = 'Parquet',\n    \t\tCREDENTIAL = (IDENTITY = 'Managed Identity'),\n\t\t\tAUTO_CREATE_TABLE = 'ON'\n\t\t\t)\n\t\t\n\t\tTruncate table [dbo]._sqlmetadata; \n\t\t\n\t\tSet @entities =(select string_agg(convert(nvarchar(max), \n\t\t\t\tcase \n\t\t\t\t\twhen FilePath like '%ChangeFeed/%'  then '_cdc_'+  JSON_VALUE(definitions, '$[0].entityName')\n\t\t\t\t\telse JSON_VALUE(definitions, '$[0].entityName')\n\t\t\t\tend ),',') \n\t\tFrom _cdmmetadata\n\t\twhere FilePath  like '%resolved%' and (FilePath like @TablesPredicate\n\t\t or FilePath like @EntitiesPredicate\n\t\t or FilePath like @ChangeFeedPredicate));\n\n\tEND;\n\tELSE IF (@location like  @TablesPredicate or @location like @ChangeFeedPredicate or @location like @EntitiesPredicate)\n\t\tBEGIN;\n\t\t\tdelete from _cdmmetadata where FilePath = @filePath;\n\t\t\tdelete from _sqlmetadata where FilePath = @filePath;\n\t\t\tinsert into _cdmmetadata (FilePath, definitions, entities, Environment) values (@filePath, @definitions, null, @environment);\n\t\t\tset @entities = @entity;\n \t\tEND;\n\tELSE \n \t\tRETURN;\n\n\tinsert into [dbo]._sqlmetadata (FilePath,EntityName, DataPath, ViewDef, ColumnList, NameList, DataTypeList, DataLengthList)\n\tselect \n\t\tx.FilePath,\n\t\tx.EntityName,\n\t\tx.DataPath,\n\t\tx.ViewDef,\n\t\tSTRING_AGG(CONVERT(NVARCHAR(max), + '[' + name + '] ' +  case    \n\t\twhen x.dataType = 'nvarchar' and x.maxLength < 0 then 'nvarchar(max)'  \n\t\twhen x.datatype = 'nvarchar' then 'nvarchar(' + convert(nvarchar(10), x.maxLength) + ')'\n\t\twhen x.datatype = 'varbinary' then 'varbinary(' + convert(nvarchar(10), x.maxLength) + ')'\n\t\twhen x.datatype = 'decimal' then 'decimal(32,16)'  \n\t\telse x.datatype end) , ','),\n\t\tSTRING_AGG(CONVERT(NVARCHAR(max), name), ','),\n\t\tSTRING_AGG(CONVERT(NVARCHAR(max), datatype), ','),\n\t\tSTRING_AGG(CONVERT(NVARCHAR(max), isNull(maxLength, 0)), ',')\n\tfrom ( \n\t\t select \n\t\t\tFilePath,\n\t\t\tcase \n\t\t\t\twhen FilePath like '%ChangeFeed/%'  then '_cdc_'+  JSON_VALUE(definitions, '$[0].entityName')\n\t\t\t\telse JSON_VALUE(definitions, '$[0].entityName')\n\t\t\tend as EntityName,\n\t\t\treplace(replace(replace([FilePath], '/resolved/', '/'), '.cdm.json', ''), '-resolved', '') + '/*.csv' as DataPath,   \n\t\t\t(Select ISNULL(viewDefinition, viewDefinition1) From  OPENJSON(definitions, '$[0].exhibitsTraits') \n\t\t\t\tWITH (\n\t\t\t\t\ttraitReference NVARCHAR(100) '$.traitReference',\n\t\t\t\t\tviewDefinition nvarchar(max) '$.arguments[0].value',\n\t\t\t\t\tviewDefinition1 nvarchar(max) '$.arguments[0]'\n\t\t\t\t\t)\n\t\t\t\twhere traitReference = 'has.sqlViewDefinition') as ViewDef,\n\t\t\t\tname,   \n\t\t\t\tcase      \n\t\t\t\t\twhen datatype ='guid' then 'UNIQUEIDENTIFIER'  \n\t\t\t\t\twhen lower(name) ='_sysrowid' then 'bigint'\n\t\t\t\t\twhen datatype = 'string' and enum = 'is.constrainedList.wellKnown' then 'int'\n\t\t\t\t\twhen datatype = 'string' then 'nvarchar'\n\t\t\t\t\twhen datatype = 'int32' then 'int'   \n\t\t\t\t\twhen datatype = 'int64' then 'bigInt'    \n\t\t\t\t\twhen datatype = 'boolean' then 'bit'   \n\t\t\t\t\twhen datatype = 'double' then 'real' \n\t\t\t\t\twhen datatype = 'DateTime' then 'DateTime2'  \n\t\t\t\t\twhen datatype = 'Time' then 'int'  \n\t\t\t\t\twhen datatype = 'Binary' then 'varbinary'  \n\t\t\t\t\telse datatype \n\t\t\t\tend as dataType,    \n\t\t\t\tcase \n\t\t\t\t\twhen datatype = 'string' and  maxLength > 4000 then -1\n\t\t\t\t\twhen datatype = 'string' and lower(name) ='lsn' then 60\n\t\t\t\t\twhen datatype = 'string' and lower(name) = 'start_lsn' then 60\n\t\t\t\t\twhen datatype = 'string' and lower(name) = 'seq_val' then 60\n\t\t\t\t\twhen datatype = 'string' and lower(name) = 'dml_action' then 15\n\t\t\t\t\twhen datatype = 'string' and lower(name) = 'update_mask' then 200\n\t\t\t\t\twhen datatype = 'string' and lower(name) = 'createdby' then 20\n\t\t\t\t\twhen datatype = 'string' and lower(name) = 'modifiedby' then 20\n\t\t\t\t\twhen datatype = 'string'  and maxLength is null then 1000\n\t\t\t\t\twhen datatype = 'Binary'  and maxLength is null then 100\n\t\t\t\t\twhen datatype = 'string'  then maxLength \n\t\t\t\tend as maxLength,\n\t\t\t\tenum\nFrom _cdmmetadata\ncross apply OPENJSON(definitions, '$[0].hasAttributes')  \n\tWITH (name nvarchar(200),  datatype NVARCHAR(50) '$.dataFormat' , maxLength int '$.maximumLength' \n\t,scale int '$.traits[0].arguments[1].value', enum nvarchar(max) '$.appliedTraits[3].traitReference')  \n) x\nwhere FilePath  like '%resolved%'\nand FilePath not in (select DISTINCT FilePath from [dbo]._sqlmetadata)\ngroup by x.EntityName,x.DataPath,x.ViewDef, x.FilePath\n\nINSERT INTO [dbo].[_controltableforcopy](TableSchema,TableName, StorageAccount, Container, Environment , DataPath, DataLocation,FileFormat)\n\tSELECT @schema, EntityName, @Storage, @Container, @Environment, dataPath, @StorageDS + '/' + dataPath, 'CSV' FROM _sqlmetadata\n\twhere FilePath  like '%resolved%' and (FilePath like @TablesPredicate\n\t\t\tor FilePath like @EntitiesPredicate\n\t\t\tor FilePath like @ChangeFeedPredicate)\n\tand NOT EXISTS (SELECT DISTINCT TableName FROM [dbo].[_ControlTableForCopy] WHERE TableSchema = @schema and TableName = EntityName)\n\n\nprint('Entities:' + @entities );\n\nIf (OBJECT_ID('tempdb..#entities') is Not NULL)\ndrop table  #entities;\n\nCREATE TABLE #entities\n(\n    EntityName nvarchar(200)\n);\n\n\ninsert into #entities\nselect value from string_split(@entities, ',') \nDECLARE @counter int = 1\nDECLARE @recordCount int = (SELECT COUNT(1) from #entities)\n\nprint ('EntityCount:' + convert(varchar(10), @recordCount));\nprint ('-- Loop through entities');\n\nWHILE @counter <= @recordCount \nBEGIN \n\tdeclare @view int = 0;\n\tdeclare @EntityName nvarchar(200);\n\t\n\tSet @EntityName = (SELECT EntityName\n\tFROM(SELECT *, ROW_NUMBER() OVER(ORDER BY EntityName) AS RN\n\tFROM #entities) as T\n\tWHERE RN = @counter)\n\t\n\tdeclare @ViewDefinition nvarchar(max);\n\tdeclare @ColumnList varchar(max)\n\n\tselect top 1 @entity = EntityName, @ViewDefinition = ViewDef, @location = DataPath, @ColumnList = ColumnList\n\t\tFrom _sqlmetadata\n\t\twhere EntityName = @EntityName;\n\n\tPRINT ('Counter:' + convert(varchar(10), @counter));\n\tPRINT ('Entity:' + @entity);\n\tPRINT ('Location:' + @location);\n\tSET @counter = @counter + 1\n\t\n\tIF (isNull(@ViewDefinition,'') <> '')\n\tBEGIN;  \n\t\tset @view = 1;\n\t\tdeclare @dateTimeFunct nvarchar(50) = 'SYSUTCDATETIME()';\n\n\t\tSET @ViewDefinition = replace(replace(replace(replace(replace(replace(@ViewDefinition\n\t\t\t\t\t\t\t\t\t\t, '[dbo].GetValidFromInContextInfo()', @dateTimeFunct)\n\t\t\t\t\t\t\t\t\t\t, '[dbo].GetValidToInContextInfo()', @dateTimeFunct)\n\t\t\t\t\t\t\t\t\t\t, 'dbo.GetValidFromInContextInfo()', @dateTimeFunct)\n\t\t\t\t\t\t\t\t\t\t, 'dbo.GetValidToInContextInfo()', @dateTimeFunct)\n\t\t\t\t\t\t\t\t\t\t, 'GetValidFromInContextInfo()', @dateTimeFunct)\n\t\t\t\t\t\t\t\t\t\t, 'GetValidToInContextInfo()', @dateTimeFunct)\t\t\t\n\t\tbegin try\n\t\t\texecute sp_executesql @ViewDefinition;\n\t\tend try\n\t\tbegin catch;\n\t\t\tprint (@ViewDefinition)\n\t\t\tprint  (ERROR_MESSAGE());  \n\t\tend catch;\n\tEND;\n\n\tIF (@view = 0)\n\tBEGIN;\n\t\tDeclare @CreateTableDDLTemplate nvarchar(max) = 'If (OBJECT_ID(''{schema}.{TableName}'') is  NULL) create TABLE {Schema}.{TableName} ({ColumnList}) WITH (DISTRIBUTION = HASH(RecId))'\n\t\tDeclare @CreateTableDDL nvarchar(max)= replace(replace(replace(@CreateTableDDLTemplate, '{Schema}', @Schema), '{TableName}', @entity), '{ColumnList}', @ColumnList) \n\t\t\n\t\tprint(@CreateTableDDL)\n\t\texecute sp_executesql  @CreateTableDDL;\n\tEND;\n\tset @entity = null;\nEND;","type":"Expression"}}],"logSettings":{"logDestination":"ActivityOutput"}}}]},{"value":"SQLTable","activities":[{"name":"CreateSQLTable","description":"SQL Server endpoint","type":"Script","dependsOn":[],"policy":{"timeout":"7.00:00:00","retry":0,"retryIntervalInSeconds":30,"secureOutput":false,"secureInput":false},"userProperties":[],"linkedServiceName":{"referenceName":"[parameters('SynapseServerlessEndpoint')]","type":"LinkedServiceReference","parameters":{"DbName":{"value":"@pipeline().parameters.DbName","type":"Expression"}}},"typeProperties":{"scripts":[{"type":"NonQuery","text":{"value":"declare @filePath nvarchar(800) = '@{if(equals(pipeline().parameters.folderpath,null), null, concat(pipeline().parameters.folderpath,'/', pipeline().parameters.filepath))}';\ndeclare @definitions nvarchar(max) = '@{if(equals(pipeline().parameters.folderpath,null), null,replace(string(activity('Lookup_cdmjson').output.firstRow.definitions), '''', ''))}';\ndeclare @environment nvarchar(100) = '@{pipeline().parameters.Environment}';\nDeclare @entity nvarchar(200) = '@{if(equals(pipeline().parameters.folderpath,null), null, replace(replace(pipeline().parameters.filepath,'.cdm.json', ''), '-resolved', ''))}';\nDeclare @attributes nvarchar(max) = N'@{if(equals(pipeline().parameters.folderpath,null), null, replace(string(activity('Lookup_cdmjson').output.firstRow.definitions[0].hasAttributes), '''', ''))}';\nDeclare @location nvarchar(1000) = '@{if(equals(pipeline().parameters.folderpath,null), null, concat(replace(pipeline().parameters.folderpath, '/resolved', ''), '/' , replace(replace(pipeline().parameters.filepath,'.cdm.json', ''), '-resolved', '') , '/*.csv'))}';\nDeclare @traits nvarchar(max) = '@{if(equals(pipeline().parameters.folderpath,null), null,replace(string(activity('Lookup_cdmjson').output.firstRow.definitions[0].exhibitsTraits),'''', ''''''))}';\ndeclare @Storage nvarchar(1000) = '@{pipeline().parameters.StorageAccount}'\ndeclare @Container nvarchar(1000) = '@{pipeline().parameters.container}'\nDeclare @StorageDS nvarchar(300) = '@{pipeline().parameters.StorageAccount}@{replace(concat(pipeline().parameters.container,'/',pipeline().parameters.Environment), '//','/')}';\ndeclare @metadataPath nvarchar(1000) = '@{if(equals(pipeline().parameters.folderpath,null), null, replace(pipeline().parameters.folderpath, '/resolved', ''))}';\nif (@metadataPath != '')\n\tset @metadataPath = concat( @metadataPath, '/' ,right(@metadataPath, charindex('/', reverse(@metadataPath) ) - 1), '.manifest.cdm.json');\n\ndeclare @schema nvarchar(10) = '@{pipeline().parameters.Schema}';\ndeclare @fileFormat nvarchar(100);\ndeclare @ObjectTypes varchar(100) = '@{pipeline().parameters.ObjectTypes}'\ndeclare @TablesPredicate varchar(12) = (select value + '%'  from string_split(@ObjectTypes, ',') where value = 'Tables')\ndeclare @ChangeFeedPredicate varchar(12) = (select value + '%'  from string_split(@ObjectTypes, ',') where value = 'ChangeFeed')\ndeclare @EntitiesPredicate varchar(12) = (select value + '%'  from string_split(@ObjectTypes, ',') where value = 'Entities')\n\nprint('--Metadata prep--');\ndeclare @entities nvarchar(max); \n\nIF NOT EXISTS (SELECT * FROM sys.objects WHERE object_id = OBJECT_ID(N'[dbo].[_sqlmetadata]') AND type in (N'U'))\n\tCREATE TABLE [dbo]._sqlmetadata\n\t(\n\t\tFilePath varchar(1000), EntityName varchar(400), DataPath VARCHAR(500), ViewDef varchar(max), ColumnList varchar(max), NameList varchar(max), DataTypeList varchar(max), DataLengthList varchar(max)\n\t)\n\nIF NOT EXISTS (SELECT * FROM sys.objects WHERE object_id = OBJECT_ID(N'[dbo].[_ControlTableForCopy]') AND type in (N'U'))\n\tCREATE TABLE [dbo].[_ControlTableForCopy]\n\t(\n\t\t[TableSchema] [varchar](20) NULL,\n\t\t[TableName] [varchar](255) NULL,\n\t\t[StorageAccount] varchar(1000) Null,\n\t\t[Container] varchar(1000) Null,\n\t\t[Environment] varchar(1000) Null,\n\t\t[DataPath] varchar(1000) Null,\n\t\t[DataLocation] [varchar](1000) NULL,\n\t\t[FileFormat]   [varchar](100) NULL,\n\t\t[LastCopyDateTime] [datetime2](7) NULL,\n\t\t[LastCopyMarker] [varchar](255) NULL,\n\t\t[LastCopyStatus] [int] NULL\n\t)\n\nIF (isNull(@entity,'') = '') \n\tBEGIN;\n\t\t\n\t\tTruncate table [dbo]._sqlmetadata; \n\n\t\tSet @entities =(select string_agg(convert(nvarchar(max), \n\t\t\t\tcase \n\t\t\t\t\twhen FilePath like '%ChangeFeed/%'  then '_cdc_'+  JSON_VALUE(definitions, '$[0].entityName')\n\t\t\t\t\telse JSON_VALUE(definitions, '$[0].entityName')\n\t\t\t\tend ),',') \n\t\tFrom _cdmmetadata\n\t\twhere FilePath  like '%resolved%' and (FilePath like @TablesPredicate\n\t\t or FilePath like @EntitiesPredicate\n\t\t or FilePath like @ChangeFeedPredicate));\n\tEND;\nELSE IF (@location like  @TablesPredicate or @location like @ChangeFeedPredicate or @location like @EntitiesPredicate)\n\tBEGIN;\n\t\tdelete from _cdmmetadata where FilePath = @filePath;\n\t\tdelete from _sqlmetadata where FilePath = @filePath;\n\t\tinsert into _cdmmetadata (FilePath, definitions, entities, Environment) values (@filePath, @definitions, null, @environment);\n\t\tset @entities = @entity;\n \tEND;\nELSE \n \tRETURN;\n\tinsert into [dbo]._sqlmetadata (FilePath,EntityName, DataPath, ViewDef, ColumnList, NameList, DataTypeList, DataLengthList)\n\tselect \n\t\tx.FilePath,\n\t\tx.EntityName,\n\t\tx.DataPath,\n\t\tx.ViewDef,\n\t\tSTRING_AGG(CONVERT(NVARCHAR(max), + '[' + name + '] ' +  case    \n\t\t\twhen x.dataType = 'nvarchar' and x.maxLength < 0 then 'nvarchar(max)'  \n\t\twhen x.datatype = 'nvarchar' then 'nvarchar(' + convert(nvarchar(10), x.maxLength) + ')'\n\t\twhen x.datatype = 'varbinary' then 'varbinary(' + convert(nvarchar(10), x.maxLength) + ')'\n\t\twhen x.datatype = 'decimal' then 'decimal(32,16)'  \n\t\telse x.datatype end) , ','),  \n\t\tSTRING_AGG(CONVERT(NVARCHAR(max), name), ','),\n\t\tSTRING_AGG(CONVERT(NVARCHAR(max), datatype), ','),\n\t\tSTRING_AGG(CONVERT(NVARCHAR(max), isNull(maxLength, 0)), ',')\n\tfrom ( \n\t\t select \n\t\t\tFilePath,\n\t\t\tcase \n\t\t\t\twhen FilePath like '%ChangeFeed/%'  then '_cdc_'+  JSON_VALUE(definitions, '$[0].entityName')\n\t\t\t\telse JSON_VALUE(definitions, '$[0].entityName')\n\t\t\tend as EntityName,\n\t\t\treplace(replace(replace([FilePath], '/resolved/', '/'), '.cdm.json', ''), '-resolved', '') + '/*.csv' as DataPath,   \n\t\t\t(Select ISNULL(viewDefinition, viewDefinition1) From  OPENJSON(definitions, '$[0].exhibitsTraits') \n\t\t\t\tWITH (\n\t\t\t\t\ttraitReference NVARCHAR(100) '$.traitReference',\n\t\t\t\t\tviewDefinition nvarchar(max) '$.arguments[0].value',\n\t\t\t\t\tviewDefinition1 nvarchar(max) '$.arguments[0]'\n\t\t\t\t\t)\n\t\t\t\twhere traitReference = 'has.sqlViewDefinition') as ViewDef,\n\t\t\t\tname,   \n\t\t\t\tcase      \n\t\t\t\t\twhen datatype ='guid' then 'UNIQUEIDENTIFIER'  \n\t\t\t\t\twhen lower(name) ='_sysrowid' then 'bigint'\n\t\t\t\t\twhen datatype = 'string' and enum = 'is.constrainedList.wellKnown' then 'int'\n\t\t\t\t\twhen datatype = 'string' then 'nvarchar'\n\t\t\t\t\twhen datatype = 'int32' then 'int'   \n\t\t\t\t\twhen datatype = 'int64' then 'bigInt'    \n\t\t\t\t\twhen datatype = 'boolean' then 'bit'   \n\t\t\t\t\twhen datatype = 'double' then 'real' \n\t\t\t\t\twhen datatype = 'DateTime' then 'DateTime2'  \n\t\t\t\t\twhen datatype = 'Time' then 'int'  \n\t\t\t\t\twhen datatype = 'Binary' then 'varbinary'  \n\t\t\t\t\telse datatype \n\t\t\t\tend as dataType,    \n\t\t\t\tcase \n\t\t\t\t\twhen datatype = 'string' and  maxLength > 4000 then -1\n\t\t\t\t\twhen datatype = 'string' and lower(name) ='lsn' then 60\n\t\t\t\t\twhen datatype = 'string' and lower(name) = 'start_lsn' then 60\n\t\t\t\t\twhen datatype = 'string' and lower(name) = 'seq_val' then 60\n\t\t\t\t\twhen datatype = 'string' and lower(name) = 'dml_action' then 15\n\t\t\t\t\twhen datatype = 'string' and lower(name) = 'update_mask' then 200\n\t\t\t\t\twhen datatype = 'string' and lower(name) = 'createdby' then 20\n\t\t\t\t\twhen datatype = 'string' and lower(name) = 'modifiedby' then 20\n\t\t\t\t\twhen datatype = 'string'  and maxLength is null then 1000\n\t\t\t\t\twhen datatype = 'Binary'  and maxLength is null then 100\n\t\t\t\t\twhen datatype = 'string'  then maxLength \n\t\t\t\tend as maxLength,\n\t\t\t\tenum\n\tFrom _cdmmetadata\n\tcross apply OPENJSON(definitions, '$[0].hasAttributes')  \n\tWITH (name nvarchar(200),  datatype NVARCHAR(50) '$.dataFormat' , maxLength int '$.maximumLength' \n\t,scale int '$.traits[0].arguments[1].value', enum nvarchar(max) '$.appliedTraits[3].traitReference')  \n\t) x\n\twhere FilePath  like '%resolved%'\n\tand FilePath not in (select DISTINCT FilePath from [dbo]._sqlmetadata)\n\tgroup by x.EntityName,x.DataPath,x.ViewDef, x.FilePath\n\n\tINSERT INTO [dbo].[_controltableforcopy](TableSchema,TableName, StorageAccount, Container, Environment , DataPath, DataLocation,FileFormat)\n\tSELECT @schema, EntityName, @Storage, @Container, @Environment, dataPath, @StorageDS + '/' + dataPath, 'CSV' FROM _sqlmetadata\n\twhere FilePath  like '%resolved%' and (FilePath like @TablesPredicate\n\t\t\tor FilePath like @EntitiesPredicate\n\t\t\tor FilePath like @ChangeFeedPredicate)\n\tand NOT EXISTS (SELECT DISTINCT TableName FROM [dbo].[_ControlTableForCopy] WHERE TableSchema = @schema and TableName = EntityName)\n\nprint('Entities:' + @entities );\n\nIf (OBJECT_ID('tempdb..#entities') is Not NULL)\ndrop table  #entities;\n\nCREATE TABLE #entities\n(\n    EntityName nvarchar(200)\n);\n\ninsert into #entities\nselect value from string_split(@entities, ',') \nDECLARE @counter int = 1\nDECLARE @recordCount int = (SELECT COUNT(1) from #entities)\n\nprint ('EntityCount:' + convert(varchar(10), @recordCount));\nprint ('-- Loop through entities');\n\nWHILE @counter <= @recordCount \nBEGIN \n\tdeclare @view int = 0;\n\tdeclare @EntityName nvarchar(200);\n\t\n\tSet @EntityName = (SELECT EntityName\n\tFROM(SELECT *, ROW_NUMBER() OVER(ORDER BY EntityName) AS RN\n\tFROM #entities) as T\n\tWHERE RN = @counter)\n\n\tdeclare @ViewDefinition nvarchar(max);\n\tdeclare @ColumnList varchar(max)\n\n\tselect top 1 @entity = EntityName, @ViewDefinition = ViewDef, @location = DataPath, @ColumnList = ColumnList\n\t\tFrom _sqlmetadata\n\t\twhere EntityName = @EntityName;\n\t\n\tPRINT ('Counter:' + convert(varchar(10), @counter));\n\tPRINT ('Entity:' + @entity);\n\tPRINT ('DataLocation:' + @location);\n\tPRINT ('MetadataLocation:' + @metadataPath);\n\tSET @counter = @counter + 1\n\t\n\tIF (isNull(@ViewDefinition,'') <> '')\n\tBEGIN;  \n\t\tset @view = 1;\n\t\tdeclare @dateTimeFunct nvarchar(50) = 'SYSUTCDATETIME()';\n\n\t\tSET @ViewDefinition = replace(replace(replace(replace(replace(replace(@ViewDefinition\n\t\t\t\t\t\t\t\t\t\t, '[dbo].GetValidFromInContextInfo()', @dateTimeFunct)\n\t\t\t\t\t\t\t\t\t\t, '[dbo].GetValidToInContextInfo()', @dateTimeFunct)\n\t\t\t\t\t\t\t\t\t\t, 'dbo.GetValidFromInContextInfo()', @dateTimeFunct)\n\t\t\t\t\t\t\t\t\t\t, 'dbo.GetValidToInContextInfo()', @dateTimeFunct)\n\t\t\t\t\t\t\t\t\t\t, 'GetValidFromInContextInfo()', @dateTimeFunct)\n\t\t\t\t\t\t\t\t\t\t, 'GetValidToInContextInfo()', @dateTimeFunct)\t\t\t\n\t\tbegin try\n\t\t\texecute sp_executesql @ViewDefinition;\n\t\tend try\n\t\tbegin catch;\n\t\t\tprint (@ViewDefinition)\n\t\t\tprint  (ERROR_MESSAGE());  \n\t\tend catch;\n\tEND;\n\n\tIF (@view = 0)\n\tBEGIN;\n\t\tdeclare @CreateTableTemplate nvarchar(max) = 'If (OBJECT_ID(''{0}.{1}'') is  NULL) CREATE Table {0}.{1} ({2},CONSTRAINT PK_{1}_RecIdx PRIMARY KEY CLUSTERED (RecId))'\n\t\tDeclare @CreateTableDDL nvarchar(max)= replace(replace(replace(@CreateTableTemplate, '{0}', @schema), '{1}', @entity), '{2}', @ColumnList) ;\n\t\tprint(@CreateTableDDL)\n\t\texecute sp_executesql  @CreateTableDDL;\n\tEND;\n\tset @entity = null;\nEND;","type":"Expression"}}],"logSettings":{"logDestination":"ActivityOutput"}}}]}],"defaultActivities":[{"name":"CreateSynapse_ViewOrExternalTable","description":"Create View or External Table on Synapse Serverless Database","type":"Script","dependsOn":[],"policy":{"timeout":"7.00:00:00","retry":0,"retryIntervalInSeconds":30,"secureOutput":false,"secureInput":false},"userProperties":[],"linkedServiceName":{"referenceName":"[parameters('SynapseServerlessEndpoint')]","type":"LinkedServiceReference","parameters":{"DbName":{"value":"@pipeline().parameters.DbName","type":"Expression"}}},"typeProperties":{"scripts":[{"type":"NonQuery","text":{"value":"-- Common variables \ndeclare @filePath nvarchar(800) = '@{if(equals(pipeline().parameters.folderpath,null), null, concat(pipeline().parameters.folderpath,'/', pipeline().parameters.filepath))}';\ndeclare @definitions nvarchar(max) = '@{if(equals(pipeline().parameters.folderpath,null), null,replace(string(activity('Lookup_cdmjson').output.firstRow.definitions), '''', ''))}';\ndeclare @environment nvarchar(100) = '@{pipeline().parameters.Environment}';\nDeclare @entity nvarchar(200) = '@{if(equals(pipeline().parameters.folderpath,null), null, replace(replace(pipeline().parameters.filepath,'.cdm.json', ''), '-resolved', ''))}';\nIF ('@{pipeline().parameters.folderpath}' = 'ChangeFeed') set @entity = '_cdc_' + @entity; \nDeclare @attributes nvarchar(max) = N'@{if(equals(pipeline().parameters.folderpath,null), null, replace(string(activity('Lookup_cdmjson').output.firstRow.definitions[0].hasAttributes), '''', ''))}';\nDeclare @location nvarchar(1000) = '@{if(equals(pipeline().parameters.folderpath,null), null, concat(replace(pipeline().parameters.folderpath, '/resolved', ''), '/' , replace(replace(pipeline().parameters.filepath,'.cdm.json', ''), '-resolved', '') , '/*.csv'))}';\nDeclare @traits nvarchar(max) = '@{if(equals(pipeline().parameters.folderpath,null), null,replace(string(activity('Lookup_cdmjson').output.firstRow.definitions[0].exhibitsTraits),'''', ''''''))}';\nDeclare @StorageDS nvarchar(300) = '@{pipeline().parameters.StorageAccount}@{replace(concat(pipeline().parameters.container,'/',pipeline().parameters.Environment), '//','/')}';\n\ndeclare @schema nvarchar(10) = '@{pipeline().parameters.Schema}';\ndeclare @fileFormat nvarchar(100);\ndeclare @ObjectTypes varchar(100) = '@{pipeline().parameters.ObjectTypes}'\ndeclare @TablesPredicate varchar(12) = (select value + '%'  from string_split(@ObjectTypes, ',') where value = 'Tables')\ndeclare @ChangeFeedPredicate varchar(12) = (select value + '%'  from string_split(@ObjectTypes, ',') where value = 'ChangeFeed')\ndeclare @EntitiesPredicate varchar(12) = (select value + '%'  from string_split(@ObjectTypes, ',') where value = 'Entities')\n\n-- Serverless specific variables\ndeclare @datasource nvarchar(200) = '@{pipeline().parameters.Environment}';\ndeclare @parserVersion nvarchar(10) = '@{pipeline().parameters.ParserVersion}';\ndeclare @readOption nvarchar(300) = N'''{\"READ_OPTIONS\":[\"ALLOW_INCONSISTENT_READS\"]}''';\ndeclare @ddlType nvarchar(20) = '@{pipeline().parameters.DDLType}';\n\nIF (@parserVersion = '2.0')\n\tSET @fileFormat = '_CSV_P2';\nELSE \n\tSET @fileFormat = '_CSV_P1';\n\nprint('DataSource:' + @datasource );\nprint('ParserVersion:' + @parserVersion );\nprint('DDLType:' + @ddlType);\nprint('--Metadata prep--');\n\ndeclare @entities nvarchar(max); \n\nDeclare @CreateCredentials nvarchar(max) =  'IF NOT EXISTS(select * from sys.database_credentials where name = '''+@environment+''')\n    CREATE DATABASE SCOPED CREDENTIAL [' +@environment+'] WITH IDENTITY=''Managed Identity''';\n\nexecute sp_executesql  @CreateCredentials;\n\nDeclare @CreateExternalDataSource nvarchar(max) =  'IF NOT EXISTS(select * from sys.external_data_sources where name = '''+ @environment+''')\n        CREATE EXTERNAL DATA SOURCE [' +@environment+'] WITH (\n            LOCATION = '''+ @StorageDS +''',\n            CREDENTIAL = [' + @environment + '])'\nexecute sp_executesql  @CreateExternalDataSource;\n\nIF NOT EXISTS(select * from sys.external_file_formats  where name = '_CSV_P1')\n    CREATE EXTERNAL FILE FORMAT _CSV_P1\n    WITH (  \n        FORMAT_TYPE = DELIMITEDTEXT,\n        FORMAT_OPTIONS ( FIELD_TERMINATOR = ',', STRING_DELIMITER = '\"', FIRST_ROW = 1, USE_TYPE_DEFAULT = true)\n    );\n\nIF NOT EXISTS(select * from sys.external_file_formats  where name = '_CSV_P2')\n    CREATE EXTERNAL FILE FORMAT _CSV_P2\n    WITH (  \n        FORMAT_TYPE = DELIMITEDTEXT,\n        FORMAT_OPTIONS ( FIELD_TERMINATOR = ',', STRING_DELIMITER = '\"', FIRST_ROW = 1, PARSER_VERSION = '2.0' )\n\t\t);\n\nIF NOT EXISTS(select * from sys.external_file_formats  where name = '_parquet')\n    CREATE EXTERNAL FILE FORMAT _parquet\n    WITH (  \n        FORMAT_TYPE = Parquet\n\t\t);\n\nIF  EXISTS (SELECT * FROM sys.objects WHERE object_id = OBJECT_ID(N'[dbo].[_cdmmetadata]') AND type in (N'U'))\n\t\tDROP External TABLE [dbo].[_cdmmetadata]\ncreate EXTERNAL table _cdmmetadata\n\t(\n\t\t[definitions] [varchar](max) NULL,\n\t\t[FilePath] [varchar](1000) NULL,\n\t\t[Environment]   [varchar](1000) NULL,\n\t\t[entities] varchar(max) Null\n\t)\n \tWITH (\n    \tLOCATION = '/metadata.parquet',\n    \tDATA_SOURCE = [@{pipeline().parameters.Environment}],\n    \tFILE_FORMAT = _parquet\n\t);\n\n\nIF (isNull(@entity,'') = '')\n\tBEGIN;\n\tSet @entities =(select string_agg(convert(nvarchar(max), \n\t\t\t\tcase \n\t\t\t\t\twhen FilePath like '%ChangeFeed/%'  then '_cdc_'+  JSON_VALUE(definitions, '$[0].entityName')\n\t\t\t\t\telse JSON_VALUE(definitions, '$[0].entityName')\n\t\t\t\tend ),',') \n\t\tFrom _cdmmetadata\n\t\twhere FilePath  like '%resolved%' and (FilePath like @TablesPredicate\n\t\t or FilePath like @EntitiesPredicate\n\t\t or FilePath like @ChangeFeedPredicate));\n\n\tEND;\nELSE IF (@location like  @TablesPredicate or @location like @ChangeFeedPredicate or @location like @EntitiesPredicate)\n\tset @entities = @entity;\nELSE \n \tRETURN;\n\nprint('Entities:' + @entities );\ndrop table if exists  #entities;\nCREATE TABLE #entities\n(\n    EntityName nvarchar(200)\n);\n\ninsert into #entities\nselect value from string_split(@entities, ',') \nDECLARE @counter int = 1\nDECLARE @recordCount int = (SELECT COUNT(1) from #entities)\n\nprint ('EntityCount:' + convert(varchar(10), @recordCount));\nprint ('-- Loop through entities');\n\ndeclare @currentEntity varchar(200); \ndeclare @ViewDefinition varchar(max);\ndeclare @ColumnList     varchar(max);\n\nWHILE @counter <= @recordCount \nBEGIN \n\t  declare @view int = 0;\n\t  declare @EntityName nvarchar(200);\n\t  Set @EntityName = (SELECT EntityName\n\t  FROM(SELECT *, ROW_NUMBER() OVER(ORDER BY EntityName) AS RN\n\t  FROM #entities) as T\n\t  WHERE RN = @counter)\n\n\tIF (isNull(@entity, '') = '')\n\tBEGIN;\n\t\t\tselect top 1 \n\t\t\t@definitions = definitions, \n\t\t\t@filePath =FilePath \n\t\t\t\tfrom _cdmmetadata \n\t\t\t\twhere FilePath  like '%resolved%' \n\t\t\t\tand\n\t\t\t\t\tcase \n\t\t\t\t\t\twhen FilePath like '%ChangeFeed/%'  then '_cdc_'+  JSON_VALUE(definitions, '$[0].entityName') \n\t\t\t\t\t\telse JSON_VALUE(definitions, '$[0].entityName') \n\t\t\t\t\tend = @EntityName\n\tEND;\n\t\t\n \tselect \n\t\t@currentEntity = x.EntityName,\n\t\t@location = x.DataPath,\n\t\t@ViewDefinition = x.ViewDef,\n\t\t@ColumnList = '(' + STRING_AGG(CONVERT(NVARCHAR(max), + '[' + name + '] ' +  case    \n\t\twhen x.dataType = 'nvarchar' and x.maxLength < 0 then 'nvarchar(max)'  \n\t\twhen x.datatype = 'nvarchar' then 'nvarchar(' + convert(nvarchar(10), x.maxLength) + ')'\n\t\twhen x.datatype = 'varbinary' then 'varbinary(' + convert(nvarchar(10), x.maxLength) + ')'\n\t\twhen x.datatype = 'decimal' then 'decimal(32,16)'  \n\t\telse x.datatype end) , ',') + ')'  \n\tfrom ( \n\t\t select \n\t\t\tFilePath,\n\t\t\tcase \n\t\t\t\twhen FilePath like '%ChangeFeed/%'  then '_cdc_'+  JSON_VALUE(definitions, '$[0].entityName')\n\t\t\t\telse JSON_VALUE(definitions, '$[0].entityName')\n\t\t\tend as EntityName,\n\t\t\treplace(replace(replace([FilePath], '/resolved/', '/'), '.cdm.json', ''), '-resolved', '') + '/*.csv' as DataPath,   \n\t\t\t(Select ISNULL(viewDefinition, viewDefinition1) From  OPENJSON(definitions, '$[0].exhibitsTraits') \n\t\t\t\tWITH (\n\t\t\t\t\ttraitReference NVARCHAR(100) '$.traitReference',\n\t\t\t\t\tviewDefinition nvarchar(max) '$.arguments[0].value',\n\t\t\t\t\tviewDefinition1 nvarchar(max) '$.arguments[0]'\n\t\t\t\t\t)\n\t\t\t\twhere traitReference = 'has.sqlViewDefinition') as ViewDef,\n\t\t\t\tname,   \n\t\t\t\tcase      \n\t\t\t\t\twhen datatype ='guid' then 'UNIQUEIDENTIFIER'  \n\t\t\t\t\twhen lower(name) ='_sysrowid' then 'bigint'\n\t\t\t\t\twhen datatype = 'string' and enum = 'is.constrainedList.wellKnown' then 'int'\n\t\t\t\t\twhen datatype = 'string' then 'nvarchar'\n\t\t\t\t\twhen datatype = 'int32' then 'int'   \n\t\t\t\t\twhen datatype = 'int64' then 'bigInt'    \n\t\t\t\t\twhen datatype = 'boolean' then 'bit'   \n\t\t\t\t\twhen datatype = 'double' then 'real' \n\t\t\t\t\twhen datatype = 'DateTime' then 'DateTime2'  \n\t\t\t\t\twhen datatype = 'Time' then 'int'  \n\t\t\t\t\twhen datatype = 'Binary' then 'varbinary'  \n\t\t\t\t\telse datatype \n\t\t\t\tend as dataType,    \n\t\t\t\tcase \n\t\t\t\t\twhen datatype = 'string' and  maxLength > 4000 then -1\n\t\t\t\t\twhen datatype = 'string' and lower(name) ='lsn' then 60\n\t\t\t\t\twhen datatype = 'string' and lower(name) = 'start_lsn' then 60\n\t\t\t\t\twhen datatype = 'string' and lower(name) = 'seq_val' then 60\n\t\t\t\t\twhen datatype = 'string' and lower(name) = 'dml_action' then 15\n\t\t\t\t\twhen datatype = 'string' and lower(name) = 'update_mask' then 200\n\t\t\t\t\twhen datatype = 'string' and lower(name) = 'createdby' then 20\n\t\t\t\t\twhen datatype = 'string' and lower(name) = 'modifiedby' then 20\n\t\t\t\t\twhen datatype = 'string'  and maxLength is null then 1000\n\t\t\t\t\twhen datatype = 'Binary'  and maxLength is null then 100\n\t\t\t\t\twhen datatype = 'string'  then maxLength \n\t\t\t\tend as maxLength,\n\t\t\t\tenum\n\t\t\tFrom \n\t\t\t(\n\t\t\t\tselect @definitions as definitions, @filePath as FilePath\n\t\t\t) y\n\t\t\tcross apply OPENJSON(definitions, '$[0].hasAttributes')  \n\t\t\t\tWITH (name nvarchar(200),  datatype NVARCHAR(50) '$.dataFormat' , maxLength int '$.maximumLength' \n\t\t\t\t,scale int '$.traits[0].arguments[1].value', enum nvarchar(max) '$.appliedTraits[3].traitReference')  \n\t\t) x\n\t\tgroup by x.EntityName,x.DataPath,x.ViewDef, x.FilePath\n\n\n\tPRINT ('Counter:' + convert(varchar(10), @counter));\n\tPRINT ('Entity:' + @currentEntity);\n\tPRINT ('Location:' + @location);\n\tSET @counter = @counter + 1\n\t\n\tIF (isNull(@ViewDefinition,'') <> '')\n\tBEGIN;  \n\t\tset @view = 1;\n\t\tdeclare @dateTimeFunct nvarchar(50) = 'SYSUTCDATETIME()';\n\n\t\tSET @ViewDefinition = replace(replace(replace(replace(replace(replace(@ViewDefinition\n\t\t\t\t\t\t\t\t\t\t, '[dbo].GetValidFromInContextInfo()', @dateTimeFunct)\n\t\t\t\t\t\t\t\t\t\t, '[dbo].GetValidToInContextInfo()', @dateTimeFunct)\n\t\t\t\t\t\t\t\t\t\t, 'dbo.GetValidFromInContextInfo()', @dateTimeFunct)\n\t\t\t\t\t\t\t\t\t\t, 'dbo.GetValidToInContextInfo()', @dateTimeFunct)\n\t\t\t\t\t\t\t\t\t\t, 'GetValidFromInContextInfo()', @dateTimeFunct)\n\t\t\t\t\t\t\t\t\t\t, 'GetValidToInContextInfo()', @dateTimeFunct)\t\t\t\n\t\tbegin try\n\t\t\texecute sp_executesql @ViewDefinition;\n\t\tend try\n\t\tbegin catch;\n\t\t\tprint (@ViewDefinition)\n\t\t\tprint  (ERROR_MESSAGE());  \n\t\tend catch;\n\tEND;\n\tIF (@view = 0)\n\tBEGIN;\n\t\tIF (@ddlType = 'SynapseExternalTable')\n\t\t\tBEGIN;\n\t\t\t\tDeclare @CreateExternalTableDDL nvarchar(max)= (Select \n\t\t\t\t'If (OBJECT_ID(''' + @Schema + '.' + @currentEntity +''') is not NULL)   \n\t\t\t\tdrop external table  ' + @Schema + '.' + @currentEntity +' ;  \n\t\t\t\tcreate   EXTERNAL TABLE ' + @Schema + '.' + @currentEntity +  @ColumnList + \n\t\t\t\t' WITH (\n\t\t\t\t\t\tLOCATION = '''+ @location + ''', \n\t\t\t\t\t\tDATA_SOURCE =['+@datasource+'],\n\t\t\t\t\t\tFILE_FORMAT = ['+@fileFormat+'],\n\t\t\t\t\t\tTABLE_OPTIONS = ' + @readOption +')');\n\t\t\t\t\tprint(@CreateExternalTableDDL);\n\t\t\t\t\texecute sp_executesql @CreateExternalTableDDL\n\t\t\tEND;\n\t\tELSE\n\t\t\tBEGIN;\n\t\t\t\tDeclare @CreateTableDDL nvarchar(max) = (SELECT \n\t\t\t\t'CREATE OR ALTER VIEW ' + @Schema + '.'  + @currentEntity + ' AS \n\t\t\t\tSELECT \n\t\t\t\tcast(r.filepath(1) as varchar(100)) as [$FileName],\n\t\t\t\t* \n\t\t\t\tFROM \n\t\t\t\tOPENROWSET(\n\t\t\t\t\tBULK '''+ @location + ''', \n\t\t\t\t\tFORMAT = ''CSV'', \n\t\t\t\t\tPARSER_VERSION = '''+ @parserVersion +''', \n\t\t\t\t\tDATA_SOURCE ='''+@datasource+''',\n\t\t\t\t\tROWSET_OPTIONS =  ' + @readOption +' \n\t\t\t\t\t) \n\t\t\t\tWITH ' + @ColumnList + 'as r');\n\t\t\t\t\n\t\t\t\tprint (@CreateTableDDL);\n\t\t\t\texecute sp_executesql  @CreateTableDDL;\n\t\t\tEND;\n\t\tEND;\n\tset @currentEntity = null;\nEND;","type":"Expression"}}],"logSettings":{"logDestination":"ActivityOutput"}}}]}},{"name":"Target_CopyMetadata","type":"IfCondition","dependsOn":[{"activity":"Source_ReadMetadata","dependencyConditions":["Succeeded"]}],"userProperties":[],"typeProperties":{"expression":{"value":"@equals(pipeline().parameters.DDLType,'SQLTable')","type":"Expression"},"ifTrueActivities":[{"name":"CopyMetadata_SQL","type":"Copy","dependsOn":[],"policy":{"timeout":"7.00:00:00","retry":0,"retryIntervalInSeconds":30,"secureOutput":false,"secureInput":false},"userProperties":[],"typeProperties":{"source":{"type":"ParquetSource","storeSettings":{"type":"AzureBlobFSReadSettings","recursive":true,"enablePartitionDiscovery":false}},"sink":{"type":"AzureSqlSink","preCopyScript":{"value":"IF  EXISTS (SELECT * FROM sys.objects WHERE object_id = OBJECT_ID(N'[dbo].[_cdmmetadata]') AND type in (N'U'))\n    Drop Table _cdmmetadata\n    \ncreate table _cdmmetadata\n(\n    [definitions] [varchar](max) NULL,\n    [FilePath] [varchar](1000) NULL,\n    [Environment]   [varchar](1000) NULL,\n    [entities] varchar(max) Null\n)","type":"Expression"},"writeBehavior":"insert","sqlWriterUseTableLock":false,"disableMetricsCollection":false},"enableStaging":false},"inputs":[{"referenceName":"metadata_parquet","type":"DatasetReference","parameters":{"container":{"value":"@pipeline().parameters.container","type":"Expression"},"folder":{"value":"@pipeline().parameters.Environment","type":"Expression"}}}],"outputs":[{"referenceName":"SqlTable","type":"DatasetReference","parameters":{"TableName":{"value":"_cdmmetadata","type":"Expression"},"DbName":{"value":"@pipeline().parameters.DbName","type":"Expression"}}}]}]}}],"policy":{"elapsedTimeMetric":{},"cancelAfter":{}},"parameters":{"StorageAccount":{"type":"string","defaultValue":"https://ReplaceMe.dfs.core.windows.net/"},"container":{"type":"string","defaultValue":"dynamics365-financeandoperations"},"Environment":{"type":"string","defaultValue":"ReplaceMe.sandbox.operations.dynamics.com"},"DDLType":{"type":"string","defaultValue":"SynapseTable"},"ParserVersion":{"type":"string","defaultValue":"2.0"},"folderpath":{"type":"string"},"filepath":{"type":"string"},"DbName":{"type":"string","defaultValue":"ReplaceMe"},"Schema":{"type":"string","defaultValue":"dbo"},"ObjectTypes":{"type":"string","defaultValue":"Tables"}},"variables":{"CommonScript":{"type":"String"}},"folder":{"name":"CDMUtil"},"annotations":[],"lastPublishTime":"2022-08-24T14:41:25Z"},"dependsOn":["[concat(variables('workspaceId'), '/datasets/lookupcdm_json')]","[concat(variables('workspaceId'), '/datasets/cdmjson')]","[concat(variables('workspaceId'), '/datasets/metadata_parquet')]","[concat(variables('workspaceId'), '/datasets/SqlTable')]"]},{"name":"[concat(parameters('workspaceName'), '/lookupcdm_json')]","type":"Microsoft.Synapse/workspaces/datasets","apiVersion":"2019-06-01-preview","properties":{"linkedServiceName":{"referenceName":"[parameters('financesynapseanalytics-WorkspaceDefaultStorage')]","type":"LinkedServiceReference"},"parameters":{"container":{"type":"string"},"file":{"type":"string"}},"annotations":[],"type":"Json","typeProperties":{"location":{"type":"AzureBlobFSLocation","fileName":{"value":"@dataset().file","type":"Expression"},"fileSystem":{"value":"@dataset().container","type":"Expression"}}},"schema":{}},"dependsOn":[]},{"name":"[concat(parameters('workspaceName'), '/cdmjson')]","type":"Microsoft.Synapse/workspaces/datasets","apiVersion":"2019-06-01-preview","properties":{"description":"Source cdm.json files","linkedServiceName":{"referenceName":"[parameters('financesynapseanalytics-WorkspaceDefaultStorage')]","type":"LinkedServiceReference"},"parameters":{"Container":{"type":"string","defaultValue":"dynamics365-financeandoperations"}},"annotations":[],"type":"Json","typeProperties":{"location":{"type":"AzureBlobFSLocation","fileSystem":{"value":"@dataset().Container","type":"Expression"}}},"schema":{"type":"object","properties":{"jsonSchemaSemanticVersion":{"type":"string"},"imports":{"type":"array","items":{"type":"object","properties":{"corpusPath":{"type":"string"},"moniker":{"type":"string"}}}},"definitions":{"type":"array","items":{"type":"object","properties":{"entityName":{"type":"string"},"exhibitsTraits":{"type":"array","items":{"type":"object","properties":{"traitReference":{"type":"string"},"arguments":{"type":"array","items":{"type":"object","properties":{"name":{"type":"string"},"value":{"type":"string"}}}}}}},"attributeContext":{"type":"object","properties":{"type":{"type":"string"},"name":{"type":"string"},"definition":{"type":"string"},"contents":{"type":"array","items":{"type":"object","properties":{"type":{"type":"string"},"name":{"type":"string"},"parent":{"type":"string"},"definition":{"type":"string"},"contents":{"type":"array","items":{"type":"string"}}}}}}},"hasAttributes":{"type":"array","items":{"type":"object","properties":{"name":{"type":"string"},"appliedTraits":{"type":"array","items":{"type":"string"}},"attributeContext":{"type":"string"},"dataFormat":{"type":"string"},"description":{"type":"string"}}}},"displayName":{"type":"string"},"description":{"type":"string"},"version":{"type":"string"}}}}}}},"dependsOn":[]},{"name":"[concat(parameters('workspaceName'), '/metadata_parquet')]","type":"Microsoft.Synapse/workspaces/datasets","apiVersion":"2019-06-01-preview","properties":{"linkedServiceName":{"referenceName":"[parameters('financesynapseanalytics-WorkspaceDefaultStorage')]","type":"LinkedServiceReference"},"parameters":{"container":{"type":"string"},"folder":{"type":"string"}},"annotations":[],"type":"Parquet","typeProperties":{"location":{"type":"AzureBlobFSLocation","fileName":"metadata.parquet","folderPath":{"value":"@dataset().folder","type":"Expression"},"fileSystem":{"value":"@dataset().container","type":"Expression"}},"compressionCodec":"snappy"},"schema":[]},"dependsOn":[]},{"name":"[concat(parameters('workspaceName'), '/SqlTable')]","type":"Microsoft.Synapse/workspaces/datasets","apiVersion":"2019-06-01-preview","properties":{"linkedServiceName":{"referenceName":"[parameters('SynapseServerlessEndpoint')]","type":"LinkedServiceReference","parameters":{"DbName":{"value":"@dataset().DbName","type":"Expression"}}},"parameters":{"TableName":{"type":"string"},"DbName":{"type":"string"}},"annotations":[],"type":"AzureSqlTable","schema":[],"typeProperties":{"schema":"dbo","table":{"value":"@dataset().TableName","type":"Expression"}}},"dependsOn":[]}]}