<botcomponent schemaname="new_topic_574eb0e65e4945e68f7eae2ebb2db2d5_21a34f1673a24096a99ba0effb63cc1d">
  <componenttype>0</componenttype>
  <description>Lesson 2 - This lesson will show you how you can create a simple topic with one conditional branch and a variable.

A variable is a name for an item which will be used later in the topic flow.  In this example, "pva_StoreLocation" is the name for the variable when you ask the user for their preferred Store Location.</description>
  <iscustomizable>1</iscustomizable>
  <name>Lesson 2 - A simple topic with a condition and variable</name>
  <statecode>0</statecode>
  <statuscode>1</statuscode>
</botcomponent>