<msdyn_templateparameter msdyn_uniquename="extn_customcontactsearchpage_name">
  <iscustomizable>1</iscustomizable>
  <msdyn_applicationtabtemplateid>
    <msdyn_uniquename>extn_customcontactsearchpage</msdyn_uniquename>
  </msdyn_applicationtabtemplateid>
  <msdyn_name default="name">
    <label description="name" languagecode="1033" />
  </msdyn_name>
  <msdyn_value>extn_customsearch_c76f9</msdyn_value>
  <statecode>0</statecode>
  <statuscode>1</statuscode>
</msdyn_templateparameter>