{"commitInfo":{"operation":"Update","engineInfo":"Mashup Engine/2.127.933.0","additionalCommitInfo":null}}
{"add":{"path":"1a44b1ae7a95428dbd7c1d7a4a583b75.parquet","partitionValues":{},"size":94502,"modificationTime":1710627117769,"dataChange":true,"stats":"{\"numRecords\":304,\"minValues\":{\"ACCOUNTNUM\":\"000001\",\"INVOICEACCOUNT\":\"\",\"CUSTGROUP\":\"010\",\"LINEDISC\":\"\",\"PAYMTERMID\":\"\",\"CASHDISC\":\"\",\"CURRENCY\":\"BRL\",\"INTERCOMPANYAUTOCREATEORDERS\":0.0,\"SALESGROUP\":\"\",\"BLOCKED\":0.0,\"ONETIMECUSTOMER\":0.0,\"ACCOUNTSTATEMENT\":0.0,\"CREDITMAX\":0.0,\"MANDATORYCREDITLIMIT\":0.0,\"VENDACCOUNT\":\"\",\"PRICEGROUP\":\"\",\"MULTILINEDISC\":\"\",\"ENDDISC\":\"\",\"VATNUM\":\"\",\"INVENTLOCATION\":\"\",\"DLVTERM\":\"\",\"DLVMODE\":\"\",\"MARKUPGROUP\":\"\",\"CLEARINGPERIOD\":\"\",\"FREIGHTZONE\":\"\",\"CREDITRATING\":\"\",\"TAXGROUP\":\"\",\"STATISTICSGROUP\":\"\",\"PAYMMODE\":\"\",\"COMMISSIONGROUP\":\"\",\"BANKACCOUNT\":\"\",\"PAYMSCHED\":\"\",\"CONTACTPERSONID\":\"\",\"INVOICEADDRESS\":0.0,\"OURACCOUNTNUM\":\"\",\"SALESPOOLID\":\"\",\"INCLTAX\":0.0,\"CUSTITEMGROUPID\":\"\",\"NUMBERSEQUENCEGROUP\":\"\",\"PAYMDAYID\":\"\",\"LINEOFBUSINESSID\":\"\",\"DESTINATIONCODEID\":\"\",\"GIROTYPE\":0.0,\"SUPPITEMGROUPID\":\"\",\"GIROTYPEINTERESTNOTE\":0.0,\"TAXLICENSENUM\":\"\",\"WEBSALESORDERDISPLAY\":0.0,\"PAYMSPEC\":\"\",\"BANKCENTRALBANKPURPOSETEXT\":\"\",\"BANKCENTRALBANKPURPOSECODE\":\"\",\"INTERCOMPANYALLOWINDIRECTCREATION\":0.0,\"PACKMATERIALFEELICENSENUM\":\"\",\"TAXBORDERNUMBER_FI\":\"\",\"EINVOICEEANNUM\":\"\",\"FISCALCODE\":\"\",\"DLVREASON\":\"\",\"FORECASTDMPINCLUDE\":0.0,\"GIROTYPECOLLECTIONLETTER\":0.0,\"SALESCALENDARID\":\"\",\"CUSTCLASSIFICATIONID\":\"\",\"INTERCOMPANYDIRECTDELIVERY\":0.0,\"ENTERPRISENUMBER\":\"\",\"SHIPCARRIERACCOUNT\":\"\",\"GIROTYPEPROJINVOICE\":0.0,\"INVENTSITEID\":\"\",\"ORDERENTRYDEADLINEGROUPID\":\"\",\"SHIPCARRIERID\":\"\",\"SHIPCARRIERFUELSURCHARGE\":0.0,\"SHIPCARRIERBLINDSHIPMENT\":0.0,\"SHIPCARRIERACCOUNTCODE\":\"\",\"GIROTYPEFREETEXTINVOICE\":0.0,\"SYNCENTITYID\":\"00000000-0000-0000-0000-000000000000\",\"SYNCVERSION\":0.0,\"SALESDISTRICTID\":\"\",\"SEGMENTID\":\"\",\"SUBSEGMENTID\":\"\",\"RFIDITEMTAGGING\":0.0,\"RFIDCASETAGGING\":0.0,\"RFIDPALLETTAGGING\":0.0,\"COMPANYCHAINID\":\"\",\"COMPANYIDSIRET\":\"\",\"PARTY\":5637144826.0,\"IDENTIFICATIONNUMBER\":\"\",\"PARTYCOUNTRY\":\"\",\"PARTYSTATE\":\"\",\"ORGID\":\"\",\"PAYMIDTYPE\":\"\",\"FACTORINGACCOUNT\":\"\",\"DEFAULTDIMENSION\":0.0,\"CUSTEXCLUDECOLLECTIONFEE\":0.0,\"CUSTEXCLUDEINTERESTCHARGES\":0.0,\"COMPANYNAFCODE\":0.0,\"BANKCUSTPAYMIDTABLE\":0.0,\"GIROTYPEACCOUNTSTATEMENT\":0.0,\"MAINCONTACTWORKER\":0.0,\"CREDITCARDADDRESSVERIFICATION\":0.0,\"CREDITCARDCVC\":0.0,\"CREDITCARDADDRESSVERIFICATIONVOID\":0.0,\"CREDITCARDADDRESSVERIFICATIONLEVEL\":0.0,\"COMPANYTYPE_MX\":0.0,\"RFC_MX\":\"\",\"CURP_MX\":\"\",\"STATEINSCRIPTION_MX\":\"\",\"RESIDENCEFOREIGNCOUNTRYREGIONID_IT\":\"\",\"BIRTHCOUNTYCODE_IT\":\"\",\"BIRTHDATE_IT\":\"1900-01-01 00:00:00.000000\",\"BIRTHPLACE_IT\":\"\",\"EINVOICE\":0.0,\"CCMNUM_BR\":\"\",\"CNPJCPFNUM_BR\":\"\",\"PBACUSTGROUPID\":\"\",\"IENUM_BR\":\"\",\"SUFRAMANUMBER_BR\":\"\",\"SUFRAMA_BR\":0.0,\"CUSTFINALUSER_BR\":0.0,\"INTERESTCODE_BR\":\"\",\"FINECODE_BR\":\"\",\"SUFRAMAPISCOFINS_BR\":0.0,\"TAXWITHHOLDCALCULATE_TH\":0.0,\"TAXWITHHOLDGROUP_TH\":\"\",\"CONSDAY_JP\":0.0,\"NIT_BR\":\"\",\"INSSCEI_BR\":\"\",\"CNAE_BR\":\"\",\"ICMSCONTRIBUTOR_BR\":0.0,\"SERVICECODEONDLVADDRESS_BR\":0.0,\"INVENTPROFILETYPE_RU\":0.0,\"INVENTPROFILEID_RU\":\"\",\"TAXWITHHOLDCALCULATE_IN\":0.0,\"UNITEDVATINVOICE_LT\":0.0,\"ENTERPRISECODE\":\"\",\"COMMERCIALREGISTERSECTION\":\"\",\"COMMERCIALREGISTERINSETNUMBER\":\"\",\"COMMERCIALREGISTER\":\"\",\"REGNUM_W\":\"\",\"ISRESIDENT_LV\":0.0,\"INTBANK_LV\":\"\",\"PAYMENTREFERENCE_EE\":\"\",\"PACKAGEDEPOSITEXCEMPT_PL\":0.0,\"FEDNONFEDINDICATOR\":0.0,\"IRS1099CINDICATOR\":0.0,\"AGENCYLOCATIONCODE\":\"\",\"FEDERALCOMMENTS\":\"\",\"USEPURCHREQUEST\":0.0,\"MCRMERGEDPARENT\":\"\",\"MCRMERGEDROOT\":\"\",\"AFFILIATED_RU\":0.0,\"CASHDISCBASEDAYS\":0.0,\"CUSTTRADINGPARTNERCODE\":0.0,\"CUSTWHTCONTRIBUTIONTYPE_BR\":0.0,\"DAXINTEGRATIONID\":\"00000000-0000-0000-0000-000000000000\",\"DEFAULTDIRECTDEBITMANDATE\":0.0,\"DEFAULTINVENTSTATUSID\":\"\",\"ENTRYCERTIFICATEREQUIRED_W\":0.0,\"EXPORTSALES_PL\":0.0,\"EXPRESSBILLOFLADING\":0.0,\"FISCALDOCTYPE_PL\":0.0,\"FOREIGNRESIDENT_RU\":0.0,\"GENERATEINCOMINGFISCALDOCUMENT_BR\":0.0,\"INVOICEPOSTINGTYPE_RU\":0.0,\"ISSUEOWNENTRYCERTIFICATE_W\":0.0,\"ISSUERCOUNTRY_HU\":\"\",\"LVPAYMTRANSCODES\":0.0,\"MANDATORYVATDATE_PL\":0.0,\"PASSPORTNO_HU\":\"\",\"PDSCUSTREBATEGROUPID\":\"\",\"PDSFREIGHTACCRUED\":0.0,\"PDSREBATETMAGROUP\":\"\",\"TAXPERIODPAYMENTCODE_PL\":\"\",\"USECASHDISC\":0.0,\"MODIFIEDDATETIME\":\"2009-01-28 22:00:58.000000\",\"DEL_MODIFIEDTIME\":0.0,\"MODIFIEDBY\":\"APRIL\",\"CREATEDDATETIME\":\"2009-01-03 11:58:40.000000\",\"DEL_CREATEDTIME\":0.0,\"DATAAREAID\":\"brmf\",\"RECVERSION\":0.0,\"PARTITION\":5637144576.0,\"RECID\":22565420942.0,\"EINVOICEREGISTER_IT\":0.0,\"FOREIGNERID_BR\":\"\",\"AUTHORITYOFFICE_IT\":\"\",\"PRESENCETYPE_BR\":0.0,\"TAXGSTRELIEFGROUPHEADING_MY\":0.0,\"FOREIGNTAXREGISTRATION_MX\":\"\",\"SATPURPOSE_MX\":\"\",\"SATPAYMMETHOD_MX\":\"\"},\"maxValues\":{\"ACCOUNTNUM\":\"fR_SI_0009\",\"INVOICEACCOUNT\":\"RUMF-000005\",\"CUSTGROUP\":\"Физик\",\"LINEDISC\":\"\",\"PAYMTERMID\":\"Net45\",\"CASHDISC\":\"4%D20\",\"CURRENCY\":\"USD\",\"INTERCOMPANYAUTOCREATEORDERS\":1.0,\"SALESGROUP\":\"01\",\"BLOCKED\":0.0,\"ONETIMECUSTOMER\":0.0,\"ACCOUNTSTATEMENT\":0.0,\"CREDITMAX\":1000000.0,\"MANDATORYCREDITLIMIT\":1.0,\"VENDACCOUNT\":\"GB_SI_000005\",\"PRICEGROUP\":\"09\",\"MULTILINEDISC\":\"\",\"ENDDISC\":\"\",\"VATNUM\":\"FR900099600\",\"INVENTLOCATION\":\"Москва\",\"DLVTERM\":\"FOB\",\"DLVMODE\":\"60\",\"MARKUPGROUP\":\"\",\"CLEARINGPERIOD\":\"\",\"FREIGHTZONE\":\"\",\"CREDITRATING\":\"Poor\",\"TAXGROUP\":\"НДС\",\"STATISTICSGROUP\":\"03\",\"PAYMMODE\":\"Основной\",\"COMMISSIONGROUP\":\"\",\"BANKACCOUNT\":\"CTBA010\",\"PAYMSCHED\":\"\",\"CONTACTPERSONID\":\"\",\"INVOICEADDRESS\":0.0,\"OURACCOUNTNUM\":\"\",\"SALESPOOLID\":\"07\",\"INCLTAX\":1.0,\"CUSTITEMGROUPID\":\"\",\"NUMBERSEQUENCEGROUP\":\"\",\"PAYMDAYID\":\"Основной\",\"LINEOFBUSINESSID\":\"3100\",\"DESTINATIONCODEID\":\"\",\"GIROTYPE\":0.0,\"SUPPITEMGROUPID\":\"\",\"GIROTYPEINTERESTNOTE\":0.0,\"TAXLICENSENUM\":\"\",\"WEBSALESORDERDISPLAY\":0.0,\"PAYMSPEC\":\"\",\"BANKCENTRALBANKPURPOSETEXT\":\"\",\"BANKCENTRALBANKPURPOSECODE\":\"\",\"INTERCOMPANYALLOWINDIRECTCREATION\":0.0,\"PACKMATERIALFEELICENSENUM\":\"\",\"TAXBORDERNUMBER_FI\":\"\",\"EINVOICEEANNUM\":\"\",\"FISCALCODE\":\"\",\"DLVREASON\":\"\",\"FORECASTDMPINCLUDE\":0.0,\"GIROTYPECOLLECTIONLETTER\":0.0,\"SALESCALENDARID\":\"Standard\",\"CUSTCLASSIFICATIONID\":\"02\",\"INTERCOMPANYDIRECTDELIVERY\":1.0,\"ENTERPRISENUMBER\":\"\",\"SHIPCARRIERACCOUNT\":\"\",\"GIROTYPEPROJINVOICE\":0.0,\"INVENTSITEID\":\"ЦЕНТР\",\"ORDERENTRYDEADLINEGROUPID\":\"\",\"SHIPCARRIERID\":\"\",\"SHIPCARRIERFUELSURCHARGE\":1.0,\"SHIPCARRIERBLINDSHIPMENT\":0.0,\"SHIPCARRIERACCOUNTCODE\":\"\",\"GIROTYPEFREETEXTINVOICE\":0.0,\"SYNCENTITYID\":\"00000000-0000-0000-0000-000000000000\",\"SYNCVERSION\":0.0,\"SALESDISTRICTID\":\"WC\",\"SEGMENTID\":\"20\",\"SUBSEGMENTID\":\"10\",\"RFIDITEMTAGGING\":0.0,\"RFIDCASETAGGING\":0.0,\"RFIDPALLETTAGGING\":0.0,\"COMPANYCHAINID\":\"\",\"COMPANYIDSIRET\":\"\",\"PARTY\":52565455589.0,\"IDENTIFICATIONNUMBER\":\"\",\"PARTYCOUNTRY\":\"\",\"PARTYSTATE\":\"\",\"ORGID\":\"\",\"PAYMIDTYPE\":\"\",\"FACTORINGACCOUNT\":\"\",\"DEFAULTDIMENSION\":52565466755.0,\"CUSTEXCLUDECOLLECTIONFEE\":0.0,\"CUSTEXCLUDEINTERESTCHARGES\":0.0,\"COMPANYNAFCODE\":0.0,\"BANKCUSTPAYMIDTABLE\":0.0,\"GIROTYPEACCOUNTSTATEMENT\":0.0,\"MAINCONTACTWORKER\":22565421531.0,\"CREDITCARDADDRESSVERIFICATION\":0.0,\"CREDITCARDCVC\":0.0,\"CREDITCARDADDRESSVERIFICATIONVOID\":0.0,\"CREDITCARDADDRESSVERIFICATIONLEVEL\":0.0,\"COMPANYTYPE_MX\":3.0,\"RFC_MX\":\"TRE850330LA2\",\"CURP_MX\":\"\",\"STATEINSCRIPTION_MX\":\"\",\"RESIDENCEFOREIGNCOUNTRYREGIONID_IT\":\"\",\"BIRTHCOUNTYCODE_IT\":\"\",\"BIRTHDATE_IT\":\"1900-01-01 00:00:00.000000\",\"BIRTHPLACE_IT\":\"\",\"EINVOICE\":0.0,\"CCMNUM_BR\":\"\",\"CNPJCPFNUM_BR\":\"874223310001-06\",\"PBACUSTGROUPID\":\"\",\"IENUM_BR\":\"8764322253747\",\"SUFRAMANUMBER_BR\":\"\",\"SUFRAMA_BR\":0.0,\"CUSTFINALUSER_BR\":0.0,\"INTERESTCODE_BR\":\"\",\"FINECODE_BR\":\"\",\"SUFRAMAPISCOFINS_BR\":0.0,\"TAXWITHHOLDCALCULATE_TH\":1.0,\"TAXWITHHOLDGROUP_TH\":\"RETCP\",\"CONSDAY_JP\":25.0,\"NIT_BR\":\"\",\"INSSCEI_BR\":\"\",\"CNAE_BR\":\"\",\"ICMSCONTRIBUTOR_BR\":1.0,\"SERVICECODEONDLVADDRESS_BR\":0.0,\"INVENTPROFILETYPE_RU\":0.0,\"INVENTPROFILEID_RU\":\"\",\"TAXWITHHOLDCALCULATE_IN\":1.0,\"UNITEDVATINVOICE_LT\":0.0,\"ENTERPRISECODE\":\"\",\"COMMERCIALREGISTERSECTION\":\"\",\"COMMERCIALREGISTERINSETNUMBER\":\"\",\"COMMERCIALREGISTER\":\"\",\"REGNUM_W\":\"\",\"ISRESIDENT_LV\":0.0,\"INTBANK_LV\":\"\",\"PAYMENTREFERENCE_EE\":\"\",\"PACKAGEDEPOSITEXCEMPT_PL\":0.0,\"FEDNONFEDINDICATOR\":0.0,\"IRS1099CINDICATOR\":0.0,\"AGENCYLOCATIONCODE\":\"\",\"FEDERALCOMMENTS\":\"\",\"USEPURCHREQUEST\":0.0,\"MCRMERGEDPARENT\":\" \",\"MCRMERGEDROOT\":\" \",\"AFFILIATED_RU\":0.0,\"CASHDISCBASEDAYS\":0.0,\"CUSTTRADINGPARTNERCODE\":0.0,\"CUSTWHTCONTRIBUTIONTYPE_BR\":0.0,\"DAXINTEGRATIONID\":\"FFE5C02D-973E-4714-BAB3-93901A265A76\",\"DEFAULTDIRECTDEBITMANDATE\":0.0,\"DEFAULTINVENTSTATUSID\":\"\",\"ENTRYCERTIFICATEREQUIRED_W\":0.0,\"EXPORTSALES_PL\":0.0,\"EXPRESSBILLOFLADING\":0.0,\"FISCALDOCTYPE_PL\":0.0,\"FOREIGNRESIDENT_RU\":0.0,\"GENERATEINCOMINGFISCALDOCUMENT_BR\":0.0,\"INVOICEPOSTINGTYPE_RU\":0.0,\"ISSUEOWNENTRYCERTIFICATE_W\":0.0,\"ISSUERCOUNTRY_HU\":\"\",\"LVPAYMTRANSCODES\":0.0,\"MANDATORYVATDATE_PL\":0.0,\"PASSPORTNO_HU\":\"\",\"PDSCUSTREBATEGROUPID\":\"\",\"PDSFREIGHTACCRUED\":0.0,\"PDSREBATETMAGROUP\":\"\",\"TAXPERIODPAYMENTCODE_PL\":\"\",\"USECASHDISC\":0.0,\"MODIFIEDDATETIME\":\"2014-05-02 23:02:43.000000\",\"DEL_MODIFIEDTIME\":78372.0,\"MODIFIEDBY\":\"admin\",\"CREATEDDATETIME\":\"2014-04-23 17:44:26.000000\",\"DEL_CREATEDTIME\":78372.0,\"DATAAREAID\":\"ussi\",\"RECVERSION\":0.0,\"PARTITION\":5637144577.0,\"RECID\":22565430649.0,\"EINVOICEREGISTER_IT\":0.0,\"FOREIGNERID_BR\":\"\",\"AUTHORITYOFFICE_IT\":\"\",\"PRESENCETYPE_BR\":0.0,\"TAXGSTRELIEFGROUPHEADING_MY\":0.0,\"FOREIGNTAXREGISTRATION_MX\":\"\",\"SATPURPOSE_MX\":\"\",\"SATPAYMMETHOD_MX\":\"\"},\"nullCount\":{\"ACCOUNTNUM\":0,\"INVOICEACCOUNT\":0,\"CUSTGROUP\":0,\"LINEDISC\":0,\"PAYMTERMID\":0,\"CASHDISC\":0,\"CURRENCY\":0,\"INTERCOMPANYAUTOCREATEORDERS\":0,\"SALESGROUP\":0,\"BLOCKED\":0,\"ONETIMECUSTOMER\":0,\"ACCOUNTSTATEMENT\":0,\"CREDITMAX\":0,\"MANDATORYCREDITLIMIT\":0,\"VENDACCOUNT\":0,\"PRICEGROUP\":0,\"MULTILINEDISC\":0,\"ENDDISC\":0,\"VATNUM\":0,\"INVENTLOCATION\":0,\"DLVTERM\":0,\"DLVMODE\":0,\"MARKUPGROUP\":0,\"CLEARINGPERIOD\":0,\"FREIGHTZONE\":0,\"CREDITRATING\":0,\"TAXGROUP\":0,\"STATISTICSGROUP\":0,\"PAYMMODE\":0,\"COMMISSIONGROUP\":0,\"BANKACCOUNT\":0,\"PAYMSCHED\":0,\"CONTACTPERSONID\":0,\"INVOICEADDRESS\":0,\"OURACCOUNTNUM\":0,\"SALESPOOLID\":0,\"INCLTAX\":0,\"CUSTITEMGROUPID\":0,\"NUMBERSEQUENCEGROUP\":0,\"PAYMDAYID\":0,\"LINEOFBUSINESSID\":0,\"DESTINATIONCODEID\":0,\"GIROTYPE\":0,\"SUPPITEMGROUPID\":0,\"GIROTYPEINTERESTNOTE\":0,\"TAXLICENSENUM\":0,\"WEBSALESORDERDISPLAY\":0,\"PAYMSPEC\":0,\"BANKCENTRALBANKPURPOSETEXT\":0,\"BANKCENTRALBANKPURPOSECODE\":0,\"INTERCOMPANYALLOWINDIRECTCREATION\":0,\"PACKMATERIALFEELICENSENUM\":0,\"TAXBORDERNUMBER_FI\":0,\"EINVOICEEANNUM\":0,\"FISCALCODE\":0,\"DLVREASON\":0,\"FORECASTDMPINCLUDE\":0,\"GIROTYPECOLLECTIONLETTER\":0,\"SALESCALENDARID\":0,\"CUSTCLASSIFICATIONID\":0,\"INTERCOMPANYDIRECTDELIVERY\":0,\"ENTERPRISENUMBER\":0,\"SHIPCARRIERACCOUNT\":0,\"GIROTYPEPROJINVOICE\":0,\"INVENTSITEID\":0,\"ORDERENTRYDEADLINEGROUPID\":0,\"SHIPCARRIERID\":0,\"SHIPCARRIERFUELSURCHARGE\":0,\"SHIPCARRIERBLINDSHIPMENT\":0,\"SHIPCARRIERACCOUNTCODE\":0,\"GIROTYPEFREETEXTINVOICE\":0,\"SYNCENTITYID\":0,\"SYNCVERSION\":0,\"MEMO\":304,\"SALESDISTRICTID\":0,\"SEGMENTID\":0,\"SUBSEGMENTID\":0,\"RFIDITEMTAGGING\":0,\"RFIDCASETAGGING\":0,\"RFIDPALLETTAGGING\":0,\"COMPANYCHAINID\":0,\"COMPANYIDSIRET\":0,\"PARTY\":0,\"IDENTIFICATIONNUMBER\":0,\"PARTYCOUNTRY\":0,\"PARTYSTATE\":0,\"ORGID\":0,\"PAYMIDTYPE\":0,\"FACTORINGACCOUNT\":0,\"DEFAULTDIMENSION\":0,\"CUSTEXCLUDECOLLECTIONFEE\":0,\"CUSTEXCLUDEINTERESTCHARGES\":0,\"COMPANYNAFCODE\":0,\"BANKCUSTPAYMIDTABLE\":0,\"GIROTYPEACCOUNTSTATEMENT\":0,\"MAINCONTACTWORKER\":0,\"CREDITCARDADDRESSVERIFICATION\":0,\"CREDITCARDCVC\":0,\"CREDITCARDADDRESSVERIFICATIONVOID\":0,\"CREDITCARDADDRESSVERIFICATIONLEVEL\":0,\"COMPANYTYPE_MX\":0,\"RFC_MX\":0,\"CURP_MX\":0,\"STATEINSCRIPTION_MX\":0,\"RESIDENCEFOREIGNCOUNTRYREGIONID_IT\":0,\"BIRTHCOUNTYCODE_IT\":0,\"BIRTHDATE_IT\":0,\"BIRTHPLACE_IT\":0,\"EINVOICE\":0,\"CCMNUM_BR\":0,\"CNPJCPFNUM_BR\":0,\"PBACUSTGROUPID\":0,\"IENUM_BR\":0,\"SUFRAMANUMBER_BR\":0,\"SUFRAMA_BR\":0,\"CUSTFINALUSER_BR\":0,\"INTERESTCODE_BR\":0,\"FINECODE_BR\":0,\"SUFRAMAPISCOFINS_BR\":0,\"TAXWITHHOLDCALCULATE_TH\":0,\"TAXWITHHOLDGROUP_TH\":0,\"CONSDAY_JP\":0,\"NIT_BR\":0,\"INSSCEI_BR\":0,\"CNAE_BR\":0,\"ICMSCONTRIBUTOR_BR\":0,\"SERVICECODEONDLVADDRESS_BR\":0,\"INVENTPROFILETYPE_RU\":0,\"INVENTPROFILEID_RU\":0,\"TAXWITHHOLDCALCULATE_IN\":0,\"UNITEDVATINVOICE_LT\":0,\"ENTERPRISECODE\":0,\"COMMERCIALREGISTERSECTION\":0,\"COMMERCIALREGISTERINSETNUMBER\":0,\"COMMERCIALREGISTER\":0,\"REGNUM_W\":0,\"ISRESIDENT_LV\":0,\"INTBANK_LV\":0,\"PAYMENTREFERENCE_EE\":0,\"PACKAGEDEPOSITEXCEMPT_PL\":0,\"FEDNONFEDINDICATOR\":0,\"IRS1099CINDICATOR\":0,\"AGENCYLOCATIONCODE\":0,\"FEDERALCOMMENTS\":0,\"USEPURCHREQUEST\":0,\"MCRMERGEDPARENT\":0,\"MCRMERGEDROOT\":0,\"AFFILIATED_RU\":0,\"CASHDISCBASEDAYS\":0,\"CUSTTRADINGPARTNERCODE\":0,\"CUSTWHTCONTRIBUTIONTYPE_BR\":0,\"DAXINTEGRATIONID\":0,\"DEFAULTDIRECTDEBITMANDATE\":0,\"DEFAULTINVENTSTATUSID\":0,\"ENTRYCERTIFICATEREQUIRED_W\":0,\"EXPORTSALES_PL\":0,\"EXPRESSBILLOFLADING\":0,\"FISCALDOCTYPE_PL\":0,\"FOREIGNRESIDENT_RU\":0,\"GENERATEINCOMINGFISCALDOCUMENT_BR\":0,\"INVOICEPOSTINGTYPE_RU\":0,\"ISSUEOWNENTRYCERTIFICATE_W\":0,\"ISSUERCOUNTRY_HU\":0,\"LVPAYMTRANSCODES\":0,\"MANDATORYVATDATE_PL\":0,\"PASSPORTNO_HU\":0,\"PDSCUSTREBATEGROUPID\":0,\"PDSFREIGHTACCRUED\":0,\"PDSREBATETMAGROUP\":0,\"TAXPERIODPAYMENTCODE_PL\":0,\"USECASHDISC\":0,\"MODIFIEDDATETIME\":0,\"DEL_MODIFIEDTIME\":0,\"MODIFIEDBY\":0,\"CREATEDDATETIME\":0,\"DEL_CREATEDTIME\":0,\"DATAAREAID\":0,\"RECVERSION\":0,\"PARTITION\":0,\"RECID\":0,\"EINVOICEREGISTER_IT\":0,\"FOREIGNERID_BR\":0,\"AUTHORITYOFFICE_IT\":0,\"PRESENCETYPE_BR\":0,\"TAXGSTRELIEFGROUPHEADING_MY\":0,\"FOREIGNTAXREGISTRATION_MX\":0,\"SATPURPOSE_MX\":0,\"SATPAYMMETHOD_MX\":0}}","tags":{"VORDER":"true"}}}
