<botcomponent_environmentvariabledefinitionset>
  <botcomponent_environmentvariabledefinition botcomponentid.schemaname="new_skill_e0655bd3fdd1457bb684b24249f20213" environmentvariabledefinitionid.schemaname="new_skill_e0655bd3fdd1457bb684b24249f20213_aggregatedtmf-6faba6a9-_appendpoint">
    <iscustomizable>1</iscustomizable>
  </botcomponent_environmentvariabledefinition>
  <botcomponent_environmentvariabledefinition botcomponentid.schemaname="new_skill_e0655bd3fdd1457bb684b24249f20213" environmentvariabledefinitionid.schemaname="new_skill_e0655bd3fdd1457bb684b24249f20213_aggregatedtmf-6faba6a9-_appid">
    <iscustomizable>1</iscustomizable>
  </botcomponent_environmentvariabledefinition>
</botcomponent_environmentvariabledefinitionset>