<msdyn_channelprovider msdyn_uniquename="extn_cif2simulator">
  <iscustomizable>1</iscustomizable>
  <msdyn_apiversion>162450000</msdyn_apiversion>
  <msdyn_channelurl>https://optimize25dccpdev.crm.dynamics.com//WebResources/extn_/sample/vnb_cif_support_html</msdyn_channelurl>
  <msdyn_enableanalytics>1</msdyn_enableanalytics>
  <msdyn_enableoutbound>1</msdyn_enableoutbound>
  <msdyn_label default="CIF2 Simulator">
    <label description="CIF2 Simulator" languagecode="1033" />
  </msdyn_label>
  <msdyn_name>CIF2_Simulator</msdyn_name>
  <msdyn_sortorder>2</msdyn_sortorder>
  <statecode>0</statecode>
  <statuscode>1</statuscode>
</msdyn_channelprovider>