<?xml version="1.0"?>
<PvsPackageData>
  <ProviderName>Microsoft</ProviderName>
  <PackageFile>package.zip</PackageFile>
  <SolutionAnchorName>P2CFieldService_managed.zip</SolutionAnchorName>
  <StartDate>02/04/2019</StartDate>
  <EndDate>01/01/2050</EndDate>
  <MinimumProductVersion>9.0</MinimumProductVersion>
  <SupportedCountries>AE,AL,AM,AO,AR,AT,AU,AZ,BA,BB,BD,BE,BG,BH,BM,BN,BO,BR,BY,CA,CH,CI,CL,CM,CO,CR,CV,CW,CY,CZ,DE,DK,DO,DZ,EC,EE,EG,ES,FI,FR,GB,GE,GH,GR,GT,HK,HN,HR,HU,ID,IE,IL,IN,IQ,IS,IT,JM,JO,JP,KE,KG,KN,KR,KW,KY,KZ,LB,LK,LT,LU,LV,LY,MA,MC,MD,ME,MK,MN,MO,MT,MU,MX,MY,NG,NI,NL,NO,NZ,OM,PA,PE,PH,PK,PL,PR,PS,PT,PY,QA,RO,RS,RU,RW,SA,SE,SG,SI,SK,SN,SV,TH,TM,TN,TR,TT,TW,UA,US,UY,UZ,VE,VI,VN,ZA,ZW</SupportedCountries>
  <LearnMoreLink>http://go.microsoft.com/fwlink/?LinkID=773454</LearnMoreLink>
  <Locales>
	  <PackageLocale Code="1033" IsDefault="true">
		  <Logo>logo.png</Logo>
		  <Terms>
			  <PackageTerm File="en-US\Supplemental_Software_License_Terms_Microsoft_Dynamics_365.htm" />
		  </Terms>
	  </PackageLocale>
  </Locales>
</PvsPackageData>