{"metaData":{"id":"1242f429-a2d0-4a9e-a4b9-44ac28c7e38c","format":{"provider":"parquet","options":{}},"schemaString":"{\"type\":\"struct\",\"fields\":[{\"name\":\"SALESID\",\"type\":\"string\",\"nullable\":true,\"metadata\":{}},{\"name\":\"LINENUM\",\"type\":\"decimal(34,6)\",\"nullable\":true,\"metadata\":{}},{\"name\":\"ITEMID\",\"type\":\"string\",\"nullable\":true,\"metadata\":{}},{\"name\":\"SALESSTATUS\",\"type\":\"integer\",\"nullable\":true,\"metadata\":{}},{\"name\":\"NAME\",\"type\":\"string\",\"nullable\":true,\"metadata\":{}},{\"name\":\"EXTERNALITEMID\",\"type\":\"string\",\"nullable\":true,\"metadata\":{}},{\"name\":\"TAXGROUP\",\"type\":\"string\",\"nullable\":true,\"metadata\":{}},{\"name\":\"QTYORDERED\",\"type\":\"decimal(34,6)\",\"nullable\":true,\"metadata\":{}},{\"name\":\"SALESDELIVERNOW\",\"type\":\"decimal(34,6)\",\"nullable\":true,\"metadata\":{}},{\"name\":\"REMAINSALESPHYSICAL\",\"type\":\"decimal(34,6)\",\"nullable\":true,\"metadata\":{}},{\"name\":\"REMAINSALESFINANCIAL\",\"type\":\"decimal(34,6)\",\"nullable\":true,\"metadata\":{}},{\"name\":\"COSTPRICE\",\"type\":\"decimal(34,6)\",\"nullable\":true,\"metadata\":{}},{\"name\":\"SALESPRICE\",\"type\":\"decimal(34,6)\",\"nullable\":true,\"metadata\":{}},{\"name\":\"CURRENCYCODE\",\"type\":\"string\",\"nullable\":true,\"metadata\":{}},{\"name\":\"LINEPERCENT\",\"type\":\"decimal(34,6)\",\"nullable\":true,\"metadata\":{}},{\"name\":\"LINEDISC\",\"type\":\"decimal(34,6)\",\"nullable\":true,\"metadata\":{}},{\"name\":\"LINEAMOUNT\",\"type\":\"decimal(34,6)\",\"nullable\":true,\"metadata\":{}},{\"name\":\"CONFIRMEDDLV\",\"type\":\"timestamp\",\"nullable\":true,\"metadata\":{}},{\"name\":\"RESERVATION\",\"type\":\"integer\",\"nullable\":true,\"metadata\":{}},{\"name\":\"SALESGROUP\",\"type\":\"string\",\"nullable\":true,\"metadata\":{}},{\"name\":\"SALESUNIT\",\"type\":\"string\",\"nullable\":true,\"metadata\":{}},{\"name\":\"PRICEUNIT\",\"type\":\"decimal(34,6)\",\"nullable\":true,\"metadata\":{}},{\"name\":\"PROJTRANSID\",\"type\":\"string\",\"nullable\":true,\"metadata\":{}},{\"name\":\"INVENTTRANSID\",\"type\":\"string\",\"nullable\":true,\"metadata\":{}},{\"name\":\"CUSTGROUP\",\"type\":\"string\",\"nullable\":true,\"metadata\":{}},{\"name\":\"CUSTACCOUNT\",\"type\":\"string\",\"nullable\":true,\"metadata\":{}},{\"name\":\"SALESQTY\",\"type\":\"decimal(34,6)\",\"nullable\":true,\"metadata\":{}},{\"name\":\"SALESMARKUP\",\"type\":\"decimal(34,6)\",\"nullable\":true,\"metadata\":{}},{\"name\":\"INVENTDELIVERNOW\",\"type\":\"decimal(34,6)\",\"nullable\":true,\"metadata\":{}},{\"name\":\"MULTILNDISC\",\"type\":\"decimal(34,6)\",\"nullable\":true,\"metadata\":{}},{\"name\":\"MULTILNPERCENT\",\"type\":\"decimal(34,6)\",\"nullable\":true,\"metadata\":{}},{\"name\":\"SALESTYPE\",\"type\":\"integer\",\"nullable\":true,\"metadata\":{}},{\"name\":\"BLOCKED\",\"type\":\"integer\",\"nullable\":true,\"metadata\":{}},{\"name\":\"COMPLETE\",\"type\":\"integer\",\"nullable\":true,\"metadata\":{}},{\"name\":\"REMAININVENTPHYSICAL\",\"type\":\"decimal(34,6)\",\"nullable\":true,\"metadata\":{}},{\"name\":\"TRANSACTIONCODE\",\"type\":\"string\",\"nullable\":true,\"metadata\":{}},{\"name\":\"COUNTYORIGDEST\",\"type\":\"string\",\"nullable\":true,\"metadata\":{}},{\"name\":\"TAXITEMGROUP\",\"type\":\"string\",\"nullable\":true,\"metadata\":{}},{\"name\":\"TAXAUTOGENERATED\",\"type\":\"integer\",\"nullable\":true,\"metadata\":{}},{\"name\":\"UNDERDELIVERYPCT\",\"type\":\"decimal(34,6)\",\"nullable\":true,\"metadata\":{}},{\"name\":\"OVERDELIVERYPCT\",\"type\":\"decimal(34,6)\",\"nullable\":true,\"metadata\":{}},{\"name\":\"BARCODE\",\"type\":\"string\",\"nullable\":true,\"metadata\":{}},{\"name\":\"BARCODETYPE\",\"type\":\"string\",\"nullable\":true,\"metadata\":{}},{\"name\":\"INVENTREFTRANSID\",\"type\":\"string\",\"nullable\":true,\"metadata\":{}},{\"name\":\"INVENTREFTYPE\",\"type\":\"integer\",\"nullable\":true,\"metadata\":{}},{\"name\":\"INVENTREFID\",\"type\":\"string\",\"nullable\":true,\"metadata\":{}},{\"name\":\"INTERCOMPANYORIGIN\",\"type\":\"integer\",\"nullable\":true,\"metadata\":{}},{\"name\":\"ITEMBOMID\",\"type\":\"string\",\"nullable\":true,\"metadata\":{}},{\"name\":\"ITEMROUTEID\",\"type\":\"string\",\"nullable\":true,\"metadata\":{}},{\"name\":\"LINEHEADER\",\"type\":\"string\",\"nullable\":true,\"metadata\":{}},{\"name\":\"SCRAP\",\"type\":\"integer\",\"nullable\":true,\"metadata\":{}},{\"name\":\"DLVMODE\",\"type\":\"string\",\"nullable\":true,\"metadata\":{}},{\"name\":\"INVENTTRANSIDRETURN\",\"type\":\"string\",\"nullable\":true,\"metadata\":{}},{\"name\":\"PROJCATEGORYID\",\"type\":\"string\",\"nullable\":true,\"metadata\":{}},{\"name\":\"PROJID\",\"type\":\"string\",\"nullable\":true,\"metadata\":{}},{\"name\":\"INVENTDIMID\",\"type\":\"string\",\"nullable\":true,\"metadata\":{}},{\"name\":\"TRANSPORT\",\"type\":\"string\",\"nullable\":true,\"metadata\":{}},{\"name\":\"STATPROCID\",\"type\":\"string\",\"nullable\":true,\"metadata\":{}},{\"name\":\"PORT\",\"type\":\"string\",\"nullable\":true,\"metadata\":{}},{\"name\":\"PROJLINEPROPERTYID\",\"type\":\"string\",\"nullable\":true,\"metadata\":{}},{\"name\":\"RECEIPTDATEREQUESTED\",\"type\":\"timestamp\",\"nullable\":true,\"metadata\":{}},{\"name\":\"CUSTOMERLINENUM\",\"type\":\"integer\",\"nullable\":true,\"metadata\":{}},{\"name\":\"PACKINGUNITQTY\",\"type\":\"decimal(34,6)\",\"nullable\":true,\"metadata\":{}},{\"name\":\"PACKINGUNIT\",\"type\":\"string\",\"nullable\":true,\"metadata\":{}},{\"name\":\"INTERCOMPANYINVENTTRANSID\",\"type\":\"string\",\"nullable\":true,\"metadata\":{}},{\"name\":\"REMAININVENTFINANCIAL\",\"type\":\"decimal(34,6)\",\"nullable\":true,\"metadata\":{}},{\"name\":\"DELIVERYNAME\",\"type\":\"string\",\"nullable\":true,\"metadata\":{}},{\"name\":\"DELIVERYTYPE\",\"type\":\"integer\",\"nullable\":true,\"metadata\":{}},{\"name\":\"CUSTOMERREF\",\"type\":\"string\",\"nullable\":true,\"metadata\":{}},{\"name\":\"PURCHORDERFORMNUM\",\"type\":\"string\",\"nullable\":true,\"metadata\":{}},{\"name\":\"RECEIPTDATECONFIRMED\",\"type\":\"timestamp\",\"nullable\":true,\"metadata\":{}},{\"name\":\"STATTRIANGULARDEAL\",\"type\":\"integer\",\"nullable\":true,\"metadata\":{}},{\"name\":\"SHIPPINGDATEREQUESTED\",\"type\":\"timestamp\",\"nullable\":true,\"metadata\":{}},{\"name\":\"SHIPPINGDATECONFIRMED\",\"type\":\"timestamp\",\"nullable\":true,\"metadata\":{}},{\"name\":\"ADDRESSREFRECID\",\"type\":\"long\",\"nullable\":true,\"metadata\":{}},{\"name\":\"ADDRESSREFTABLEID\",\"type\":\"integer\",\"nullable\":true,\"metadata\":{}},{\"name\":\"SERVICEORDERID\",\"type\":\"string\",\"nullable\":true,\"metadata\":{}},{\"name\":\"ITEMTAGGING\",\"type\":\"integer\",\"nullable\":true,\"metadata\":{}},{\"name\":\"CASETAGGING\",\"type\":\"integer\",\"nullable\":true,\"metadata\":{}},{\"name\":\"PALLETTAGGING\",\"type\":\"integer\",\"nullable\":true,\"metadata\":{}},{\"name\":\"LINEDELIVERYTYPE\",\"type\":\"integer\",\"nullable\":true,\"metadata\":{}},{\"name\":\"EINVOICEACCOUNTCODE\",\"type\":\"string\",\"nullable\":true,\"metadata\":{}},{\"name\":\"SHIPCARRIERID\",\"type\":\"string\",\"nullable\":true,\"metadata\":{}},{\"name\":\"SHIPCARRIERACCOUNT\",\"type\":\"string\",\"nullable\":true,\"metadata\":{}},{\"name\":\"SHIPCARRIERDLVTYPE\",\"type\":\"integer\",\"nullable\":true,\"metadata\":{}},{\"name\":\"SHIPCARRIERACCOUNTCODE\",\"type\":\"string\",\"nullable\":true,\"metadata\":{}},{\"name\":\"SALESCATEGORY\",\"type\":\"long\",\"nullable\":true,\"metadata\":{}},{\"name\":\"DELIVERYDATECONTROLTYPE\",\"type\":\"integer\",\"nullable\":true,\"metadata\":{}},{\"name\":\"ACTIVITYNUMBER\",\"type\":\"string\",\"nullable\":true,\"metadata\":{}},{\"name\":\"LEDGERDIMENSION\",\"type\":\"long\",\"nullable\":true,\"metadata\":{}},{\"name\":\"RETURNALLOWRESERVATION\",\"type\":\"integer\",\"nullable\":true,\"metadata\":{}},{\"name\":\"MATCHINGAGREEMENTLINE\",\"type\":\"long\",\"nullable\":true,\"metadata\":{}},{\"name\":\"SYSTEMENTRYSOURCE\",\"type\":\"integer\",\"nullable\":true,\"metadata\":{}},{\"name\":\"SYSTEMENTRYCHANGEPOLICY\",\"type\":\"long\",\"nullable\":true,\"metadata\":{}},{\"name\":\"MANUALENTRYCHANGEPOLICY\",\"type\":\"long\",\"nullable\":true,\"metadata\":{}},{\"name\":\"ITEMREPLACED\",\"type\":\"integer\",\"nullable\":true,\"metadata\":{}},{\"name\":\"RETURNDEADLINE\",\"type\":\"timestamp\",\"nullable\":true,\"metadata\":{}},{\"name\":\"EXPECTEDRETQTY\",\"type\":\"decimal(34,6)\",\"nullable\":true,\"metadata\":{}},{\"name\":\"RETURNSTATUS\",\"type\":\"integer\",\"nullable\":true,\"metadata\":{}},{\"name\":\"RETURNARRIVALDATE\",\"type\":\"timestamp\",\"nullable\":true,\"metadata\":{}},{\"name\":\"RETURNCLOSEDDATE\",\"type\":\"timestamp\",\"nullable\":true,\"metadata\":{}},{\"name\":\"RETURNDISPOSITIONCODEID\",\"type\":\"string\",\"nullable\":true,\"metadata\":{}},{\"name\":\"DELIVERYPOSTALADDRESS\",\"type\":\"long\",\"nullable\":true,\"metadata\":{}},{\"name\":\"SHIPCARRIERPOSTALADDRESS\",\"type\":\"long\",\"nullable\":true,\"metadata\":{}},{\"name\":\"SHIPCARRIERNAME\",\"type\":\"string\",\"nullable\":true,\"metadata\":{}},{\"name\":\"DEFAULTDIMENSION\",\"type\":\"long\",\"nullable\":true,\"metadata\":{}},{\"name\":\"SOURCEDOCUMENTLINE\",\"type\":\"long\",\"nullable\":true,\"metadata\":{}},{\"name\":\"TAXWITHHOLDITEMGROUPHEADING_TH\",\"type\":\"long\",\"nullable\":true,\"metadata\":{}},{\"name\":\"STOCKEDPRODUCT\",\"type\":\"integer\",\"nullable\":true,\"metadata\":{}},{\"name\":\"CUSTOMSNAME_MX\",\"type\":\"string\",\"nullable\":true,\"metadata\":{}},{\"name\":\"CUSTOMSDOCNUMBER_MX\",\"type\":\"string\",\"nullable\":true,\"metadata\":{}},{\"name\":\"CUSTOMSDOCDATE_MX\",\"type\":\"timestamp\",\"nullable\":true,\"metadata\":{}},{\"name\":\"PROPERTYNUMBER_MX\",\"type\":\"string\",\"nullable\":true,\"metadata\":{}},{\"name\":\"ITEMPBAID\",\"type\":\"string\",\"nullable\":true,\"metadata\":{}},{\"name\":\"REFRETURNINVOICETRANS_W\",\"type\":\"long\",\"nullable\":true,\"metadata\":{}},{\"name\":\"POSTINGPROFILE_RU\",\"type\":\"string\",\"nullable\":true,\"metadata\":{}},{\"name\":\"TAXWITHHOLDGROUP\",\"type\":\"string\",\"nullable\":true,\"metadata\":{}},{\"name\":\"INTRASTATFULFILLMENTDATE_HU\",\"type\":\"timestamp\",\"nullable\":true,\"metadata\":{}},{\"name\":\"ASSETID_RU\",\"type\":\"string\",\"nullable\":true,\"metadata\":{}},{\"name\":\"STATISTICVALUE_LT\",\"type\":\"decimal(34,6)\",\"nullable\":true,\"metadata\":{}},{\"name\":\"CREDITNOTEINTERNALREF_PL\",\"type\":\"long\",\"nullable\":true,\"metadata\":{}},{\"name\":\"PSAPROJPROPOSALQTY\",\"type\":\"decimal(34,6)\",\"nullable\":true,\"metadata\":{}},{\"name\":\"PSAPROJPROPOSALINVENTQTY\",\"type\":\"decimal(34,6)\",\"nullable\":true,\"metadata\":{}},{\"name\":\"PDSEXCLUDEFROMREBATE\",\"type\":\"integer\",\"nullable\":true,\"metadata\":{}},{\"name\":\"RETAILVARIANTID\",\"type\":\"string\",\"nullable\":true,\"metadata\":{}},{\"name\":\"AGREEMENTSKIPAUTOLINK\",\"type\":\"integer\",\"nullable\":true,\"metadata\":{}},{\"name\":\"COUNTRYREGIONNAME_RU\",\"type\":\"string\",\"nullable\":true,\"metadata\":{}},{\"name\":\"CREDITNOTEREASONCODE\",\"type\":\"long\",\"nullable\":true,\"metadata\":{}},{\"name\":\"DELIVERYTAXGROUP_BR\",\"type\":\"string\",\"nullable\":true,\"metadata\":{}},{\"name\":\"DELIVERYTAXITEMGROUP_BR\",\"type\":\"string\",\"nullable\":true,\"metadata\":{}},{\"name\":\"DLVTERM\",\"type\":\"string\",\"nullable\":true,\"metadata\":{}},{\"name\":\"INVOICEGTDID_RU\",\"type\":\"string\",\"nullable\":true,\"metadata\":{}},{\"name\":\"MCRORDERLINE2PRICEHISTORYREF\",\"type\":\"long\",\"nullable\":true,\"metadata\":{}},{\"name\":\"PDSBATCHATTRIBAUTORES\",\"type\":\"integer\",\"nullable\":true,\"metadata\":{}},{\"name\":\"PDSCWEXPECTEDRETQTY\",\"type\":\"decimal(34,6)\",\"nullable\":true,\"metadata\":{}},{\"name\":\"PDSCWINVENTDELIVERNOW\",\"type\":\"decimal(34,6)\",\"nullable\":true,\"metadata\":{}},{\"name\":\"PDSCWQTY\",\"type\":\"decimal(34,6)\",\"nullable\":true,\"metadata\":{}},{\"name\":\"PDSCWREMAININVENTFINANCIAL\",\"type\":\"decimal(34,6)\",\"nullable\":true,\"metadata\":{}},{\"name\":\"PDSCWREMAININVENTPHYSICAL\",\"type\":\"decimal(34,6)\",\"nullable\":true,\"metadata\":{}},{\"name\":\"PDSITEMREBATEGROUPID\",\"type\":\"string\",\"nullable\":true,\"metadata\":{}},{\"name\":\"PDSSAMELOT\",\"type\":\"integer\",\"nullable\":true,\"metadata\":{}},{\"name\":\"PDSSAMELOTOVERRIDE\",\"type\":\"integer\",\"nullable\":true,\"metadata\":{}},{\"name\":\"PRICEAGREEMENTDATE_RU\",\"type\":\"timestamp\",\"nullable\":true,\"metadata\":{}},{\"name\":\"PSACONTRACTLINENUM\",\"type\":\"string\",\"nullable\":true,\"metadata\":{}},{\"name\":\"RETAILBLOCKQTY\",\"type\":\"decimal(34,6)\",\"nullable\":true,\"metadata\":{}},{\"name\":\"MODIFIEDDATETIME\",\"type\":\"timestamp\",\"nullable\":true,\"metadata\":{}},{\"name\":\"DEL_MODIFIEDTIME\",\"type\":\"integer\",\"nullable\":true,\"metadata\":{}},{\"name\":\"MODIFIEDBY\",\"type\":\"string\",\"nullable\":true,\"metadata\":{}},{\"name\":\"CREATEDDATETIME\",\"type\":\"timestamp\",\"nullable\":true,\"metadata\":{}},{\"name\":\"DEL_CREATEDTIME\",\"type\":\"integer\",\"nullable\":true,\"metadata\":{}},{\"name\":\"CREATEDBY\",\"type\":\"string\",\"nullable\":true,\"metadata\":{}},{\"name\":\"DATAAREAID\",\"type\":\"string\",\"nullable\":true,\"metadata\":{}},{\"name\":\"RECVERSION\",\"type\":\"integer\",\"nullable\":true,\"metadata\":{}},{\"name\":\"PARTITION\",\"type\":\"long\",\"nullable\":true,\"metadata\":{}},{\"name\":\"RECID\",\"type\":\"long\",\"nullable\":true,\"metadata\":{}},{\"name\":\"ORDERLINEREFERENCE_NO\",\"type\":\"string\",\"nullable\":true,\"metadata\":{}},{\"name\":\"SATUNITCODE_MX\",\"type\":\"string\",\"nullable\":true,\"metadata\":{}},{\"name\":\"SATPRODUCTCODE_MX\",\"type\":\"string\",\"nullable\":true,\"metadata\":{}}]}","partitionColumns":[],"createdTime":1710680865878,"configuration":{}}}
{"protocol":{"minReaderVersion":1,"minWriterVersion":2,"readerFeatures":null,"writerFeatures":null}}
{"commitInfo":{"operation":"ReplaceTable","engineInfo":"Mashup Engine/2.127.933.0","additionalCommitInfo":null}}
{"remove":{"path":"3ac81b73ec634d73b60edf670f1f1574.parquet","deletionTimestamp":1710680865863,"dataChange":true,"extendedFileMetadata":false,"partitionValues":{},"size":5639,"tags":{"VORDER":"true"}}}
{"remove":{"path":"985018ad7d374178a3c6821c39b1965d.parquet","deletionTimestamp":1710680865863,"dataChange":true,"extendedFileMetadata":false,"partitionValues":{},"size":5445116,"tags":{"VORDER":"true"}}}
{"add":{"path":"e6d773122db84bd0aa7f582ff91db606.parquet","partitionValues":{},"size":5639,"modificationTime":1710680867675,"dataChange":true,"stats":"{\"numRecords\":0,\"minValues\":{},\"maxValues\":{},\"nullCount\":{}}","tags":{"VORDER":"true"}}}
{"add":{"path":"2139f4c1bc944b36b563f439b49010c9.parquet","partitionValues":{},"size":5360580,"modificationTime":1710680910848,"dataChange":true,"stats":"{\"numRecords\":185629,\"minValues\":{\"SALESID\":\"000001\",\"LINENUM\":0.0,\"ITEMID\":\"0001\",\"SALESSTATUS\":1.0,\"NAME\":\"\\n\",\"EXTERNALITEMID\":\"\",\"TAXGROUP\":\"\",\"QTYORDERED\":-25259.0,\"SALESDELIVERNOW\":0.0,\"REMAINSALESPHYSICAL\":0.0,\"REMAINSALESFINANCIAL\":0.0,\"COSTPRICE\":0.0,\"SALESPRICE\":0.0,\"CURRENCYCODE\":\"BRL\",\"LINEPERCENT\":0.0,\"LINEDISC\":0.0,\"LINEAMOUNT\":-35081736.83,\"CONFIRMEDDLV\":\"2011-01-01 00:00:00.000000\",\"RESERVATION\":0.0,\"SALESGROUP\":\"\",\"SALESUNIT\":\"\",\"PRICEUNIT\":1.0,\"PROJTRANSID\":\"\",\"INVENTTRANSID\":\"000001\",\"CUSTGROUP\":\"010\",\"CUSTACCOUNT\":\"100001\",\"SALESQTY\":-25259.0,\"SALESMARKUP\":0.0,\"INVENTDELIVERNOW\":0.0,\"MULTILNDISC\":0.0,\"MULTILNPERCENT\":0.0,\"SALESTYPE\":3.0,\"BLOCKED\":0.0,\"COMPLETE\":0.0,\"REMAININVENTPHYSICAL\":0.0,\"TRANSACTIONCODE\":\"\",\"COUNTYORIGDEST\":\"\",\"TAXITEMGROUP\":\"\",\"TAXAUTOGENERATED\":1.0,\"UNDERDELIVERYPCT\":0.0,\"OVERDELIVERYPCT\":0.0,\"BARCODE\":\"\",\"BARCODETYPE\":\"\",\"INVENTREFTRANSID\":\"\",\"INVENTREFTYPE\":0.0,\"INVENTREFID\":\"\",\"INTERCOMPANYORIGIN\":0.0,\"ITEMBOMID\":\"\",\"ITEMROUTEID\":\"\",\"LINEHEADER\":\"\",\"SCRAP\":0.0,\"DLVMODE\":\"\",\"INVENTTRANSIDRETURN\":\"\",\"PROJCATEGORYID\":\"\",\"PROJID\":\"\",\"INVENTDIMID\":\"000005\",\"TRANSPORT\":\"\",\"STATPROCID\":\"\",\"PORT\":\"\",\"PROJLINEPROPERTYID\":\"\",\"RECEIPTDATEREQUESTED\":\"2011-01-01 00:00:00.000000\",\"CUSTOMERLINENUM\":0.0,\"PACKINGUNITQTY\":0.0,\"PACKINGUNIT\":\"\",\"INTERCOMPANYINVENTTRANSID\":\"\",\"REMAININVENTFINANCIAL\":0.0,\"DELIVERYNAME\":\"A. Dantum Brasil Ltda\",\"DELIVERYTYPE\":0.0,\"CUSTOMERREF\":\"\",\"PURCHORDERFORMNUM\":\"\",\"RECEIPTDATECONFIRMED\":\"1900-01-01 00:00:00.000000\",\"STATTRIANGULARDEAL\":0.0,\"SHIPPINGDATEREQUESTED\":\"2011-01-01 00:00:00.000000\",\"SHIPPINGDATECONFIRMED\":\"1900-01-01 00:00:00.000000\",\"ADDRESSREFRECID\":0.0,\"ADDRESSREFTABLEID\":0.0,\"SERVICEORDERID\":\"\",\"ITEMTAGGING\":0.0,\"CASETAGGING\":0.0,\"PALLETTAGGING\":0.0,\"LINEDELIVERYTYPE\":0.0,\"EINVOICEACCOUNTCODE\":\"\",\"SHIPCARRIERID\":\"\",\"SHIPCARRIERACCOUNT\":\"\",\"SHIPCARRIERDLVTYPE\":0.0,\"SHIPCARRIERACCOUNTCODE\":\"\",\"SALESCATEGORY\":0.0,\"DELIVERYDATECONTROLTYPE\":0.0,\"ACTIVITYNUMBER\":\"\",\"LEDGERDIMENSION\":0.0,\"RETURNALLOWRESERVATION\":0.0,\"MATCHINGAGREEMENTLINE\":0.0,\"SYSTEMENTRYSOURCE\":0.0,\"SYSTEMENTRYCHANGEPOLICY\":0.0,\"MANUALENTRYCHANGEPOLICY\":0.0,\"ITEMREPLACED\":0.0,\"RETURNDEADLINE\":\"1900-01-01 00:00:00.000000\",\"EXPECTEDRETQTY\":-200.0,\"RETURNSTATUS\":0.0,\"RETURNARRIVALDATE\":\"1900-01-01 00:00:00.000000\",\"RETURNCLOSEDDATE\":\"1900-01-01 00:00:00.000000\",\"RETURNDISPOSITIONCODEID\":\"\",\"DELIVERYPOSTALADDRESS\":0.0,\"SHIPCARRIERPOSTALADDRESS\":0.0,\"SHIPCARRIERNAME\":\"\",\"DEFAULTDIMENSION\":0.0,\"SOURCEDOCUMENTLINE\":22565438127.0,\"TAXWITHHOLDITEMGROUPHEADING_TH\":0.0,\"STOCKEDPRODUCT\":0.0,\"CUSTOMSNAME_MX\":\"\",\"CUSTOMSDOCNUMBER_MX\":\"\",\"CUSTOMSDOCDATE_MX\":\"1900-01-01 00:00:00.000000\",\"PROPERTYNUMBER_MX\":\"\",\"ITEMPBAID\":\"\",\"REFRETURNINVOICETRANS_W\":0.0,\"POSTINGPROFILE_RU\":\"\",\"TAXWITHHOLDGROUP\":\"\",\"INTRASTATFULFILLMENTDATE_HU\":\"1900-01-01 00:00:00.000000\",\"ASSETID_RU\":\"\",\"STATISTICVALUE_LT\":0.0,\"CREDITNOTEINTERNALREF_PL\":0.0,\"PSAPROJPROPOSALQTY\":0.0,\"PSAPROJPROPOSALINVENTQTY\":0.0,\"PDSEXCLUDEFROMREBATE\":0.0,\"RETAILVARIANTID\":\"\",\"AGREEMENTSKIPAUTOLINK\":0.0,\"COUNTRYREGIONNAME_RU\":\"\",\"CREDITNOTEREASONCODE\":0.0,\"DELIVERYTAXGROUP_BR\":\"\",\"DELIVERYTAXITEMGROUP_BR\":\"\",\"DLVTERM\":\"\",\"INVOICEGTDID_RU\":\"\",\"MCRORDERLINE2PRICEHISTORYREF\":0.0,\"PDSBATCHATTRIBAUTORES\":0.0,\"PDSCWEXPECTEDRETQTY\":0.0,\"PDSCWINVENTDELIVERNOW\":0.0,\"PDSCWQTY\":0.0,\"PDSCWREMAININVENTFINANCIAL\":0.0,\"PDSCWREMAININVENTPHYSICAL\":0.0,\"PDSITEMREBATEGROUPID\":\"\",\"PDSSAMELOT\":0.0,\"PDSSAMELOTOVERRIDE\":0.0,\"PRICEAGREEMENTDATE_RU\":\"1900-01-01 00:00:00.000000\",\"PSACONTRACTLINENUM\":\"\",\"RETAILBLOCKQTY\":0.0,\"MODIFIEDDATETIME\":\"1900-01-01 00:00:00.000000\",\"DEL_MODIFIEDTIME\":0.0,\"MODIFIEDBY\":\" \",\"CREATEDDATETIME\":\"1900-01-01 00:00:00.000000\",\"DEL_CREATEDTIME\":0.0,\"CREATEDBY\":\" \",\"DATAAREAID\":\"brmf\",\"RECVERSION\":0.0,\"PARTITION\":5637144576.0,\"RECID\":5637144576.0,\"ORDERLINEREFERENCE_NO\":\"\",\"SATUNITCODE_MX\":\"\",\"SATPRODUCTCODE_MX\":\"\"},\"maxValues\":{\"SALESID\":\"RUMF-000120\",\"LINENUM\":10.0,\"ITEMID\":\"T0007\",\"SALESSTATUS\":4.0,\"NAME\":\"高档扬声器\",\"EXTERNALITEMID\":\"\",\"TAXGROUP\":\"НДС\",\"QTYORDERED\":202175.0,\"SALESDELIVERNOW\":36.0,\"REMAINSALESPHYSICAL\":202175.0,\"REMAINSALESFINANCIAL\":16960.0,\"COSTPRICE\":92700.0,\"SALESPRICE\":26500000.0,\"CURRENCYCODE\":\"USD\",\"LINEPERCENT\":0.0,\"LINEDISC\":76.0,\"LINEAMOUNT\":35081736.83,\"CONFIRMEDDLV\":\"2014-03-28 00:00:00.000000\",\"RESERVATION\":1.0,\"SALESGROUP\":\"01\",\"SALESUNIT\":\"шт\",\"PRICEUNIT\":1.0,\"PROJTRANSID\":\"\",\"INVENTTRANSID\":\"RUMF-000270\",\"CUSTGROUP\":\"Орг\",\"CUSTACCOUNT\":\"US-032\",\"SALESQTY\":202175.0,\"SALESMARKUP\":0.0,\"INVENTDELIVERNOW\":36.0,\"MULTILNDISC\":0.0,\"MULTILNPERCENT\":0.0,\"SALESTYPE\":4.0,\"BLOCKED\":0.0,\"COMPLETE\":0.0,\"REMAININVENTPHYSICAL\":202175.0,\"TRANSACTIONCODE\":\"\",\"COUNTYORIGDEST\":\"\",\"TAXITEMGROUP\":\"НДС18\",\"TAXAUTOGENERATED\":1.0,\"UNDERDELIVERYPCT\":100.0,\"OVERDELIVERYPCT\":100.0,\"BARCODE\":\"\",\"BARCODETYPE\":\"\",\"INVENTREFTRANSID\":\"011935\",\"INVENTREFTYPE\":3.0,\"INVENTREFID\":\"P000164\",\"INTERCOMPANYORIGIN\":0.0,\"ITEMBOMID\":\"000026\",\"ITEMROUTEID\":\"000029\",\"LINEHEADER\":\"\",\"SCRAP\":1.0,\"DLVMODE\":\"Самовывоз\",\"INVENTTRANSIDRETURN\":\"MXMF-000033\",\"PROJCATEGORYID\":\"ProjItem\",\"PROJID\":\"\",\"INVENTDIMID\":\"RUMF-000025\",\"TRANSPORT\":\"\",\"STATPROCID\":\"\",\"PORT\":\"\",\"PROJLINEPROPERTYID\":\"\",\"RECEIPTDATEREQUESTED\":\"2014-03-28 00:00:00.000000\",\"CUSTOMERLINENUM\":0.0,\"PACKINGUNITQTY\":0.0,\"PACKINGUNIT\":\"\",\"INTERCOMPANYINVENTTRANSID\":\"\",\"REMAININVENTFINANCIAL\":16960.0,\"DELIVERYNAME\":\"风格设计有限公司\",\"DELIVERYTYPE\":0.0,\"CUSTOMERREF\":\"Cave 00012\",\"PURCHORDERFORMNUM\":\"CA00012\",\"RECEIPTDATECONFIRMED\":\"2014-02-25 00:00:00.000000\",\"STATTRIANGULARDEAL\":0.0,\"SHIPPINGDATEREQUESTED\":\"2014-03-28 00:00:00.000000\",\"SHIPPINGDATECONFIRMED\":\"2014-02-25 00:00:00.000000\",\"ADDRESSREFRECID\":22565430645.0,\"ADDRESSREFTABLEID\":2954.0,\"SERVICEORDERID\":\"\",\"ITEMTAGGING\":0.0,\"CASETAGGING\":0.0,\"PALLETTAGGING\":0.0,\"LINEDELIVERYTYPE\":0.0,\"EINVOICEACCOUNTCODE\":\"\",\"SHIPCARRIERID\":\"\",\"SHIPCARRIERACCOUNT\":\"\",\"SHIPCARRIERDLVTYPE\":3.0,\"SHIPCARRIERACCOUNTCODE\":\"\",\"SALESCATEGORY\":22565421433.0,\"DELIVERYDATECONTROLTYPE\":4.0,\"ACTIVITYNUMBER\":\"\",\"LEDGERDIMENSION\":52565558289.0,\"RETURNALLOWRESERVATION\":0.0,\"MATCHINGAGREEMENTLINE\":5637144585.0,\"SYSTEMENTRYSOURCE\":12.0,\"SYSTEMENTRYCHANGEPOLICY\":5637146834.0,\"MANUALENTRYCHANGEPOLICY\":5637146076.0,\"ITEMREPLACED\":0.0,\"RETURNDEADLINE\":\"2013-12-20 00:00:00.000000\",\"EXPECTEDRETQTY\":0.0,\"RETURNSTATUS\":5.0,\"RETURNARRIVALDATE\":\"2013-12-20 00:00:00.000000\",\"RETURNCLOSEDDATE\":\"2013-12-20 00:00:00.000000\",\"RETURNDISPOSITIONCODEID\":\"31\",\"DELIVERYPOSTALADDRESS\":52565468134.0,\"SHIPCARRIERPOSTALADDRESS\":0.0,\"SHIPCARRIERNAME\":\"\",\"DEFAULTDIMENSION\":52565467507.0,\"SOURCEDOCUMENTLINE\":52566807060.0,\"TAXWITHHOLDITEMGROUPHEADING_TH\":5637144577.0,\"STOCKEDPRODUCT\":1.0,\"CUSTOMSNAME_MX\":\"\",\"CUSTOMSDOCNUMBER_MX\":\"\",\"CUSTOMSDOCDATE_MX\":\"1900-01-01 00:00:00.000000\",\"PROPERTYNUMBER_MX\":\"\",\"ITEMPBAID\":\"\",\"REFRETURNINVOICETRANS_W\":35637360224.0,\"POSTINGPROFILE_RU\":\"\",\"TAXWITHHOLDGROUP\":\"RETCP\",\"INTRASTATFULFILLMENTDATE_HU\":\"1900-01-01 00:00:00.000000\",\"ASSETID_RU\":\"\",\"STATISTICVALUE_LT\":0.0,\"CREDITNOTEINTERNALREF_PL\":0.0,\"PSAPROJPROPOSALQTY\":0.0,\"PSAPROJPROPOSALINVENTQTY\":0.0,\"PDSEXCLUDEFROMREBATE\":0.0,\"RETAILVARIANTID\":\"VN-002027\",\"AGREEMENTSKIPAUTOLINK\":0.0,\"COUNTRYREGIONNAME_RU\":\"\",\"CREDITNOTEREASONCODE\":0.0,\"DELIVERYTAXGROUP_BR\":\"\",\"DELIVERYTAXITEMGROUP_BR\":\"\",\"DLVTERM\":\"FOB\",\"INVOICEGTDID_RU\":\"\",\"MCRORDERLINE2PRICEHISTORYREF\":5637146097.0,\"PDSBATCHATTRIBAUTORES\":0.0,\"PDSCWEXPECTEDRETQTY\":0.0,\"PDSCWINVENTDELIVERNOW\":0.0,\"PDSCWQTY\":1.0,\"PDSCWREMAININVENTFINANCIAL\":1.0,\"PDSCWREMAININVENTPHYSICAL\":1.0,\"PDSITEMREBATEGROUPID\":\"\",\"PDSSAMELOT\":1.0,\"PDSSAMELOTOVERRIDE\":0.0,\"PRICEAGREEMENTDATE_RU\":\"1900-01-01 00:00:00.000000\",\"PSACONTRACTLINENUM\":\"\",\"RETAILBLOCKQTY\":0.0,\"MODIFIEDDATETIME\":\"2014-03-28 15:58:43.000000\",\"DEL_MODIFIEDTIME\":82714.0,\"MODIFIEDBY\":\"ViaraK\",\"CREATEDDATETIME\":\"2014-03-28 15:56:23.000000\",\"DEL_CREATEDTIME\":82714.0,\"CREATEDBY\":\"ViaraK\",\"DATAAREAID\":\"usrt\",\"RECVERSION\":0.0,\"PARTITION\":5637144576.0,\"RECID\":35637360694.0,\"ORDERLINEREFERENCE_NO\":\"\",\"SATUNITCODE_MX\":\"\",\"SATPRODUCTCODE_MX\":\"\"},\"nullCount\":{\"SALESID\":0,\"LINENUM\":0,\"ITEMID\":0,\"SALESSTATUS\":0,\"NAME\":0,\"EXTERNALITEMID\":0,\"TAXGROUP\":0,\"QTYORDERED\":0,\"SALESDELIVERNOW\":0,\"REMAINSALESPHYSICAL\":0,\"REMAINSALESFINANCIAL\":0,\"COSTPRICE\":0,\"SALESPRICE\":0,\"CURRENCYCODE\":0,\"LINEPERCENT\":0,\"LINEDISC\":0,\"LINEAMOUNT\":0,\"CONFIRMEDDLV\":0,\"RESERVATION\":0,\"SALESGROUP\":0,\"SALESUNIT\":0,\"PRICEUNIT\":0,\"PROJTRANSID\":0,\"INVENTTRANSID\":0,\"CUSTGROUP\":0,\"CUSTACCOUNT\":0,\"SALESQTY\":0,\"SALESMARKUP\":0,\"INVENTDELIVERNOW\":0,\"MULTILNDISC\":0,\"MULTILNPERCENT\":0,\"SALESTYPE\":0,\"BLOCKED\":0,\"COMPLETE\":0,\"REMAININVENTPHYSICAL\":0,\"TRANSACTIONCODE\":0,\"COUNTYORIGDEST\":0,\"TAXITEMGROUP\":0,\"TAXAUTOGENERATED\":0,\"UNDERDELIVERYPCT\":0,\"OVERDELIVERYPCT\":0,\"BARCODE\":0,\"BARCODETYPE\":0,\"INVENTREFTRANSID\":0,\"INVENTREFTYPE\":0,\"INVENTREFID\":0,\"INTERCOMPANYORIGIN\":0,\"ITEMBOMID\":0,\"ITEMROUTEID\":0,\"LINEHEADER\":0,\"SCRAP\":0,\"DLVMODE\":0,\"INVENTTRANSIDRETURN\":0,\"PROJCATEGORYID\":0,\"PROJID\":0,\"INVENTDIMID\":0,\"TRANSPORT\":0,\"STATPROCID\":0,\"PORT\":0,\"PROJLINEPROPERTYID\":0,\"RECEIPTDATEREQUESTED\":0,\"CUSTOMERLINENUM\":0,\"PACKINGUNITQTY\":0,\"PACKINGUNIT\":0,\"INTERCOMPANYINVENTTRANSID\":0,\"REMAININVENTFINANCIAL\":0,\"DELIVERYNAME\":0,\"DELIVERYTYPE\":0,\"CUSTOMERREF\":0,\"PURCHORDERFORMNUM\":0,\"RECEIPTDATECONFIRMED\":0,\"STATTRIANGULARDEAL\":0,\"SHIPPINGDATEREQUESTED\":0,\"SHIPPINGDATECONFIRMED\":0,\"ADDRESSREFRECID\":0,\"ADDRESSREFTABLEID\":0,\"SERVICEORDERID\":0,\"ITEMTAGGING\":0,\"CASETAGGING\":0,\"PALLETTAGGING\":0,\"LINEDELIVERYTYPE\":0,\"EINVOICEACCOUNTCODE\":0,\"SHIPCARRIERID\":0,\"SHIPCARRIERACCOUNT\":0,\"SHIPCARRIERDLVTYPE\":0,\"SHIPCARRIERACCOUNTCODE\":0,\"SALESCATEGORY\":0,\"DELIVERYDATECONTROLTYPE\":0,\"ACTIVITYNUMBER\":0,\"LEDGERDIMENSION\":0,\"RETURNALLOWRESERVATION\":0,\"MATCHINGAGREEMENTLINE\":0,\"SYSTEMENTRYSOURCE\":0,\"SYSTEMENTRYCHANGEPOLICY\":0,\"MANUALENTRYCHANGEPOLICY\":0,\"ITEMREPLACED\":0,\"RETURNDEADLINE\":0,\"EXPECTEDRETQTY\":0,\"RETURNSTATUS\":0,\"RETURNARRIVALDATE\":0,\"RETURNCLOSEDDATE\":0,\"RETURNDISPOSITIONCODEID\":0,\"DELIVERYPOSTALADDRESS\":0,\"SHIPCARRIERPOSTALADDRESS\":0,\"SHIPCARRIERNAME\":0,\"DEFAULTDIMENSION\":0,\"SOURCEDOCUMENTLINE\":0,\"TAXWITHHOLDITEMGROUPHEADING_TH\":0,\"STOCKEDPRODUCT\":0,\"CUSTOMSNAME_MX\":0,\"CUSTOMSDOCNUMBER_MX\":0,\"CUSTOMSDOCDATE_MX\":0,\"PROPERTYNUMBER_MX\":0,\"ITEMPBAID\":0,\"REFRETURNINVOICETRANS_W\":0,\"POSTINGPROFILE_RU\":0,\"TAXWITHHOLDGROUP\":0,\"INTRASTATFULFILLMENTDATE_HU\":0,\"ASSETID_RU\":0,\"STATISTICVALUE_LT\":0,\"CREDITNOTEINTERNALREF_PL\":0,\"PSAPROJPROPOSALQTY\":0,\"PSAPROJPROPOSALINVENTQTY\":0,\"PDSEXCLUDEFROMREBATE\":0,\"RETAILVARIANTID\":0,\"AGREEMENTSKIPAUTOLINK\":0,\"COUNTRYREGIONNAME_RU\":0,\"CREDITNOTEREASONCODE\":0,\"DELIVERYTAXGROUP_BR\":0,\"DELIVERYTAXITEMGROUP_BR\":0,\"DLVTERM\":0,\"INVOICEGTDID_RU\":0,\"MCRORDERLINE2PRICEHISTORYREF\":0,\"PDSBATCHATTRIBAUTORES\":0,\"PDSCWEXPECTEDRETQTY\":0,\"PDSCWINVENTDELIVERNOW\":0,\"PDSCWQTY\":0,\"PDSCWREMAININVENTFINANCIAL\":0,\"PDSCWREMAININVENTPHYSICAL\":0,\"PDSITEMREBATEGROUPID\":0,\"PDSSAMELOT\":0,\"PDSSAMELOTOVERRIDE\":0,\"PRICEAGREEMENTDATE_RU\":0,\"PSACONTRACTLINENUM\":0,\"RETAILBLOCKQTY\":0,\"MODIFIEDDATETIME\":0,\"DEL_MODIFIEDTIME\":0,\"MODIFIEDBY\":0,\"CREATEDDATETIME\":0,\"DEL_CREATEDTIME\":0,\"CREATEDBY\":0,\"DATAAREAID\":0,\"RECVERSION\":0,\"PARTITION\":0,\"RECID\":0,\"ORDERLINEREFERENCE_NO\":0,\"SATUNITCODE_MX\":0,\"SATPRODUCTCODE_MX\":0}}","tags":{"VORDER":"true"}}}
