<msdyn_sessiontemplate msdyn_uniquename="extn_voice_identified_session">
  <iscustomizable>1</iscustomizable>
  <msdyn_anchortab>
    <msdyn_uniquename>extn_case_tab</msdyn_uniquename>
  </msdyn_anchortab>
  <msdyn_enablebuildexpression>0</msdyn_enablebuildexpression>
  <msdyn_name default="DCCP Sample Voice Identified Session">
    <label description="DCCP Sample Voice Identified Session" languagecode="1033" />
  </msdyn_name>
  <msdyn_panelstate>162450002</msdyn_panelstate>
  <msdyn_sessiontype>0</msdyn_sessiontype>
  <msdyn_title default="Voice-{customerName}">
    <label description="Voice-{customerName}" languagecode="1033" />
  </msdyn_title>
  <msdyn_type>0</msdyn_type>
  <statecode>0</statecode>
  <statuscode>1</statuscode>
</msdyn_sessiontemplate>