{"protocol":{"minReaderVersion":1,"minWriterVersion":2,"readerFeatures":null,"writerFeatures":null}}
{"metaData":{"id":"06488100-899e-43a4-98ae-116b6994ec33","format":{"provider":"parquet","options":{}},"schemaString":"{\"type\":\"struct\",\"fields\":[{\"name\":\"PRODUCTMASTER\",\"type\":\"long\",\"nullable\":true,\"metadata\":{}},{\"name\":\"RETAITOTALWEIGHT\",\"type\":\"integer\",\"nullable\":true,\"metadata\":{}},{\"name\":\"VARIANTCONFIGURATIONTECHNOLOGY\",\"type\":\"integer\",\"nullable\":true,\"metadata\":{}},{\"name\":\"RETAILCOLORGROUPID\",\"type\":\"string\",\"nullable\":true,\"metadata\":{}},{\"name\":\"RETAILSIZEGROUPID\",\"type\":\"string\",\"nullable\":true,\"metadata\":{}},{\"name\":\"RETAILSTYLEGROUPID\",\"type\":\"string\",\"nullable\":true,\"metadata\":{}},{\"name\":\"INSTANCERELATIONTYPE\",\"type\":\"long\",\"nullable\":true,\"metadata\":{}},{\"name\":\"DISPLAYPRODUCTNUMBER\",\"type\":\"string\",\"nullable\":true,\"metadata\":{}},{\"name\":\"SEARCHNAME\",\"type\":\"string\",\"nullable\":true,\"metadata\":{}},{\"name\":\"PRODUCTTYPE\",\"type\":\"integer\",\"nullable\":true,\"metadata\":{}},{\"name\":\"PDSCWPRODUCT\",\"type\":\"integer\",\"nullable\":true,\"metadata\":{}},{\"name\":\"MODIFIEDBY\",\"type\":\"string\",\"nullable\":true,\"metadata\":{}},{\"name\":\"RECVERSION\",\"type\":\"integer\",\"nullable\":true,\"metadata\":{}},{\"name\":\"RELATIONTYPE\",\"type\":\"long\",\"nullable\":true,\"metadata\":{}},{\"name\":\"PARTITION\",\"type\":\"long\",\"nullable\":true,\"metadata\":{}},{\"name\":\"RECID\",\"type\":\"long\",\"nullable\":true,\"metadata\":{}},{\"name\":\"ISPRODUCTVARIANTUNITCONVERSIONENABLED\",\"type\":\"integer\",\"nullable\":true,\"metadata\":{}}]}","partitionColumns":[],"createdTime":1710627116534,"configuration":{}}}
{"commitInfo":{"operation":"ReplaceTable","engineInfo":"Mashup Engine/2.127.933.0","additionalCommitInfo":null}}
{"add":{"path":"156a2d8289034556951c52142e8d05c2.parquet","partitionValues":{},"size":838,"modificationTime":1710627118112,"dataChange":true,"stats":"{\"numRecords\":0,\"minValues\":{},\"maxValues\":{},\"nullCount\":{}}","tags":{"VORDER":"true"}}}
