{"$schema":"http://schema.management.azure.com/schemas/2015-01-01/deploymentTemplate.json#","contentVersion":"1.0.0.0","parameters":{"workspaceName":{"type":"string","metadata":"Workspace name","defaultValue":"financesynapseanalytics"},"financesynapseanalytics-WorkspaceDefaultSqlServer":{"type":"string"},"SynapseServerlessEndpoint":{"type":"string"},"financesynapseanalytics-WorkspaceDefaultStorage":{"type":"string"},"AXDB":{"type":"string"}},"variables":{"workspaceId":"[concat('Microsoft.Synapse/workspaces/', parameters('workspaceName'))]"},"resources":[{"name":"[concat(parameters('workspaceName'), '/CDMUtil')]","type":"Microsoft.Synapse/workspaces/pipelines","apiVersion":"2019-06-01-preview","properties":{"description":"Use this template to reads Common Data Model (CDM) metadata generated by Dynamics 365 Finance and Operations Export to Datalake feature, convert and execute SQL DDL statements on the target endpoint. \n\nTarget endpoints and metadata types \n\nSynapse Serverless pool: OpenRowSet Views/External Tables and Views \nSynapse Dedicated pool: Tables and Views \nSQL Server: Tables and Views \n\nRead documentation for details: \nhttps://github.com/microsoft/Dynamics-365-FastTrack-Implementation-Assets/blob/master/Analytics/CDMUtilSolution/readme_cdmutilpipeline.md","activities":[{"name":"Source_ReadMetadata","type":"IfCondition","dependsOn":[],"userProperties":[],"typeProperties":{"expression":{"value":"@equals(pipeline().parameters.folderpath, null)","type":"Expression"},"ifFalseActivities":[{"name":"Lookup_cdmjson","type":"Lookup","dependsOn":[],"policy":{"timeout":"7.00:00:00","retry":0,"retryIntervalInSeconds":30,"secureOutput":false,"secureInput":false},"userProperties":[],"typeProperties":{"source":{"type":"JsonSource","storeSettings":{"type":"AzureBlobFSReadSettings","recursive":false,"enablePartitionDiscovery":false},"formatSettings":{"type":"JsonReadSettings"}},"dataset":{"referenceName":"lookupcdm_json","type":"DatasetReference","parameters":{"container":{"value":"@concat(pipeline().parameters.container,'/',pipeline().parameters.Environment,'/',pipeline().parameters.folderpath)","type":"Expression"},"file":{"value":"@pipeline().parameters.filepath","type":"Expression"}}}}}],"ifTrueActivities":[{"name":"CopyMetadata","description":"Recursive copy cdm.json files to metadata.parquet file","type":"Copy","dependsOn":[],"policy":{"timeout":"7.00:00:00","retry":0,"retryIntervalInSeconds":30,"secureOutput":false,"secureInput":false},"userProperties":[],"typeProperties":{"source":{"type":"JsonSource","additionalColumns":[{"name":"FilePath","value":"$$FILEPATH"},{"name":"Environment","value":{"value":"@pipeline().parameters.Environment","type":"Expression"}}],"storeSettings":{"type":"AzureBlobFSReadSettings","recursive":true,"wildcardFolderPath":{"value":"@{pipeline().parameters.Environment}/**/","type":"Expression"},"wildcardFileName":"*.cdm.json","enablePartitionDiscovery":false},"formatSettings":{"type":"JsonReadSettings"}},"sink":{"type":"ParquetSink","storeSettings":{"type":"AzureBlobFSWriteSettings","copyBehavior":"MergeFiles"},"formatSettings":{"type":"ParquetWriteSettings"}},"enableStaging":false,"translator":{"type":"TabularTranslator","mappings":[{"source":{"path":"$['definitions']"},"sink":{"name":"definitions","type":"String"}},{"source":{"path":"$['FilePath']"},"sink":{"name":"FilePath","type":"String"}},{"source":{"path":"$['Environment']"},"sink":{"name":"Environment","type":"String"}},{"source":{"path":"$['entities']"},"sink":{"name":"entities","type":"String"}},{"source":{"path":"$['definitions'][0]['entityName']"},"sink":{"name":"EntityName","type":"String"}}],"collectionReference":"","mapComplexValuesToString":true}},"inputs":[{"referenceName":"cdmjson","type":"DatasetReference","parameters":{"Container":{"value":"@pipeline().parameters.container","type":"Expression"}}}],"outputs":[{"referenceName":"metadata_parquet","type":"DatasetReference","parameters":{"container":{"value":"@pipeline().parameters.container","type":"Expression"},"folder":{"value":"@{pipeline().parameters.Environment}","type":"Expression"}}}]}]}},{"name":"Target_WriteMetadata","description":"Switch to different target endpoints ( Synapse Serverless (Default), Synapse Dedicated pool (SynapseTable) or SQL endpoint = SQLTable)","type":"Switch","dependsOn":[{"activity":"Target_CopyMetadata","dependencyConditions":["Succeeded"]}],"userProperties":[],"typeProperties":{"on":{"value":"@pipeline().parameters.DDLType","type":"Expression"},"cases":[{"value":"SynapseTable","activities":[{"name":"CreateSynapseTable","description":"Synapse Dedicated pool endpoint","type":"Script","dependsOn":[],"policy":{"timeout":"0.01:00:00","retry":0,"retryIntervalInSeconds":30,"secureOutput":false,"secureInput":false},"userProperties":[],"linkedServiceName":{"referenceName":"[parameters('financesynapseanalytics-WorkspaceDefaultSqlServer')]","type":"LinkedServiceReference","parameters":{"DBName":{"value":"@pipeline().parameters.DbName","type":"Expression"}}},"typeProperties":{"scripts":[{"type":"NonQuery","text":{"value":"declare @filePath nvarchar(800) = '@{if(equals(pipeline().parameters.folderpath,null), null, concat(pipeline().parameters.folderpath,'/', pipeline().parameters.filepath))}';\ndeclare @definitions nvarchar(max) = '@{if(equals(pipeline().parameters.folderpath,null), null,replace(string(activity('Lookup_cdmjson').output.firstRow.definitions), '''', ''))}';\ndeclare @environment nvarchar(100) = '@{pipeline().parameters.Environment}';\nDeclare @entity nvarchar(200) = '@{if(equals(pipeline().parameters.folderpath,null), null, replace(replace(pipeline().parameters.filepath,'.cdm.json', ''), '-resolved', ''))}';\nDeclare @attributes nvarchar(max) = N'@{if(equals(pipeline().parameters.folderpath,null), null, replace(string(activity('Lookup_cdmjson').output.firstRow.definitions[0].hasAttributes), '''', ''))}';\nDeclare @location nvarchar(1000) = '@{if(equals(pipeline().parameters.folderpath,null), null, concat(replace(pipeline().parameters.folderpath, '/resolved', ''), '/' , replace(replace(pipeline().parameters.filepath,'.cdm.json', ''), '-resolved', '') , '/*.csv'))}';\nDeclare @traits nvarchar(max) = '@{if(equals(pipeline().parameters.folderpath,null), null,replace(string(activity('Lookup_cdmjson').output.firstRow.definitions[0].exhibitsTraits),'''', ''''''))}';\ndeclare @Storage nvarchar(1000) = '@{pipeline().parameters.StorageAccount}'\ndeclare @Container nvarchar(1000) = '@{pipeline().parameters.container}'\nDeclare @StorageDS nvarchar(300) = '@{pipeline().parameters.StorageAccount}@{replace(concat(pipeline().parameters.container,'/',pipeline().parameters.Environment), '//','/')}';\n\ndeclare @schema nvarchar(10) = '@{pipeline().parameters.Schema}';\ndeclare @fileFormat nvarchar(100);\ndeclare @ObjectTypes varchar(100) = '@{pipeline().parameters.ObjectTypes}'\ndeclare @TablesPredicate varchar(12) = (select value + '%'  from string_split(@ObjectTypes, ',') where value = 'Tables')\ndeclare @ChangeFeedPredicate varchar(12) = (select value + '%'  from string_split(@ObjectTypes, ',') where value = 'ChangeFeed')\ndeclare @EntitiesPredicate varchar(12) = (select value + '%'  from string_split(@ObjectTypes, ',') where value = 'Entities')\n\nprint('--Metadata prep--');\nIF NOT EXISTS (SELECT * FROM sys.objects WHERE object_id = OBJECT_ID(N'[dbo].[_cdmmetadata]') AND type in (N'U'))\n\tcreate table _cdmmetadata\n\t(\n\t\t[definitions] [varchar](max) NULL,\n\t\t[FilePath] [varchar](1000) NULL,\n\t\t[Environment]   [varchar](1000) NULL,\n\t\t[entities] varchar(max) Null,\n\t\t[EntityName] varchar(500) Null,\n\t\t[DataPath] varchar(1000) Null\n\t)\n \tWITH(HEAP)\n\nIF NOT EXISTS (SELECT * FROM sys.objects WHERE object_id = OBJECT_ID(N'[dbo].[_sqlmetadata]') AND type in (N'U'))\n\tCREATE TABLE [dbo]._sqlmetadata\n\t(\n\t\tFilePath varchar(1000), EntityName varchar(400), DataPath VARCHAR(500), ViewDef varchar(max), ColumnList varchar(max), NameList varchar(max), DataTypeList varchar(max), DataLengthList varchar(max)\n\t)\n \tWITH(HEAP);\n\nIF NOT EXISTS (SELECT * FROM sys.objects WHERE object_id = OBJECT_ID(N'[dbo].[_controltableforcopy]') AND type in (N'U'))\n\tCREATE TABLE [dbo].[_controltableforcopy]\n\t(\n\t\t[TableSchema] [varchar](20) NULL,\n\t\t[TableName] [varchar](255) NULL,\n\t\t[StorageAccount] varchar(1000) Null,\n\t\t[Container] varchar(1000) Null,\n\t\t[Environment] varchar(1000) Null,\n\t\t[DataPath] varchar(1000) Null,\n\t\t[DataLocation] [varchar](1000) NULL,\n\t\t[FileFormat]   [varchar](100) NULL,\n\t\t[LastCopyDateTime] [datetime2](7) NULL,\n\t\t[LastCopyMarker] [varchar](255) NULL,\n\t\t[LastCopyStatus] [int] NULL\n\t)\n\tWITH (HEAP)\n\t\ndeclare @entities nvarchar(max); \n\nIF (isNull(@entity,'') = '')\n\tBEGIN;\t\n\t\tTruncate table dbo._cdmmetadata; \n\t\tCopy Into dbo._cdmmetadata (definitions, FilePath,Environment,entities, EntityName)\n\t\t\tFrom '@{pipeline().parameters.StorageAccount}@{replace(concat(pipeline().parameters.container,'/',pipeline().parameters.Environment), '//','/')}/metadata.parquet'\n\t\tWITH (\n    \t\tFILE_TYPE = 'Parquet',\n    \t\tCREDENTIAL = (IDENTITY = 'Managed Identity'),\n\t\t\tAUTO_CREATE_TABLE = 'ON'\n\t\t\t)\n\t\t\n\t\tTruncate table [dbo]._sqlmetadata; \n\t\t\n\t\tupdate _cdmmetadata\n\t\tset EntityName = case when FilePath like '%ChangeFeed/%' then '_cdc_' + EntityName else  EntityName end ,\n\t\tDataPath = replace(replace(replace([FilePath], '/resolved/', '/'), '.cdm.json', ''), '-resolved', '') + '/*.csv'\n\t\t\n\t\t\n\t\tSet @entities =(select string_agg(convert(nvarchar(max), EntityName),',')  WITHIN GROUP (ORDER BY DataPath desc)\n\t\tFrom ( select distinct EntityName, DataPath from _cdmmetadata\n\t\t\t\twhere  (FilePath like @TablesPredicate\n\t\t\t\tor FilePath like @EntitiesPredicate\n\t\t\t\tor FilePath like @ChangeFeedPredicate)\n\t\t\t ) x\n\t\t );\n\n\tEND;\n\tELSE IF (@location like  @TablesPredicate or @location like @ChangeFeedPredicate or @location like @EntitiesPredicate)\n\t\tBEGIN;\n\t\t\tdelete from _cdmmetadata where FilePath = @filePath;\n\t\t\tinsert into _cdmmetadata (FilePath, definitions, entities, Environment) values (@filePath, @definitions, null, @environment);\n\t\t\tset @entities = @entity;\n \t\tEND;\n\tELSE \n \t\tRETURN;\n\n\tinsert into [dbo]._sqlmetadata (FilePath,EntityName, DataPath, ViewDef, ColumnList, NameList, DataTypeList, DataLengthList)\n\tselect \n\t\tx.FilePath,\n\t\tx.EntityName,\n\t\tx.DataPath,\n\t\tx.ViewDef,\n\t\tSTRING_AGG(CONVERT(NVARCHAR(max), + '[' + name + '] ' +  case    \n\t\twhen x.dataType = 'nvarchar' and x.maxLength < 0 then 'nvarchar(max)'  \n\t\twhen x.datatype = 'nvarchar' then 'nvarchar(' + convert(nvarchar(10), x.maxLength) + ')'\n\t\twhen x.datatype = 'varbinary' then 'varbinary(' + convert(nvarchar(10), x.maxLength) + ')'\n\t\twhen x.datatype = 'decimal' then 'decimal(32,16)'  \n\t\telse x.datatype end) , ','),\n\t\tSTRING_AGG(CONVERT(NVARCHAR(max), name), ','),\n\t\tSTRING_AGG(CONVERT(NVARCHAR(max), datatype), ','),\n\t\tSTRING_AGG(CONVERT(NVARCHAR(max), isNull(maxLength, 0)), ',')\n\tfrom ( \n\t\t select \n\t\t \tcase when FilePath  like '%resolved%' then 1 else 0 end resolved,\n\t\t\tFilePath,\n\t\t\tcase \n\t\t\t\twhen FilePath like '%ChangeFeed/%'  then '_cdc_'+  JSON_VALUE(definitions, '$[0].entityName')\n\t\t\t\telse JSON_VALUE(definitions, '$[0].entityName')\n\t\t\tend as EntityName,\n\t\t\treplace(replace(replace([FilePath], '/resolved/', '/'), '.cdm.json', ''), '-resolved', '') + '/*.csv' as DataPath,   \n\t\t\t(Select ISNULL(viewDefinition, viewDefinition1) From  OPENJSON(definitions, '$[0].exhibitsTraits') \n\t\t\t\tWITH (\n\t\t\t\t\ttraitReference NVARCHAR(100) '$.traitReference',\n\t\t\t\t\tviewDefinition nvarchar(max) '$.arguments[0].value',\n\t\t\t\t\tviewDefinition1 nvarchar(max) '$.arguments[0]'\n\t\t\t\t\t)\n\t\t\t\twhere traitReference = 'has.sqlViewDefinition') as ViewDef,\n\t\t\t\tname,   \n\t\t\t\tcase      \n\t\t\t\t\twhen datatype ='guid' then 'UNIQUEIDENTIFIER'  \n\t\t\t\t\twhen lower(name) ='_sysrowid' then 'bigint'\n\t\t\t\t\twhen datatype = 'string' and enum = 'is.constrainedList.wellKnown' then 'int'\n\t\t\t\t\twhen datatype = 'string' then 'nvarchar'\n\t\t\t\t\twhen datatype = 'int32' then 'int'   \n\t\t\t\t\twhen datatype = 'int64' then 'bigInt'    \n\t\t\t\t\twhen datatype = 'boolean' then 'bit'   \n\t\t\t\t\twhen datatype = 'double' then 'real' \n\t\t\t\t\twhen datatype = 'DateTime' then 'DateTime2'  \n\t\t\t\t\twhen datatype = 'Time' then 'int'  \n\t\t\t\t\twhen datatype = 'Binary' then 'varbinary'  \n\t\t\t\t\telse datatype \n\t\t\t\tend as dataType,    \n\t\t\t\tcase \n\t\t\t\t\twhen datatype = 'string' and  maxLength > 4000 then -1\n\t\t\t\t\twhen datatype = 'string' and lower(name) ='lsn' then 60\n\t\t\t\t\twhen datatype = 'string' and lower(name) = 'start_lsn' then 60\n\t\t\t\t\twhen datatype = 'string' and lower(name) = 'seq_val' then 60\n\t\t\t\t\twhen datatype = 'string' and lower(name) = 'dml_action' then 15\n\t\t\t\t\twhen datatype = 'string' and lower(name) = 'update_mask' then 200\n\t\t\t\t\twhen datatype = 'string' and lower(name) = 'createdby' then 20\n\t\t\t\t\twhen datatype = 'string' and lower(name) = 'modifiedby' then 20\n\t\t\t\t\twhen datatype = 'string'  and maxLength is null then 1000\n\t\t\t\t\twhen datatype = 'Binary'  and maxLength is null then 100\n\t\t\t\t\twhen datatype = 'string'  then maxLength \n\t\t\t\tend as maxLength,\n\t\t\t\tenum\nFrom _cdmmetadata\ncross apply OPENJSON(definitions, '$[0].hasAttributes')  \n\tWITH (name nvarchar(200),  datatype NVARCHAR(50) '$.dataFormat' , maxLength int '$.maximumLength' \n\t,scale int '$.traits[0].arguments[1].value', enum nvarchar(max) '$.appliedTraits[3].traitReference')  \n) x\ninner join \n(\n\tselect max (resolved) as version ,  DataPath\n\tfrom \n\t(\n\t\tselect \n\t\t\treplace(replace(replace([FilePath], '/resolved/', '/'), '.cdm.json', ''), '-resolved', '') + '/*.csv' as DataPath,\n\t\t\tcase when FilePath  like '%resolved%' then 1 else 0 end as resolved\n\t\tfrom _cdmmetadata \n\t\twhere definitions is not null\n\t) z\n\tgroup by  z.DataPath\n) y\non x.resolved = y.version and x.datapath = y.datapath\nand FilePath not in (select DISTINCT FilePath from [dbo]._sqlmetadata)\ngroup by x.EntityName,x.DataPath,x.ViewDef, x.FilePath\n\nINSERT INTO [dbo].[_controltableforcopy](TableSchema,TableName, StorageAccount, Container, Environment , DataPath, DataLocation,FileFormat)\n\tSELECT @schema, upper(EntityName), @Storage, @Container, @Environment, dataPath, @StorageDS + '/' + dataPath, 'CSV' FROM _sqlmetadata\n\twhere FilePath like @TablesPredicate\n\tand NOT EXISTS (SELECT DISTINCT TableName FROM [dbo].[_ControlTableForCopy] WHERE TableSchema = @schema and TableName = EntityName)\n\n\nprint('Entities:' + @entities );\n\nDECLARE @counter int = 1\nDECLARE @recordCount int = (select count(value) from string_split(@entities, ',', 1) )\n\nprint ('EntityCount:' + convert(varchar(10), @recordCount));\nprint ('-- Loop through entities');\n\nDeclare @CreateObjectDDL nvarchar(max);\n\nWHILE @counter <= @recordCount \nBEGIN \n\tdeclare @view int = 0;\n\tdeclare @ViewDefinition nvarchar(max);\n\tdeclare @ColumnList varchar(max)\n\n\tselect top 1 @entity = EntityName, @ViewDefinition = ViewDef, @location = DataPath, @ColumnList = ColumnList\n\t\tFrom _sqlmetadata\n\t\twhere EntityName = (select value from string_split(@entities, ',', 1) where ordinal = @counter);\n\n\tPRINT ('Counter:' + convert(varchar(10), @counter));\n\tPRINT ('Entity:' + @entity);\n\tPRINT ('Location:' + @location);\n\tSET @counter = @counter + 1\n\t\n\tIF (isNull(@ViewDefinition,'') <> '')\n\tBEGIN;  \n\t\tset @view = 1;\n\t\tdeclare @dateTimeFunct nvarchar(50) = 'SYSUTCDATETIME()';\n\n\t\tSET @CreateObjectDDL = replace(replace(replace(replace(replace(replace(@ViewDefinition\n\t\t\t\t\t\t\t\t\t\t, '[dbo].GetValidFromInContextInfo()', @dateTimeFunct)\n\t\t\t\t\t\t\t\t\t\t, '[dbo].GetValidToInContextInfo()', @dateTimeFunct)\n\t\t\t\t\t\t\t\t\t\t, 'dbo.GetValidFromInContextInfo()', @dateTimeFunct)\n\t\t\t\t\t\t\t\t\t\t, 'dbo.GetValidToInContextInfo()', @dateTimeFunct)\n\t\t\t\t\t\t\t\t\t\t, 'GetValidFromInContextInfo()', @dateTimeFunct)\n\t\t\t\t\t\t\t\t\t\t, 'GetValidToInContextInfo()', @dateTimeFunct)\t\t\t\n\tEND;\n\n\tIF (@view = 0)\n\tBEGIN;\n\t\tDeclare @CreateTableDDLTemplate nvarchar(max) = 'If (OBJECT_ID(''{schema}.{TableName}'') is  NULL) create TABLE {Schema}.{TableName} ({ColumnList}) WITH (DISTRIBUTION = HASH(RecId))'\n\t\tset @CreateObjectDDL = replace(replace(replace(@CreateTableDDLTemplate, '{Schema}', @Schema), '{TableName}', @entity), '{ColumnList}', @ColumnList) \n\tEND;\n\n\tbegin try\n\t\texecute sp_executesql @CreateObjectDDL;\n\tend try\n\tbegin catch;\n\t\tprint  (ERROR_MESSAGE());  \n\t\tprint (@CreateObjectDDL)\n\tend catch;\n\n\tset @entity = null;\nEND;","type":"Expression"}}],"logSettings":{"logDestination":"ActivityOutput"}}}]},{"value":"SQLTable","activities":[{"name":"CreateSQLTable","description":"SQL Server endpoint","type":"Script","dependsOn":[],"policy":{"timeout":"7.00:00:00","retry":0,"retryIntervalInSeconds":30,"secureOutput":false,"secureInput":false},"userProperties":[],"linkedServiceName":{"referenceName":"[parameters('SynapseServerlessEndpoint')]","type":"LinkedServiceReference","parameters":{"DbName":{"value":"@pipeline().parameters.DbName","type":"Expression"}}},"typeProperties":{"scripts":[{"type":"NonQuery","text":{"value":"declare @filePath nvarchar(800) = '@{if(equals(pipeline().parameters.folderpath,null), null, concat(pipeline().parameters.folderpath,'/', pipeline().parameters.filepath))}';\ndeclare @definitions nvarchar(max) = '@{if(equals(pipeline().parameters.folderpath,null), null,replace(string(activity('Lookup_cdmjson').output.firstRow.definitions), '''', ''))}';\ndeclare @environment nvarchar(100) = '@{pipeline().parameters.Environment}';\nDeclare @entity nvarchar(200) = '@{if(equals(pipeline().parameters.folderpath,null), null, replace(replace(pipeline().parameters.filepath,'.cdm.json', ''), '-resolved', ''))}';\nDeclare @attributes nvarchar(max) = N'@{if(equals(pipeline().parameters.folderpath,null), null, replace(string(activity('Lookup_cdmjson').output.firstRow.definitions[0].hasAttributes), '''', ''))}';\nDeclare @location nvarchar(1000) = '@{if(equals(pipeline().parameters.folderpath,null), null, concat(replace(pipeline().parameters.folderpath, '/resolved', ''), '/' , replace(replace(pipeline().parameters.filepath,'.cdm.json', ''), '-resolved', '') , '/*.csv'))}';\nDeclare @traits nvarchar(max) = '@{if(equals(pipeline().parameters.folderpath,null), null,replace(string(activity('Lookup_cdmjson').output.firstRow.definitions[0].exhibitsTraits),'''', ''''''))}';\ndeclare @Storage nvarchar(1000) = '@{pipeline().parameters.StorageAccount}'\ndeclare @Container nvarchar(1000) = '@{pipeline().parameters.container}'\nDeclare @StorageDS nvarchar(300) = '@{pipeline().parameters.StorageAccount}@{replace(concat(pipeline().parameters.container,'/',pipeline().parameters.Environment), '//','/')}';\ndeclare @metadataPath nvarchar(1000) = '@{if(equals(pipeline().parameters.folderpath,null), null, replace(pipeline().parameters.folderpath, '/resolved', ''))}';\n\ndeclare @schema nvarchar(10) = '@{pipeline().parameters.Schema}';\ndeclare @fileFormat nvarchar(100);\ndeclare @ObjectTypes varchar(100) = '@{pipeline().parameters.ObjectTypes}'\ndeclare @TablesPredicate varchar(12) = (select value + '%'  from string_split(@ObjectTypes, ',') where value = 'Tables')\ndeclare @ChangeFeedPredicate varchar(12) = (select value + '%'  from string_split(@ObjectTypes, ',') where value = 'ChangeFeed')\ndeclare @EntitiesPredicate varchar(12) = (select value + '%'  from string_split(@ObjectTypes, ',') where value = 'Entities')\n\nprint('--Metadata prep--');\ndeclare @entities nvarchar(max); \n\nIF NOT EXISTS (SELECT * FROM sys.objects WHERE object_id = OBJECT_ID(N'[dbo].[_sqlmetadata]') AND type in (N'U'))\n\tCREATE TABLE [dbo]._sqlmetadata\n\t(\n\t\tFilePath varchar(1000), EntityName varchar(400), DataPath VARCHAR(500), ViewDef varchar(max), ColumnList varchar(max), NameList varchar(max), DataTypeList varchar(max), DataLengthList varchar(max)\n\t)\n\nIF NOT EXISTS (SELECT * FROM sys.objects WHERE object_id = OBJECT_ID(N'[dbo].[_ControlTableForCopy]') AND type in (N'U'))\n\tCREATE TABLE [dbo].[_ControlTableForCopy]\n\t(\n\t\t[TableSchema] [varchar](20) NULL,\n\t\t[TableName] [varchar](255) NULL,\n\t\t[StorageAccount] varchar(1000) Null,\n\t\t[Container] varchar(1000) Null,\n\t\t[Environment] varchar(1000) Null,\n\t\t[DataPath] varchar(1000) Null,\n\t\t[DataLocation] [varchar](1000) NULL,\n\t\t[FileFormat]   [varchar](100) NULL,\n\t\t[LastCopyDateTime] [datetime2](7) NULL,\n\t\t[LastCopyMarker] [varchar](255) NULL,\n\t\t[LastCopyStatus] [int] NULL\n\t)\n\ndeclare @createOrAlterView nvarchar(max) =\n'Create or ALTER   function [dbo].[prepDefinitionScript](@viewDef nvarchar(max), @inputmap varchar(1000))\nreturns nvarchar(max)\nas \nbegin\n\t\n\tset @viewDef = ''execute sp_executesql N'''''' + replace(replace(replace(@viewDef, '''''''', ''''''''''''), ''Create Function'', ''Create OR Alter Function''), ''Create View'', ''Create or alter View'') + '''''''';\n\n\tdeclare @counter int = 1;\n\tdeclare @rowCount int = (select count(1) from string_split(@inputmap, '',''))\n\t\n\tWHILE (@counter <= @rowCount)\n\tBEGIN\n\t\tdeclare @map nvarchar(200) = (select value from   string_split(@inputmap, '','', 1) where ordinal = @counter)  \n\t\tdeclare @ViewColumnName varchar(100)= (select value from string_split(@map,'':'', 1) where ordinal=1);\n\t\tdeclare @TableColumnName varchar(100)= (select value from string_split(@map,'':'', 1) where ordinal=2);\n\t\tDeclare @From varchar(100) = replace(replace(''%T[0-9].{0} AS {1},%'', ''{0}'', @TableColumnName), ''{1}'', @ViewColumnName)\n\t\tdeclare @To   varchar(100) = replace(''AS {1},'', ''{1}'', @ViewColumnName)\n\t\tdeclare @Replace varchar(100) = replace(''Null as {1},'', ''{1}'', @ViewColumnName)\n\n\t\tif (PATINDEX(@From, @ViewDef) >0)\n\t\t\tset @ViewDef = (SELECT \n\t\t\treplace(@ViewDef, \n\t\t\tSUBSTRING(@ViewDef, PATINDEX(@From, @ViewDef),  charIndex(@To, @ViewDef) - PATINDEX(@From, @ViewDef) + len(@to))\n\t\t\t, @Replace))\n\n\t\tset @counter = @counter+ 1;\n\tEND \nreturn @ViewDef\nEnd;'\n\nexecute sp_executesql @createOrAlterView;\n\nIF (isNull(@entity,'') = '') \n\tBEGIN;\n\t\t\n\t\tTruncate table [dbo]._sqlmetadata; \n\n\t\tupdate _cdmmetadata\n\t\tset EntityName = case when FilePath like '%ChangeFeed/%' then '_cdc_' + EntityName else  EntityName end ,\n\t\tDataPath = replace(replace(replace([FilePath], '/resolved/', '/'), '.cdm.json', ''), '-resolved', '') + '/*.csv'\n\t\t\n\t\t\n\t\tSet @entities =(select string_agg(convert(nvarchar(max), EntityName),',')  WITHIN GROUP (ORDER BY DataPath desc)\n\t\tFrom ( select distinct EntityName, DataPath from _cdmmetadata\n\t\t\t\twhere  (FilePath like @TablesPredicate\n\t\t\t\tor FilePath like @EntitiesPredicate\n\t\t\t\tor FilePath like @ChangeFeedPredicate)\n\t\t\t ) x\n\t\t );\n\n\tEND;\nELSE IF (@location like  @TablesPredicate or @location like @ChangeFeedPredicate or @location like @EntitiesPredicate)\n\tBEGIN;\n\t\tdelete from _cdmmetadata where FilePath = @filePath;\n\t\tinsert into _cdmmetadata (FilePath, definitions, entities, Environment) values (@filePath, @definitions, null, @environment);\n\t\tset @entities = @entity;\n \tEND;\nELSE \n \tRETURN;\n\t \n\tinsert into [dbo]._sqlmetadata (FilePath,EntityName, DataPath, ViewDef, ColumnList, NameList, DataTypeList, DataLengthList)\n\tselect \n\t\tx.FilePath,\n\t\tx.EntityName,\n\t\tx.DataPath,\n\t\tx.ViewDef,\n\t\tSTRING_AGG(CONVERT(NVARCHAR(max), + '[' + name + '] ' +  case    \n\t\t\twhen x.dataType = 'nvarchar' and x.maxLength < 0 then 'nvarchar(max)'  \n\t\twhen x.datatype = 'nvarchar' then 'nvarchar(' + convert(nvarchar(10), x.maxLength) + ')'\n\t\twhen x.datatype = 'varbinary' then 'varbinary(' + convert(nvarchar(10), x.maxLength) + ')'\n\t\twhen x.datatype = 'decimal' then 'decimal(32,16)'  \n\t\telse x.datatype end) , ','),  \n\t\tSTRING_AGG(CONVERT(NVARCHAR(max), name), ','),\n\t\tSTRING_AGG(CONVERT(NVARCHAR(max), datatype), ','),\n\t\tSTRING_AGG(CONVERT(NVARCHAR(max), isNull(maxLength, 0)), ',')\n\tfrom ( \n\t\t select \n\t\t\tcase when FilePath  like '%resolved%' then 1 else 0 end resolved,\n\t\t\tFilePath,\n\t\t\tcase \n\t\t\t\twhen FilePath like '%ChangeFeed/%'  then '_cdc_'+  JSON_VALUE(definitions, '$[0].entityName')\n\t\t\t\telse JSON_VALUE(definitions, '$[0].entityName')\n\t\t\tend as EntityName,\n\t\t\treplace(replace(replace([FilePath], '/resolved/', '/'), '.cdm.json', ''), '-resolved', '') + '/*.csv' as DataPath,   \n\t\t\t(Select ISNULL(viewDefinition, viewDefinition1) From  OPENJSON(definitions, '$[0].exhibitsTraits') \n\t\t\t\tWITH (\n\t\t\t\t\ttraitReference NVARCHAR(100) '$.traitReference',\n\t\t\t\t\tviewDefinition nvarchar(max) '$.arguments[0].value',\n\t\t\t\t\tviewDefinition1 nvarchar(max) '$.arguments[0]'\n\t\t\t\t\t)\n\t\t\t\twhere traitReference = 'has.sqlViewDefinition') as ViewDef,\n\t\t\t\tname,   \n\t\t\t\tcase      \n\t\t\t\t\twhen datatype ='guid' then 'UNIQUEIDENTIFIER'  \n\t\t\t\t\twhen lower(name) ='_sysrowid' then 'bigint'\n\t\t\t\t\twhen datatype = 'string' and enum = 'is.constrainedList.wellKnown' then 'int'\n\t\t\t\t\twhen datatype = 'string' then 'nvarchar'\n\t\t\t\t\twhen datatype = 'int32' then 'int'   \n\t\t\t\t\twhen datatype = 'int64' then 'bigInt'    \n\t\t\t\t\twhen datatype = 'boolean' then 'bit'   \n\t\t\t\t\twhen datatype = 'double' then 'real' \n\t\t\t\t\twhen datatype = 'DateTime' then 'DateTime'  \n\t\t\t\t\twhen datatype = 'Time' then 'int'  \n\t\t\t\t\twhen datatype = 'Binary' then 'varbinary'  \n\t\t\t\t\telse datatype \n\t\t\t\tend as dataType,    \n\t\t\t\tcase \n\t\t\t\t\twhen datatype = 'string' and  maxLength > 4000 then -1\n\t\t\t\t\twhen datatype = 'string' and lower(name) ='lsn' then 60\n\t\t\t\t\twhen datatype = 'string' and lower(name) = 'start_lsn' then 60\n\t\t\t\t\twhen datatype = 'string' and lower(name) = 'seq_val' then 60\n\t\t\t\t\twhen datatype = 'string' and lower(name) = 'dml_action' then 15\n\t\t\t\t\twhen datatype = 'string' and lower(name) = 'update_mask' then 200\n\t\t\t\t\twhen datatype = 'string' and lower(name) = 'createdby' then 20\n\t\t\t\t\twhen datatype = 'string' and lower(name) = 'modifiedby' then 20\n\t\t\t\t\twhen datatype = 'string'  and maxLength is null then 1000\n\t\t\t\t\twhen datatype = 'Binary'  and maxLength is null then 100\n\t\t\t\t\twhen datatype = 'string'  then maxLength \n\t\t\t\tend as maxLength,\n\t\t\t\tenum\n\tFrom _cdmmetadata\n\tcross apply OPENJSON(definitions, '$[0].hasAttributes')  \n\tWITH (name nvarchar(200),  datatype NVARCHAR(50) '$.dataFormat' , maxLength int '$.maximumLength' \n\t,scale int '$.traits[0].arguments[1].value', enum nvarchar(max) '$.appliedTraits[3].traitReference')  \n\t) x\n\tinner join \n\t(\n\tselect max (resolved) as version ,  DataPath\n\tfrom \n\t(\n\t\tselect \n\t\t\treplace(replace(replace([FilePath], '/resolved/', '/'), '.cdm.json', ''), '-resolved', '') + '/*.csv' as DataPath,\n\t\t\tcase when FilePath  like '%resolved%' then 1 else 0 end as resolved\n\t\tfrom _cdmmetadata \n\t\twhere definitions is not null\n\t) z\n\tgroup by  z.DataPath\n\t) y\n\ton x.resolved = y.version and x.datapath = y.datapath\n\twhere FilePath not in (select DISTINCT FilePath from [dbo]._sqlmetadata)\n\tgroup by x.EntityName,x.DataPath,x.ViewDef, x.FilePath\n\n\tINSERT INTO [dbo].[_controltableforcopy](TableSchema,TableName, StorageAccount, Container, Environment , DataPath, DataLocation,FileFormat)\n\tSELECT @schema, EntityName, @Storage, @Container, @Environment, dataPath, @StorageDS + '/' + dataPath, 'CSV' FROM _sqlmetadata\n\twhere FilePath like @TablesPredicate\n\tand NOT EXISTS (SELECT DISTINCT TableName FROM [dbo].[_ControlTableForCopy] WHERE TableSchema = @schema and TableName = EntityName)\n\nprint('Entities:' + @entities );\n\nDECLARE @counter int = 1\nDECLARE @recordCount int = (select count(value) from string_split(@entities, ',', 1) )\n\nprint ('EntityCount:' + convert(varchar(10), @recordCount));\nprint ('-- Loop through entities');\n\nDeclare @CreateObjectDDL nvarchar(max);\n\nWHILE @counter <= @recordCount \nBEGIN \n\tdeclare @view int = 0;\n\tdeclare @ViewDefinition nvarchar(max);\n\tdeclare @ColumnList varchar(max)\n\n\tselect top 1 @entity = EntityName, @ViewDefinition = ViewDef, @location = DataPath, @ColumnList = ColumnList\n\t\tFrom _sqlmetadata\n\t\twhere EntityName = (select value from string_split(@entities, ',', 1) where ordinal = @counter);\n\t\n\tPRINT ('Counter:' + convert(varchar(10), @counter));\n\tPRINT ('Entity:' + @entity);\n\tPRINT ('DataLocation:' + @location);\n\t\n\tSET @counter = @counter + 1\n\t\n\tIF (isNull(@ViewDefinition,'') <> '')\n\tBEGIN;  \n\t\tset @view = 1;\n\n\t\tIF EXISTS (Select  1  from  _dependencies where entityName = @entity )\n\t\tBEGIN;\n\t\t\tSET @CreateObjectDDL = \n\t\t\t(\n\t\t\t\tSelect \n\t\t\t\t\tSTRING_AGG(convert(nvarchar(max), \n\t\t\t\t\tx.DDL\n\t\t\t\t\t), ';' + Char(10)) \n\t\t\t\t\tFrom \n\t\t\t\t\t( \n\t\t\t\t\t\tSelect\t\n\t\t\t\t\t\t\t0 as #,\n\t\t\t\t\t\t\t'execute sp_executesql N''create or alter View dbo.' + TableName + ' AS Select ' + STRING_AGG(convert(nvarchar(max), ' Null as ' + COLUMN_NAME), ',') + '''' as DDL\n\t\t\t\t\t\tFrom _dependencies\n\t\t\t\t\t\tcross apply OpenJson(DependentTables) with (TableName varchar(100), Attributes nvarchar(max) as Json) as T\n\t\t\t\t\t\tcross apply OPENJSON(T.Attributes)   with (COLUMN_NAME varchar(100))\n\t\t\t\t\t\twhere TableName not in (Select TABLE_NAME from INFORMATION_SCHEMA.TABLES)\n\t\t\t\t\t\t\tand entityName = @entity\n\t\t\t\t\t\tgroup by TableName\n\t\t\t\t\t\t\n\t\t\t\t\t\tunion \n\t\t\t\t\t\t\n\t\t\t\t\t\tSELECT \n\t\t\t\t\t\t\tROW_NUMBER() Over(ORDER BY (SELECT 100)) as #,\n\t\t\t\t\t\t\tdbo.prepDefinitionScript(definition,MemoFields) as DDL\n\t\t\t\t\t\tFROM [dbo].[_dependencies]\n\t\t\t\t\t\tCross apply openjson(DependentObjects)\n\t\t\t\t\t\tWITH (objectName nvarchar(200),  type NVARCHAR(50) , definition nvarchar(max))\n\t\t\t\t\t\twhere entityName = @entity\n\t\t\t\t\t) x\n\t\t\t);\n\t\tEND;\n\t\tELSE \n\t\t\n\t\tBEGIN;\n\t\t\tSET @CreateObjectDDL = replace(@ViewDefinition, 'Create View', 'Create or Alter View')\n\t\tEND;\n\tEND;\n\n\tIF (@view = 0)\n\tBEGIN;\n\t\tdeclare @CreateTableTemplate nvarchar(max) = 'If (OBJECT_ID(''{0}.{1}'') is  NULL) CREATE Table {0}.{1} ({2},CONSTRAINT PK_{1}_RecIdx PRIMARY KEY CLUSTERED (RecId))'\n\t\tset @CreateObjectDDL = replace(replace(replace(@CreateTableTemplate, '{0}', @schema), '{1}', @entity), '{2}', @ColumnList) ;\n\t\n\tEND;\n\t\t\n\tbegin try\n\t\texecute sp_executesql @CreateObjectDDL;\n\tend try\n\tbegin catch;\n\t\tprint  (ERROR_MESSAGE());  \n\t\tprint (@CreateObjectDDL)\n\tend catch;\n\n\tset @entity = null;\nEND;\n-- Create Index\ndeclare @CreateIndexDDL nvarchar(max)= \n(\n\tselect \n\tstring_agg(convert(nvarchar(max),DDL), ';') \n\tfrom \n\t(\n\t\tSelect \n\t\treplace(replace(replace('if not exists (select * from sysindexes  where id=object_id(''{1}'') and name=''{2}'') create index {2} on {1} ({3})'\n\t\t\t\t\t,'{1}', C.TableName)\n\t\t\t\t\t,'{2}', C.TableName + '_NK_IDX')\n\t\t\t\t\t,'{3}', K.KeyColumn) as DDL\n\t\tFrom _ControlTableForCopy C\n\t\tjoin INFORMATION_SCHEMA.TABLES  T \n\t\ton C.TableSchema = T.TABLE_SCHEMA and C.TableName = T.TABLE_NAME and T.TABLE_TYPE = 'BASE TABLE'\n\t\tJoin \n\t\t(\n\t\t\tselect distinct TableName as TableName,\n\t\t\t\tstring_agg(convert(nvarchar(max),COLUMN_NAME), ',') WITHIN GROUP (ORDER BY [Key] ASC)  as KeyColumn\n\t\t\t\tFrom _dependencies\n\t\t\t\tcross apply OpenJson(DependentTables) with (TableName varchar(100), Attributes nvarchar(max) as Json) as T\n\t\t\t\tcross apply OPENJSON(T.Attributes)   with (COLUMN_NAME varchar(100), [KEY] int)\n\t\t\t\twhere  [KEY] is not Null and COLUMN_NAME != 'RECID'\n\t\t\t\tgroup by EntityName, TableName\n\t\t) K\n\t\ton T.TABLE_NAME = K.TableName\n\t) X\n\t);\nexecute sp_executesql @CreateIndexDDL;\n","type":"Expression"}}],"logSettings":{"logDestination":"ActivityOutput"}}}]}],"defaultActivities":[{"name":"CreateSynapse_ViewOrExternalTable","description":"Create View or External Table on Synapse Serverless Database","type":"Script","dependsOn":[{"activity":"CreateMetadataView","dependencyConditions":["Succeeded"]}],"policy":{"timeout":"7.00:00:00","retry":0,"retryIntervalInSeconds":30,"secureOutput":false,"secureInput":false},"userProperties":[],"linkedServiceName":{"referenceName":"[parameters('SynapseServerlessEndpoint')]","type":"LinkedServiceReference","parameters":{"DbName":{"value":"@pipeline().parameters.DbName","type":"Expression"}}},"typeProperties":{"scripts":[{"type":"NonQuery","text":{"value":"-- Common variables \ndeclare @filePath nvarchar(800) = '@{if(equals(pipeline().parameters.folderpath,null), null, concat(pipeline().parameters.folderpath,'/', pipeline().parameters.filepath))}';\ndeclare @definitions nvarchar(max) = '@{if(equals(pipeline().parameters.folderpath,null), null,replace(string(activity('Lookup_cdmjson').output.firstRow.definitions), '''', ''))}';\ndeclare @environment nvarchar(100) = '@{pipeline().parameters.Environment}';\nDeclare @entity nvarchar(200) = '@{if(equals(pipeline().parameters.folderpath,null), null, replace(replace(pipeline().parameters.filepath,'.cdm.json', ''), '-resolved', ''))}';\nIF ('@{pipeline().parameters.folderpath}' = 'ChangeFeed') set @entity = '_cdc_' + @entity; \nDeclare @attributes nvarchar(max) = N'@{if(equals(pipeline().parameters.folderpath,null), null, replace(string(activity('Lookup_cdmjson').output.firstRow.definitions[0].hasAttributes), '''', ''))}';\nDeclare @location nvarchar(1000) = '@{if(equals(pipeline().parameters.folderpath,null), null, concat(replace(pipeline().parameters.folderpath, '/resolved', ''), '/' , replace(replace(pipeline().parameters.filepath,'.cdm.json', ''), '-resolved', '') , '/*.csv'))}';\nDeclare @traits nvarchar(max) = '@{if(equals(pipeline().parameters.folderpath,null), null,replace(string(activity('Lookup_cdmjson').output.firstRow.definitions[0].exhibitsTraits),'''', ''''''))}';\nDeclare @StorageDS nvarchar(300) = '@{pipeline().parameters.StorageAccount}@{replace(concat(pipeline().parameters.container,'/',pipeline().parameters.Environment), '//','/')}';\n\ndeclare @schema nvarchar(10) = '@{pipeline().parameters.Schema}';\ndeclare @fileFormat nvarchar(100);\ndeclare @ObjectTypes varchar(100) = '@{pipeline().parameters.ObjectTypes}'\ndeclare @TablesPredicate varchar(12) = (select value + '%'  from string_split(@ObjectTypes, ',') where value = 'Tables')\ndeclare @ChangeFeedPredicate varchar(12) = (select value + '%'  from string_split(@ObjectTypes, ',') where value = 'ChangeFeed')\ndeclare @EntitiesPredicate varchar(12) = (select value + '%'  from string_split(@ObjectTypes, ',') where value = 'Entities')\n\n-- Serverless specific variables\ndeclare @datasource nvarchar(200) = '@{pipeline().parameters.Environment}';\ndeclare @parserVersion nvarchar(10) = '@{pipeline().parameters.ParserVersion}';\ndeclare @readOption nvarchar(300) = N'''{\"READ_OPTIONS\":[\"ALLOW_INCONSISTENT_READS\"]}''';\ndeclare @ddlType nvarchar(20) = '@{pipeline().parameters.DDLType}';\n\nIF (@parserVersion = '2.0')\n\tSET @fileFormat = '_CSV_P2';\nELSE \n\tSET @fileFormat = '_CSV_P1';\n\nprint('DataSource:' + @datasource );\nprint('ParserVersion:' + @parserVersion );\nprint('DDLType:' + @ddlType);\nprint('--Metadata prep--');\n\ndeclare @entities nvarchar(max); \n\nDeclare @CreateCredentials nvarchar(max) =  'IF NOT EXISTS(select * from sys.database_credentials where name = '''+@environment+''')\n    CREATE DATABASE SCOPED CREDENTIAL [' +@environment+'] WITH IDENTITY=''Managed Identity''';\n\nexecute sp_executesql  @CreateCredentials;\n\nDeclare @CreateExternalDataSource nvarchar(max) =  'IF NOT EXISTS(select * from sys.external_data_sources where name = '''+ @environment+''')\n        CREATE EXTERNAL DATA SOURCE [' +@environment+'] WITH (\n            LOCATION = '''+ @StorageDS +''',\n            CREDENTIAL = [' + @environment + '])'\nexecute sp_executesql  @CreateExternalDataSource;\n\nIF NOT EXISTS(select * from sys.external_file_formats  where name = '_CSV_P1')\n    CREATE EXTERNAL FILE FORMAT _CSV_P1\n    WITH (  \n        FORMAT_TYPE = DELIMITEDTEXT,\n        FORMAT_OPTIONS ( FIELD_TERMINATOR = ',', STRING_DELIMITER = '\"', FIRST_ROW = 1, USE_TYPE_DEFAULT = true)\n    );\n\nIF NOT EXISTS(select * from sys.external_file_formats  where name = '_CSV_P2')\n    CREATE EXTERNAL FILE FORMAT _CSV_P2\n    WITH (  \n        FORMAT_TYPE = DELIMITEDTEXT,\n        FORMAT_OPTIONS ( FIELD_TERMINATOR = ',', STRING_DELIMITER = '\"', FIRST_ROW = 1, PARSER_VERSION = '2.0' )\n\t\t);\n\nIF NOT EXISTS(select * from sys.external_file_formats  where name = '_parquet')\n    CREATE EXTERNAL FILE FORMAT _parquet\n    WITH (  \n        FORMAT_TYPE = Parquet\n\t\t);\n\n\nIF (isNull(@entity,'') = '')\n\tBEGIN;\n\tSet @entities =(select string_agg(convert(nvarchar(max),EntityName) ,',') WITHIN GROUP (ORDER BY ID)\n\t\tFrom _cdmmetadata\n\t\twhere (FilePath like @TablesPredicate\n\t\t or FilePath like @EntitiesPredicate\n\t\t or FilePath like @ChangeFeedPredicate));\n\n\tEND;\nELSE IF (@location like  @TablesPredicate or @location like @ChangeFeedPredicate or @location like @EntitiesPredicate)\n\tset @entities = @entity;\nELSE \n \tRETURN;\n\nprint('Entities:' + @entities );\n\nDECLARE @counter int = 1\nDECLARE @recordCount int = (select count(value) from string_split(@entities, ',', 1) )\n\nprint ('EntityCount:' + convert(varchar(10), @recordCount));\nprint ('-- Loop through entities');\n\ndeclare @currentEntity varchar(200); \ndeclare @ViewDefinition varchar(max);\ndeclare @ColumnList     varchar(max);\n\nWHILE @counter <= @recordCount \nBEGIN \n\t  declare @view int = 0;\n\t  declare @EntityName nvarchar(200);\n\t  Set @EntityName =  (select value from string_split(@entities, ',', 1) where ordinal = @counter)\n\n\tIF (isNull(@entity, '') = '')\n\tBEGIN;\n\t\t\tselect top 1 \n\t\t\t@definitions = definitions, \n\t\t\t@filePath =FilePath \n\t\t\tfrom _cdmmetadata \n\t\t\tWhere EntityName = @EntityName\n\tEND;\n\t\t\n \tselect \n\t\t@currentEntity = x.EntityName,\n\t\t@location = x.DataPath,\n\t\t@ViewDefinition = x.ViewDef,\n\t\t@ColumnList =  STRING_AGG(CONVERT(NVARCHAR(max), + '[' + name + '] ' +  case    \n\t\twhen x.dataType = 'nvarchar' and x.maxLength < 0 and @parserVersion = '1.0' then 'nvarchar(max)'  \n\t\twhen x.dataType = 'nvarchar' and x.maxLength < 0 and @parserVersion = '2.0' then 'varchar(8000)'  \n\t\twhen x.datatype = 'nvarchar' then 'nvarchar(' + convert(nvarchar(10), x.maxLength) + ')'\n\t\twhen x.datatype = 'varbinary' then 'varbinary(' + convert(nvarchar(10), x.maxLength) + ')'\n\t\twhen x.datatype = 'decimal' then 'decimal(32,16)'  \n\t\telse x.datatype end) , ',')   \n\tfrom ( \n\t\t select \n\t\t\tFilePath,\n\t\t\tcase \n\t\t\t\twhen FilePath like '%ChangeFeed/%'  then '_cdc_'+  JSON_VALUE(definitions, '$[0].entityName')\n\t\t\t\telse JSON_VALUE(definitions, '$[0].entityName')\n\t\t\tend as EntityName,\n\t\t\treplace(replace(replace([FilePath], '/resolved/', '/'), '.cdm.json', ''), '-resolved', '') + '/*.csv' as DataPath,   \n\t\t\t(Select ISNULL(viewDefinition, viewDefinition1) From  OPENJSON(definitions, '$[0].exhibitsTraits') \n\t\t\t\tWITH (\n\t\t\t\t\ttraitReference NVARCHAR(100) '$.traitReference',\n\t\t\t\t\tviewDefinition nvarchar(max) '$.arguments[0].value',\n\t\t\t\t\tviewDefinition1 nvarchar(max) '$.arguments[0]'\n\t\t\t\t\t)\n\t\t\t\twhere traitReference = 'has.sqlViewDefinition') as ViewDef,\n\t\t\t\tname,   \n\t\t\t\tcase      \n\t\t\t\t\twhen datatype ='guid' then 'UNIQUEIDENTIFIER'  \n\t\t\t\t\twhen lower(name) ='_sysrowid' then 'bigint'\n\t\t\t\t\twhen datatype = 'string' and enum = 'is.constrainedList.wellKnown' then 'int'\n\t\t\t\t\twhen datatype = 'string' then 'nvarchar'\n\t\t\t\t\twhen datatype = 'int32' then 'int'   \n\t\t\t\t\twhen datatype = 'int64' then 'bigInt'    \n\t\t\t\t\twhen datatype = 'boolean' then 'bit'   \n\t\t\t\t\twhen datatype = 'double' then 'real' \n\t\t\t\t\twhen datatype = 'DateTime' and @parserVersion = '2.0' then 'DateTime2'  \n\t\t\t\t\twhen datatype = 'Time' then 'int'  \n\t\t\t\t\twhen datatype = 'Binary' then 'varbinary'  \n\t\t\t\t\telse datatype \n\t\t\t\tend as dataType,    \n\t\t\t\tcase \n\t\t\t\t\twhen datatype = 'string' and  maxLength > 4000 then -1\n\t\t\t\t\twhen datatype = 'string' and lower(name) ='lsn' then 60\n\t\t\t\t\twhen datatype = 'string' and lower(name) = 'start_lsn' then 60\n\t\t\t\t\twhen datatype = 'string' and lower(name) = 'seq_val' then 60\n\t\t\t\t\twhen datatype = 'string' and lower(name) = 'dml_action' then 15\n\t\t\t\t\twhen datatype = 'string' and lower(name) = 'update_mask' then 200\n\t\t\t\t\twhen datatype = 'string' and lower(name) = 'createdby' then 20\n\t\t\t\t\twhen datatype = 'string' and lower(name) = 'modifiedby' then 20\n\t\t\t\t\twhen datatype = 'string'  and maxLength is null then 1000\n\t\t\t\t\twhen datatype = 'Binary'  and maxLength is null then 100\n\t\t\t\t\twhen datatype = 'string'  then maxLength \n\t\t\t\tend as maxLength,\n\t\t\t\tenum\n\t\t\tFrom \n\t\t\t(\n\t\t\t\tselect @definitions as definitions, @filePath as FilePath\n\t\t\t) y\n\t\t\tcross apply OPENJSON(definitions, '$[0].hasAttributes')  \n\t\t\t\tWITH (name nvarchar(200),  datatype NVARCHAR(50) '$.dataFormat' , maxLength int '$.maximumLength' \n\t\t\t\t,scale int '$.traits[0].arguments[1].value', enum nvarchar(max) '$.appliedTraits[3].traitReference')  \n\t\t) x\n\t\tgroup by x.EntityName,x.DataPath,x.ViewDef, x.FilePath\n\n\tPRINT ('Counter:' + convert(varchar(10), @counter));\n\tPRINT ('Entity:' + @currentEntity);\n\tPRINT ('Location:' + @location);\n\tSET @counter = @counter + 1\n\t\n\tDeclare @CreateObjectDDL nvarchar(max);\n\n\tIF (isNull(@ViewDefinition,'') <> '')\n\tBEGIN;  \n\t\tset @view = 1;\n\t\tdeclare @dateTimeFunct nvarchar(50) = 'SYSUTCDATETIME()';\n\n\t\tSET @CreateObjectDDL = replace(replace(replace(replace(replace(replace(replace(@ViewDefinition\n\t\t\t\t\t\t\t\t\t\t, 'CREATE VIEW ', 'CREATE OR Alter VIEW ')\n\t\t\t\t\t\t\t\t\t\t, '[dbo].GetValidFromInContextInfo()', @dateTimeFunct)\n\t\t\t\t\t\t\t\t\t\t, '[dbo].GetValidToInContextInfo()', @dateTimeFunct)\n\t\t\t\t\t\t\t\t\t\t, 'dbo.GetValidFromInContextInfo()', @dateTimeFunct)\n\t\t\t\t\t\t\t\t\t\t, 'dbo.GetValidToInContextInfo()', @dateTimeFunct)\n\t\t\t\t\t\t\t\t\t\t, 'GetValidFromInContextInfo()', @dateTimeFunct)\n\t\t\t\t\t\t\t\t\t\t, 'GetValidToInContextInfo()', @dateTimeFunct)\t\t\n\tEND;\n\tIF (@view = 0)\n\tBEGIN;\n\t\tIF (@ddlType = 'SynapseExternalTable')\n\t\t\tBEGIN;\n\t\t\t\t\n\t\t\t\tdeclare @CreateExternalTableDDL nvarchar(max) = 'If (OBJECT_ID(''{0}.{1}'') IS NOT  NULL) \tDrop external table  {0}.{1}  \n\t\t\t\tCREATE external Table {0}.{1} ({2}) WITH ( LOCATION = ''{3}'', DATA_SOURCE = [{4}], FILE_FORMAT = [{5}], TABLE_OPTIONS ={6})';\n\t\t\n\t\t\t\tset @CreateObjectDDL = replace(replace(replace(replace(replace(replace(replace(@CreateExternalTableDDL, '{0}', @schema), '{1}', @currentEntity), '{2}', @ColumnList), '{3}', @location), '{4}', @datasource), '{5}', @fileFormat), '{6}', @readOption)\n\t\t\tEND;\n\t\tELSE\n\t\t\tBEGIN;\n\t\t\t\tdeclare @CreateViewDDL nvarchar(max) = 'CREATE OR ALTER VIEW  {0}.{1}  AS SELECT cast(r.filepath(1) as varchar(100)) as [$FileName], * FROM  OPENROWSET( BULK ''{3}'',  FORMAT = ''CSV'', \n\t\t\t\tPARSER_VERSION = ''{4}'', DATA_SOURCE = ''{5}'', ROWSET_OPTIONS ={6}) WITH ({2}) as r';\n\t\t\t\tset @CreateObjectDDL = replace(replace(replace(replace(replace(replace(replace(@CreateViewDDL, '{0}', @schema), '{1}', @currentEntity), '{2}', @ColumnList), '{3}', @location), '{4}', @parserVersion), '{5}', @datasource), '{6}', @readOption)\n\t\t\tEND;\n\tEND;\n\tbegin try\n\t\texecute sp_executesql @CreateObjectDDL;\n\tend try\n\tbegin catch;\n\t\tprint  (ERROR_MESSAGE());  \n\t\tprint (@CreateObjectDDL)\n\tend catch;\n\n\tset @currentEntity = null;\nEND;","type":"Expression"}}],"logSettings":{"logDestination":"ActivityOutput"}}},{"name":"CreateMetadataView","type":"Script","dependsOn":[],"policy":{"timeout":"7.00:00:00","retry":0,"retryIntervalInSeconds":30,"secureOutput":false,"secureInput":false},"userProperties":[],"linkedServiceName":{"referenceName":"[parameters('SynapseServerlessEndpoint')]","type":"LinkedServiceReference","parameters":{"DbName":{"value":"@pipeline().parameters.DbName","type":"Expression"}}},"typeProperties":{"scripts":[{"type":"Query","text":{"value":"CREATE OR ALTER  VIEW [dbo].[_cdmmetadata] \nAS\nwith _cdm AS\n( Select \n\t\t[definitions],\n\t\t[FilePath] ,\n\t\t[Environment],\n\t\t[entities], \n\t\treplace(replace(replace([FilePath], '/resolved/', '/'), '.cdm.json', ''), '-resolved', '') + '/*.csv' as DataPath,\n\t\tcase when FilePath  like '%resolved%' then 1 else 0 end as resolved,\n\t\tcase \n\t\t\twhen FilePath like '%ChangeFeed/%'  then '_cdc_'+  JSON_VALUE(definitions, '$[0].entityName')\n\t\t\telse JSON_VALUE(definitions, '$[0].entityName')\n\t\tend as EntityName\n\tfrom Openrowset ( Bulk '@{pipeline().parameters.StorageAccount}@{replace(concat(pipeline().parameters.container,'/',pipeline().parameters.Environment), '//','/')}/metadata.parquet', Format = 'Parquet')\n \tWITH ( [definitions] [varchar](max),\n\t\t[FilePath] [varchar](1000),\n\t\t[Environment]   [varchar](1000),\n\t\t[entities] varchar(max)\n\n\t) as r\n\twhere definitions is not null\n)\nselect \nROW_NUMBER() OVER (ORDER BY FilePath DESC) as Id,\nx.[definitions],\nx.[FilePath] ,\nx.[Environment],\nx.[entities], \nx.DataPath,\nx.EntityName,\nx.resolved\n from _cdm x\ninner join \n(\n\tselect max (resolved) as resolved ,  DataPath\n\tfrom _cdm \n\tgroup by DataPath\n) y\non x.resolved = y.resolved and x.dataPath = y.datapath;\n","type":"Expression"}}]}}]}},{"name":"Target_CopyMetadata","type":"IfCondition","dependsOn":[{"activity":"Source_ReadMetadata","dependencyConditions":["Succeeded"]},{"activity":"GetAXDBDependency","dependencyConditions":["Succeeded"]}],"userProperties":[],"typeProperties":{"expression":{"value":"@and(equals(pipeline().parameters.DDLType,'SQLTable'),equals(pipeline().parameters.folderpath,null))","type":"Expression"},"ifTrueActivities":[{"name":"CopyMetadata_SQL","type":"Copy","dependsOn":[],"policy":{"timeout":"7.00:00:00","retry":0,"retryIntervalInSeconds":30,"secureOutput":false,"secureInput":false},"userProperties":[],"typeProperties":{"source":{"type":"ParquetSource","storeSettings":{"type":"AzureBlobFSReadSettings","recursive":true,"enablePartitionDiscovery":false}},"sink":{"type":"AzureSqlSink","preCopyScript":{"value":"IF  EXISTS (SELECT * FROM sys.objects WHERE object_id = OBJECT_ID(N'[dbo].[_cdmmetadata]') AND type in (N'U'))\n    Drop Table _cdmmetadata\n    \ncreate table _cdmmetadata\n(\n    [definitions] [varchar](max) NULL,\n    [FilePath] [varchar](1000) NULL,\n    [Environment]   [varchar](1000) NULL,\n    [entities] varchar(max) Null,\n    [EntityName] varchar(500) null,\n    [DataPath] varchar(1000) Null\n)","type":"Expression"},"writeBehavior":"insert","sqlWriterUseTableLock":false,"disableMetricsCollection":false},"enableStaging":false},"inputs":[{"referenceName":"metadata_parquet","type":"DatasetReference","parameters":{"container":{"value":"@pipeline().parameters.container","type":"Expression"},"folder":{"value":"@pipeline().parameters.Environment","type":"Expression"}}}],"outputs":[{"referenceName":"SqlTable","type":"DatasetReference","parameters":{"TableName":{"value":"_cdmmetadata","type":"Expression"},"DbName":{"value":"@pipeline().parameters.DbName","type":"Expression"}}}]},{"name":"CopyDependenciesData","type":"Copy","dependsOn":[],"policy":{"timeout":"7.00:00:00","retry":0,"retryIntervalInSeconds":30,"secureOutput":false,"secureInput":false},"userProperties":[],"typeProperties":{"source":{"type":"ParquetSource","storeSettings":{"type":"AzureBlobFSReadSettings","recursive":true,"enablePartitionDiscovery":false}},"sink":{"type":"AzureSqlSink","preCopyScript":{"value":"IF  EXISTS (SELECT * FROM sys.objects WHERE object_id = OBJECT_ID(N'[dbo].[_dependencies]') AND type in (N'U'))\n    Drop Table _dependencies\n    \ncreate table _dependencies\n(\n    [EntityName] varchar(500) not null,\n    [DependentTables] varchar(max) Null,\n    [DependentObjects] varchar(max) Null,\n    [MemoFields] varchar(max) Null\n)","type":"Expression"},"writeBehavior":"insert","sqlWriterUseTableLock":false,"disableMetricsCollection":false},"enableStaging":false,"translator":{"type":"TabularTranslator","typeConversion":true,"typeConversionSettings":{"allowDataTruncation":true,"treatBooleanAsNumber":false}}},"inputs":[{"referenceName":"dependecies","type":"DatasetReference","parameters":{"container":{"value":"@pipeline().parameters.container","type":"Expression"},"folder":{"value":"@pipeline().parameters.Environment","type":"Expression"}}}],"outputs":[{"referenceName":"SqlTable","type":"DatasetReference","parameters":{"TableName":"_dependencies","DbName":{"value":"@pipeline().parameters.DBName","type":"Expression"}}}]}]}},{"name":"GetAXDBDependency","type":"IfCondition","dependsOn":[],"userProperties":[],"typeProperties":{"expression":{"value":"@if(equals(pipeline().parameters.AXDB,null), false, true)","type":"Expression"},"ifTrueActivities":[{"name":"CopyEntityDependencies","type":"Copy","dependsOn":[],"policy":{"timeout":"7.00:00:00","retry":0,"retryIntervalInSeconds":30,"secureOutput":false,"secureInput":false},"userProperties":[],"typeProperties":{"source":{"type":"AzureSqlSource","sqlReaderQuery":{"value":"-----------------------------------------------BEGIN Recursive section ---------------------------------------\ndrop table if exists #myEntitiestree;\n\nWith allviews (nodeId, parentNodeId, nodeIdType, rootNode, depth) AS (\n-- 1 Anchor member - represents the list of root nodes considered with a depth of 0\t\n\tselect nv.name as nodeId,\n       CAST(null as NVARCHAR(MAX)) as parentNodeId,\n       CAST('VIEW' as nvarchar(60)) COLLATE DATABASE_DEFAULT as nodeIdType,\n\t   nv.name as rootNode,\n\t   0 as depth\n\tfrom sys.views nv\n\twhere schema_name(nv.schema_id) = 'dbo' \n\tAND nv.name in (select distinct TARGETENTITY \n\t\t\tfrom DMFENTITY \n\t\t\twhere entityType = 0)\n\tunion all\n-- 2 recursive member - represents the iteration path to navigate from a node to its parent\n--increases depth by 1 at each iteration and keeps a trace of the initial root node from the anchor member \n\tselect o.name as nodeId,\n       CAST(p.name as NVARCHAR(Max)) as parentNodeId,\n       o.type_desc COLLATE DATABASE_DEFAULT as nodeIdType,\n\t   allviews.rootNode as rootnode,\n\t   allviews.depth + 1 as depth\n\tfrom sys.sql_expression_dependencies d\n\tjoin sys.objects o\n\t\t\ton o.object_id = d.referenced_id\n\tjoin sys.objects p\n\t\t\ton p.object_id = d.referencing_id\n\tjoin allviews on allviews.nodeId = p.name\n\twhere \n\td.referenced_id is not null and \n-- 3 ending condition\n\tp.type_desc = 'VIEW' and\n\tschema_name(p.schema_id) = 'dbo' and schema_name(o.schema_id) = 'dbo'\n)\n--4 inserts the results in a temporary table for ease of use\nSelect * into #myEntitiestree from allviews ;\n\nSELECT  \n\trootNode as EntityName,\n\t(select \n\t\t\tnodeId as TableName,\n\t\t\t(select C.COLUMN_NAME, DATA_TYPE, CHARACTER_MAXIMUM_LENGTH, NUMERIC_PRECISION, NUMERIC_SCALE, K.ORDINAL_POSITION as [KEY]\n\t\t\t\tfrom INFORMATION_SCHEMA.COLUMNS C\n\t\t\t\tleft join   INFORMATION_SCHEMA.KEY_COLUMN_USAGE K\n\t\t\t\ton C.TABLE_SCHEMA = K.TABLE_SCHEMA and C.Table_Name = K.Table_Name and C.COLUMN_NAME = K.COLUMN_NAME\n\t\t\t\twhere  C.TABLE_SCHEMA = 'dbo' and C.TABLE_NAME = x.nodeId\n\t\t\t\torder by C.ORDINAL_POSITION ASC\n\t\t\t\tFor JSON Path\n\t\t\t) as Attributes\n\t\tfrom #myEntitiestree x\n\t\twhere nodeIdType = 'USER_TABLE' and x.rootNode = parent.rootNode\n\t\tgroup by nodeId \n\t\tFor JSON Path\n\t) \n\tas DependentTables,\n    (SELECT \n\t\tnodeId as objectName,\n\t\to.type_desc as [type],\n\t\tm.definition as [definition]\n\tFROM #myEntitiestree child\n\tjoin sys.objects o\n\t\ton o.schema_id = schema_id('dbo')\n\t\tand o.name COLLATE DATABASE_DEFAULT = child.nodeId COLLATE DATABASE_DEFAULT \n\t\tand o.type_desc COLLATE DATABASE_DEFAULT =  nodeIdType COLLATE DATABASE_DEFAULT\n\tleft outer join sys.sql_modules m\n\t\ton m.object_id = o.object_id  \n    WHERE \n\t\tparent.rootNode = child.RootNode \n\t\tand nodeIdType in ('VIEW', 'SQL_SCALAR_FUNCTION')\n\t\torder by nodeIdType asc, depth desc\n        FOR JSON PATH\n\t) AS DependentObjects,\n\t(SELECT  \n\t\tstring_agg(convert(nvarchar(max), name + ':' + source_column), ',') \n\t\tFROM   sys.dm_exec_describe_first_result_set (N'SELECT * from dbo.'+ rootNode , null, 1) \n\t\twhere max_length <0\n\t) as MemoFields\nFROM #myEntitiestree parent \ngroup by parent.rootNode\norder by rootNode asc","type":"Expression"},"queryTimeout":"02:00:00","partitionOption":"None"},"sink":{"type":"ParquetSink","storeSettings":{"type":"AzureBlobFSWriteSettings"},"formatSettings":{"type":"ParquetWriteSettings"}},"enableStaging":false},"inputs":[{"referenceName":"AXBD","type":"DatasetReference","parameters":{"DBName":{"value":"@pipeline().parameters.AXDB","type":"Expression"}}}],"outputs":[{"referenceName":"dependecies","type":"DatasetReference","parameters":{"container":{"value":"@pipeline().parameters.container","type":"Expression"},"folder":{"value":"@pipeline().parameters.Environment","type":"Expression"}}}]}]}}],"policy":{"elapsedTimeMetric":{},"cancelAfter":{}},"parameters":{"StorageAccount":{"type":"string","defaultValue":"https://Replaceme.dfs.core.windows.net/"},"container":{"type":"string","defaultValue":"dynamics365-financeandoperations"},"Environment":{"type":"string","defaultValue":"ReplaceMe.sandbox.operations.dynamics.com"},"DDLType":{"type":"string","defaultValue":"SQLTable"},"ParserVersion":{"type":"string","defaultValue":"2.0"},"folderpath":{"type":"string"},"filepath":{"type":"string"},"DbName":{"type":"string","defaultValue":"d365finance"},"Schema":{"type":"string","defaultValue":"dbo"},"ObjectTypes":{"type":"string","defaultValue":"Tables"},"AXDB":{"type":"string"}},"folder":{"name":"CDMUtil"},"annotations":[],"lastPublishTime":"2022-09-20T21:10:26Z"},"dependsOn":["[concat(variables('workspaceId'), '/datasets/lookupcdm_json')]","[concat(variables('workspaceId'), '/datasets/cdmjson')]","[concat(variables('workspaceId'), '/datasets/metadata_parquet')]","[concat(variables('workspaceId'), '/datasets/SqlTable')]","[concat(variables('workspaceId'), '/datasets/dependecies')]","[concat(variables('workspaceId'), '/datasets/AXBD')]"]},{"name":"[concat(parameters('workspaceName'), '/lookupcdm_json')]","type":"Microsoft.Synapse/workspaces/datasets","apiVersion":"2019-06-01-preview","properties":{"linkedServiceName":{"referenceName":"[parameters('financesynapseanalytics-WorkspaceDefaultStorage')]","type":"LinkedServiceReference"},"parameters":{"container":{"type":"string"},"file":{"type":"string"}},"annotations":[],"type":"Json","typeProperties":{"location":{"type":"AzureBlobFSLocation","fileName":{"value":"@dataset().file","type":"Expression"},"fileSystem":{"value":"@dataset().container","type":"Expression"}}},"schema":{}},"dependsOn":[]},{"name":"[concat(parameters('workspaceName'), '/cdmjson')]","type":"Microsoft.Synapse/workspaces/datasets","apiVersion":"2019-06-01-preview","properties":{"description":"Source cdm.json files","linkedServiceName":{"referenceName":"[parameters('financesynapseanalytics-WorkspaceDefaultStorage')]","type":"LinkedServiceReference"},"parameters":{"Container":{"type":"string","defaultValue":"dynamics365-financeandoperations"}},"annotations":[],"type":"Json","typeProperties":{"location":{"type":"AzureBlobFSLocation","fileSystem":{"value":"@dataset().Container","type":"Expression"}}},"schema":{"type":"object","properties":{"jsonSchemaSemanticVersion":{"type":"string"},"imports":{"type":"array","items":{"type":"object","properties":{"corpusPath":{"type":"string"},"moniker":{"type":"string"}}}},"definitions":{"type":"array","items":{"type":"object","properties":{"entityName":{"type":"string"},"exhibitsTraits":{"type":"array","items":{"type":"object","properties":{"traitReference":{"type":"string"},"arguments":{"type":"array","items":{"type":"object","properties":{"name":{"type":"string"},"value":{"type":"string"}}}}}}},"attributeContext":{"type":"object","properties":{"type":{"type":"string"},"name":{"type":"string"},"definition":{"type":"string"},"contents":{"type":"array","items":{"type":"object","properties":{"type":{"type":"string"},"name":{"type":"string"},"parent":{"type":"string"},"definition":{"type":"string"},"contents":{"type":"array","items":{"type":"string"}}}}}}},"hasAttributes":{"type":"array","items":{"type":"object","properties":{"name":{"type":"string"},"appliedTraits":{"type":"array","items":{"type":"string"}},"attributeContext":{"type":"string"},"dataFormat":{"type":"string"},"description":{"type":"string"}}}},"displayName":{"type":"string"},"description":{"type":"string"},"version":{"type":"string"}}}}}}},"dependsOn":[]},{"name":"[concat(parameters('workspaceName'), '/metadata_parquet')]","type":"Microsoft.Synapse/workspaces/datasets","apiVersion":"2019-06-01-preview","properties":{"linkedServiceName":{"referenceName":"[parameters('financesynapseanalytics-WorkspaceDefaultStorage')]","type":"LinkedServiceReference"},"parameters":{"container":{"type":"string"},"folder":{"type":"string"}},"annotations":[],"type":"Parquet","typeProperties":{"location":{"type":"AzureBlobFSLocation","fileName":"metadata.parquet","folderPath":{"value":"@dataset().folder","type":"Expression"},"fileSystem":{"value":"@dataset().container","type":"Expression"}},"compressionCodec":"snappy"},"schema":[]},"dependsOn":[]},{"name":"[concat(parameters('workspaceName'), '/SqlTable')]","type":"Microsoft.Synapse/workspaces/datasets","apiVersion":"2019-06-01-preview","properties":{"linkedServiceName":{"referenceName":"[parameters('SynapseServerlessEndpoint')]","type":"LinkedServiceReference","parameters":{"DbName":{"value":"@dataset().DbName","type":"Expression"}}},"parameters":{"TableName":{"type":"string"},"DbName":{"type":"string"}},"annotations":[],"type":"AzureSqlTable","schema":[],"typeProperties":{"schema":"dbo","table":{"value":"@dataset().TableName","type":"Expression"}}},"dependsOn":[]},{"name":"[concat(parameters('workspaceName'), '/dependecies')]","type":"Microsoft.Synapse/workspaces/datasets","apiVersion":"2019-06-01-preview","properties":{"linkedServiceName":{"referenceName":"[parameters('financesynapseanalytics-WorkspaceDefaultStorage')]","type":"LinkedServiceReference"},"parameters":{"container":{"type":"string"},"folder":{"type":"string"}},"annotations":[],"type":"Parquet","typeProperties":{"location":{"type":"AzureBlobFSLocation","fileName":"dependencies.parquet","folderPath":{"value":"@dataset().folder","type":"Expression"},"fileSystem":{"value":"@dataset().container","type":"Expression"}},"compressionCodec":"snappy"},"schema":[{"name":"definitions","type":"UTF8"},{"name":"FilePath","type":"UTF8"},{"name":"Environment","type":"UTF8"},{"name":"entities","type":"UTF8"}]},"dependsOn":[]},{"name":"[concat(parameters('workspaceName'), '/AXBD')]","type":"Microsoft.Synapse/workspaces/datasets","apiVersion":"2019-06-01-preview","properties":{"linkedServiceName":{"referenceName":"[parameters('AXDB')]","type":"LinkedServiceReference","parameters":{"DbName":{"value":"@dataset().DBName","type":"Expression"}}},"parameters":{"DBName":{"type":"string"}},"annotations":[],"type":"AzureSqlTable","schema":[],"typeProperties":{}},"dependsOn":[]}]}