{
    "$schema": "./schema.cdm.json",
    "jsonSchemaSemanticVersion": "1.0.0",
    "imports": [
        {
            "uri": "/primitives.cdm.json"
        }
    ],
    "definitions": [
        {
            "traitName": "means.idea",
            "extendsTrait": "means"
        },
        {
            "traitName": "means.idea.account",
            "extendsTrait": "means.idea"
        },
        {
            "traitName": "means.idea.channel",
            "extendsTrait": "means.idea"
        },
        {
            "traitName": "means.idea.company",
            "extendsTrait": "means.idea"
        },
        {
            "traitName": "means.idea.customer",
            "extendsTrait": "means.idea"
        },
        {
            "traitName": "means.idea.person",
            "extendsTrait": "means.idea"
        },
        {
            "traitName": "means.idea.person.contact",
            "extendsTrait": "means.idea.person"
        },
        {
            "traitName": "means.idea.person.employee",
            "extendsTrait": "means.idea.person"
        },
        {
            "traitName": "means.idea.person.representative",
            "extendsTrait": "means.idea.person"
        },
        {
            "traitName": "means.idea.organization",
            "extendsTrait": "means.idea"
        },
        {
            "traitName": "means.idea.organization.unit",
            "extendsTrait": "means.idea"
        },
        {
            "traitName": "means.idea.product",
            "extendsTrait": "means.idea"
        },
        {
            "traitName": "means.idea.project",
            "extendsTrait": "means.idea"
        },
        {
            "traitName": "means.idea.promotion",
            "extendsTrait": "means.idea"
        },
        {
            "traitName": "means.idea.scenario",
            "extendsTrait": "means.idea"
        },
        {
            "traitName": "means.idea.schedule",
            "extendsTrait": "means.idea"
        },
        {
            "traitName": "means.idea.service ",
            "extendsTrait": "means.idea"
        },
        {
            "traitName": "means.idea.utility",
            "extendsTrait": "means.idea"
        },
        {
            "traitName": "means.category",
            "extendsTrait": "means"
        },
        {
            "traitName": "means.relationship",
            "extendsTrait": "means"
        },
        {
            "traitName": "means.relationship.parent",
            "extendsTrait": "means.relationship"
        },
        {
            "traitName": "means.relationship.child",
            "extendsTrait": "means.relationship"
        },

        {
            "traitName": "means.reference",
            "extendsTrait": "means"
        },
        {
            "traitName": "means.reference.caption",
            "extendsTrait": "means.reference"
        },
        {
            "traitName": "means.reference.displayText",
            "extendsTrait": "means.reference"
        },
        {
            "traitName": "means.reference.description",
            "extendsTrait": "means.reference"
        },
        {
            "traitName": "means.reference.definition",
            "extendsTrait": "means.reference"
        },
        {
            "traitName": "means.reference.phonetic",
            "extendsTrait": "means.reference"
        },
        {
            "traitName": "means.reference.regarding",
            "extendsTrait": "means.reference"
        },
        {
            "traitName": "means.reference.URL",
            "extendsTrait": "means.reference"
        },
        {
            "traitName": "means.reference.URL.image",
            "extendsTrait": "means.reference.URL"
        },
        {
            "traitName": "means.reference.language",
            "extendsTrait": "means.reference"
        },
        {
            "traitName": "means.reference.language.tag",
            "extendsTrait": "means.reference.language"
        },
        {
            "dataTypeName": "language",
            "extendsDataType": "string",
            "explanation": "a language identifier",
            "exhibitsTraits": [
                "means.reference.language"
            ]
        },
        {
            "dataTypeName": "languageTag",
            "extendsDataType": "string",
            "explanation": "a BCP 47 language tag",
            "exhibitsTraits": [
                "means.reference.language.tag"
            ]
        },
        {
            "dataTypeName": "localizedDisplayText",
            "extendsDataType": "string",
            "exhibitsTraits": [
                "means.reference.displayText"
            ]
        },
        {
            "dataTypeName": "localizedDisplayTextMultiple",
            "extendsDataType": "localizedDisplayText",
            "exhibitsTraits": [
                "means.content.text.CSV"
            ]
        },
        {
            "dataTypeName": "url",
            "extendsDataType": "string",
            "exhibitsTraits": [
                "means.reference.URL"
            ]
        }
   ]
}