{"commitInfo":{"operation":"Update","engineInfo":"Mashup Engine/2.127.933.0","additionalCommitInfo":null}}
{"add":{"path":"8fb2bd65159a46dcbeb23aeb31ab0f9c.parquet","partitionValues":{},"size":164170,"modificationTime":1710627120628,"dataChange":true,"stats":"{\"numRecords\":1557,\"minValues\":{\"BUSINESSACTIVITY_SA\":\"\",\"BUSINESSACTIVITYDESC_SA\":\"\",\"FILENUMBER_SA\":\"\",\"COMPANYNAFCODE\":0.0,\"BUSINESSNUMBER_CA\":\"\",\"SOFTWAREIDENTIFICATIONCODE_CA\":\"\",\"FISCALCODE_IT\":\"\",\"COMPANYTYPE_MX\":0.0,\"RFC_MX\":\"\",\"CURP_MX\":\"\",\"STATEINSCRIPTION_MX\":\"\",\"LEGALNATURE_IT\":0.0,\"BANK\":\"\",\"GIRO\":\"\",\"REGNUM\":\"\",\"COREGNUM\":\"\",\"VATNUM\":\"\",\"IMPORTVATNUM\":\"\",\"UPSNUM\":\"\",\"TAX1099REGNUM\":\"\",\"NAMECONTROL\":\"\",\"TCC\":\"\",\"KEY_\":0.0,\"DVRID\":\"\",\"INTRASTATCODE\":\"\",\"GIROCONTRACT\":\"\",\"GIROCONTRACTACCOUNT\":\"\",\"BRANCHID\":\"\",\"VATNUMBRANCHID\":\"\",\"IMPORTVATNUMBRANCHID\":\"\",\"ACTIVITYCODE\":\"\",\"CONVERSIONDATE\":\"1900-01-01 00:00:00.000000\",\"ADDRFORMAT\":\"\",\"COMPANYREGCOMFR\":\"\",\"PACKMATERIALFEELICENSENUM\":\"\",\"PAYMROUTINGDNB\":\"\",\"PAYMTRADERNUMBER\":\"\",\"ISSUINGSIGNATURE\":\"\",\"SIACODE\":\"\",\"BANKCENTRALBANKPURPOSECODE\":\"\",\"BANKCENTRALBANKPURPOSETEXT\":\"\",\"DBA\":\"\",\"FOREIGNENTITYINDICATOR\":0.0,\"COMBINEDFEDSTATEFILER\":0.0,\"LASTFILINGINDICATOR\":0.0,\"VALIDATE1099ONENTRY\":0.0,\"LEGALFORMFR\":\"\",\"SHIPPINGCALENDARID\":\"\",\"ENTERPRISENUMBER\":\"\",\"BRANCHNUMBER\":\"\",\"CUSTOMSCUSTOMERNUMBER_FI\":\"\",\"CUSTOMSLICENSENUMBER_FI\":\"\",\"DATAAREA\":\" \",\"PLANNINGCOMPANY\":0.0,\"TAXREPRESENTATIVE\":\"\",\"ORGID\":\"\",\"BANKACCTUSEDFOR1099\":\"\",\"PAYMINSTRUCTION1\":0.0,\"PAYMINSTRUCTION2\":0.0,\"PAYMINSTRUCTION3\":0.0,\"PAYMINSTRUCTION4\":0.0,\"LEGALREPRESENTATIVENAME_MX\":\"\",\"LEGALREPRESENTATIVERFC_MX\":\"\",\"LEGALREPRESENTATIVECURP_MX\":\"\",\"FICREDITORID_DK\":\"\",\"ISCONSOLIDATIONCOMPANY\":0.0,\"ISELIMINATIONCOMPANY\":0.0,\"ACCOUNTINGPERSONNEL_JP\":\"\",\"TEMPLATEFOLDER_W\":\"\",\"COMPANYREPRESENTATIVE_JP\":\"\",\"CNAE_BR\":\"\",\"RESIDENT_W\":0.0,\"PFREGNUM_RU\":\"\",\"RALIENCORPCOUNTRY\":\"\",\"RALIENCORPNAME\":\"\",\"RFULLNAME\":\"\",\"ENTERPRISECODE\":\"\",\"COMMERCIALREGISTERSECTION\":\"\",\"COMMERCIALREGISTERINSETNUMBER\":\"\",\"COMMERCIALREGISTER\":\"\",\"FSS_RU\":\"\",\"ORGANIZATIONLEGALFORM_RU\":\"\",\"SUBORDINATECODE\":\"\",\"FSSACCOUNT_RU\":\"\",\"ACCOUNTANT_LT\":\"\",\"ACCOUNTOFFICEREFNUM\":\"\",\"BUSINESSCOMMENCEDDATE_JP\":\"1900-01-01 00:00:00.000000\",\"BUSINESSINITIALCAPITAL_JP\":0.0,\"BUSINESSITEM_JP\":\"\",\"CERTIFIEDTAXACCOUNTANT_JP\":\"\",\"CUC_IT\":\"\",\"HEAD_LT\":\"\",\"LEGALREPRESENTATIVE_JP\":\"\",\"PERSONINCHARGE_JP\":\"\",\"PRINTCORRINVOICELABEL_DE\":0.0,\"PRINTCORRINVOICELABELEFFDATE_DE\":\"1900-01-01 00:00:00.000000\",\"PRINTENTERPRISEREGISTER_NO\":0.0,\"PRINTINNKPPINADDRESS_RU\":0.0,\"TAXAUTHORITY_RU\":\"\",\"ORGANIZATIONTYPE\":0.0,\"OMOPERATINGUNITTYPE\":0.0,\"HCMWORKER\":0.0,\"OMOPERATINGUNITNUMBER\":\" \",\"INITIALS\":\"\",\"CHILDRENNAMES\":\"\",\"MARITALSTATUS\":0.0,\"HOBBIES\":\"\",\"GENDER\":0.0,\"NAMESEQUENCE\":0.0,\"PHONETICFIRSTNAME\":\"\",\"PHONETICMIDDLENAME\":\"\",\"PHONETICLASTNAME\":\"\",\"PERSONALTITLE\":0.0,\"PERSONALSUFFIX\":0.0,\"PROFESSIONALTITLE\":\"\",\"PROFESSIONALSUFFIX\":\"\",\"BIRTHMONTH\":0.0,\"BIRTHDAY\":0.0,\"BIRTHYEAR\":0.0,\"ANNIVERSARYMONTH\":0.0,\"ANNIVERSARYDAY\":0.0,\"ANNIVERSARYYEAR\":0.0,\"COMMUNICATORSIGNIN\":0.0,\"NUMBEROFEMPLOYEES\":0.0,\"ORGNUMBER\":\"\",\"ABC\":0.0,\"TEAMMEMBERSHIPCRITERION\":0.0,\"DESCRIPTION\":\" \",\"ISACTIVE\":0.0,\"TEAMADMINISTRATOR\":\"\",\"PHONETICNAME\":\"\",\"DUNSNUMBERRECID\":0.0,\"NAME\":\"A. Dantum Brasil Ltda\",\"LANGUAGEID\":\"\",\"NAMEALIAS\":\"A. Dantum Brasil Ltd\",\"PARTYNUMBER\":\"000000002\",\"INSTANCERELATIONTYPE\":41.0,\"KNOWNAS\":\"\",\"PRIMARYADDRESSLOCATION\":0.0,\"PRIMARYCONTACTEMAIL\":0.0,\"PRIMARYCONTACTFAX\":0.0,\"PRIMARYCONTACTPHONE\":0.0,\"PRIMARYCONTACTTELEX\":0.0,\"PRIMARYCONTACTURL\":0.0,\"MODIFIEDDATETIME\":\"2009-01-02 08:34:02.000000\",\"MODIFIEDBY\":\"ALICIA\",\"CREATEDDATETIME\":\"2009-01-02 08:34:01.000000\",\"CREATEDBY\":\"ALICIA\",\"RECVERSION\":0.0,\"RELATIONTYPE\":0.0,\"PARTITION\":5637144576.0,\"RECID\":5637144578.0,\"EEENABLEPERSONALDATAREADLOG\":0.0,\"EEENABLEROLECHANGELOG\":0.0,\"TAXREGIMECODE_MX\":\"\"},\"maxValues\":{\"BUSINESSACTIVITY_SA\":\" \",\"BUSINESSACTIVITYDESC_SA\":\" \",\"FILENUMBER_SA\":\" \",\"COMPANYNAFCODE\":11290923060.0,\"BUSINESSNUMBER_CA\":\" \",\"SOFTWAREIDENTIFICATIONCODE_CA\":\" \",\"FISCALCODE_IT\":\" \",\"COMPANYTYPE_MX\":1.0,\"RFC_MX\":\"MME910620Q85\",\"CURP_MX\":\" \",\"STATEINSCRIPTION_MX\":\" \",\"LEGALNATURE_IT\":0.0,\"BANK\":\"USSI OPER\",\"GIRO\":\" \",\"REGNUM\":\" \",\"COREGNUM\":\"TRN0292939\",\"VATNUM\":\"FR900200300\",\"IMPORTVATNUM\":\"FR900200300\",\"UPSNUM\":\" \",\"TAX1099REGNUM\":\"999999999\",\"NAMECONTROL\":\" \",\"TCC\":\" \",\"KEY_\":0.0,\"DVRID\":\"DVR99009900123\",\"INTRASTATCODE\":\" \",\"GIROCONTRACT\":\" \",\"GIROCONTRACTACCOUNT\":\" \",\"BRANCHID\":\" \",\"VATNUMBRANCHID\":\" \",\"IMPORTVATNUMBRANCHID\":\" \",\"ACTIVITYCODE\":\" \",\"CONVERSIONDATE\":\"1900-01-01 00:00:00.000000\",\"ADDRFORMAT\":\" \",\"COMPANYREGCOMFR\":\"10020090011235\",\"PACKMATERIALFEELICENSENUM\":\"ARA1818289293\",\"PAYMROUTINGDNB\":\" \",\"PAYMTRADERNUMBER\":\" \",\"ISSUINGSIGNATURE\":\" \",\"SIACODE\":\" \",\"BANKCENTRALBANKPURPOSECODE\":\" \",\"BANKCENTRALBANKPURPOSETEXT\":\" \",\"DBA\":\" \",\"FOREIGNENTITYINDICATOR\":0.0,\"COMBINEDFEDSTATEFILER\":0.0,\"LASTFILINGINDICATOR\":0.0,\"VALIDATE1099ONENTRY\":0.0,\"LEGALFORMFR\":\"SARL\",\"SHIPPINGCALENDARID\":\" \",\"ENTERPRISENUMBER\":\" \",\"BRANCHNUMBER\":\" \",\"CUSTOMSCUSTOMERNUMBER_FI\":\" \",\"CUSTOMSLICENSENUMBER_FI\":\" \",\"DATAAREA\":\"us01\",\"PLANNINGCOMPANY\":0.0,\"TAXREPRESENTATIVE\":\" \",\"ORGID\":\" \",\"BANKACCTUSEDFOR1099\":\" \",\"PAYMINSTRUCTION1\":0.0,\"PAYMINSTRUCTION2\":0.0,\"PAYMINSTRUCTION3\":0.0,\"PAYMINSTRUCTION4\":0.0,\"LEGALREPRESENTATIVENAME_MX\":\" \",\"LEGALREPRESENTATIVERFC_MX\":\" \",\"LEGALREPRESENTATIVECURP_MX\":\" \",\"FICREDITORID_DK\":\" \",\"ISCONSOLIDATIONCOMPANY\":1.0,\"ISELIMINATIONCOMPANY\":1.0,\"ACCOUNTINGPERSONNEL_JP\":\"Sachin\",\"TEMPLATEFOLDER_W\":\" \",\"COMPANYREPRESENTATIVE_JP\":\"Phil\",\"CNAE_BR\":\" \",\"RESIDENT_W\":0.0,\"PFREGNUM_RU\":\"087-201-834012\",\"RALIENCORPCOUNTRY\":\" \",\"RALIENCORPNAME\":\" \",\"RFULLNAME\":\"ООО Контосо Энтертейнмент Систем Рус\",\"ENTERPRISECODE\":\" \",\"COMMERCIALREGISTERSECTION\":\" \",\"COMMERCIALREGISTERINSETNUMBER\":\" \",\"COMMERCIALREGISTER\":\" \",\"FSS_RU\":\"7714008791\",\"ORGANIZATIONLEGALFORM_RU\":\"ООО\",\"SUBORDINATECODE\":\"21671\",\"FSSACCOUNT_RU\":\"RUMF-000011\",\"ACCOUNTANT_LT\":\" \",\"ACCOUNTOFFICEREFNUM\":\"123PAB674523\",\"BUSINESSCOMMENCEDDATE_JP\":\"1900-01-01 00:00:00.000000\",\"BUSINESSINITIALCAPITAL_JP\":0.0,\"BUSINESSITEM_JP\":\" \",\"CERTIFIEDTAXACCOUNTANT_JP\":\" \",\"CUC_IT\":\" \",\"HEAD_LT\":\" \",\"LEGALREPRESENTATIVE_JP\":\" \",\"PERSONINCHARGE_JP\":\" \",\"PRINTCORRINVOICELABEL_DE\":0.0,\"PRINTCORRINVOICELABELEFFDATE_DE\":\"1900-01-01 00:00:00.000000\",\"PRINTENTERPRISEREGISTER_NO\":0.0,\"PRINTINNKPPINADDRESS_RU\":0.0,\"TAXAUTHORITY_RU\":\" \",\"ORGANIZATIONTYPE\":3.0,\"OMOPERATINGUNITTYPE\":6.0,\"HCMWORKER\":22565422753.0,\"OMOPERATINGUNITNUMBER\":\"G1208\",\"INITIALS\":\"ZW\",\"CHILDRENNAMES\":\" \",\"MARITALSTATUS\":0.0,\"HOBBIES\":\" \",\"GENDER\":2.0,\"NAMESEQUENCE\":22565421179.0,\"PHONETICFIRSTNAME\":\" \",\"PHONETICMIDDLENAME\":\" \",\"PHONETICLASTNAME\":\" \",\"PERSONALTITLE\":5637144576.0,\"PERSONALSUFFIX\":0.0,\"PROFESSIONALTITLE\":\" \",\"PROFESSIONALSUFFIX\":\" \",\"BIRTHMONTH\":0.0,\"BIRTHDAY\":0.0,\"BIRTHYEAR\":0.0,\"ANNIVERSARYMONTH\":0.0,\"ANNIVERSARYDAY\":0.0,\"ANNIVERSARYYEAR\":0.0,\"COMMUNICATORSIGNIN\":22565434606.0,\"NUMBEROFEMPLOYEES\":200.0,\"ORGNUMBER\":\"3001\",\"ABC\":0.0,\"TEAMMEMBERSHIPCRITERION\":16928090029.0,\"DESCRIPTION\":\"Safety and emergency preparedness team\",\"ISACTIVE\":1.0,\"TEAMADMINISTRATOR\":\"CLAIRE\",\"PHONETICNAME\":\" \",\"DUNSNUMBERRECID\":5637144829.0,\"NAME\":\"风格设计有限公司\",\"LANGUAGEID\":\"zh-hans\",\"NAMEALIAS\":\"风格设计有限公司\",\"PARTYNUMBER\":\"{AF08AA58-D4FE-42FF-A3C3-E6DEA478075F}\",\"INSTANCERELATIONTYPE\":5329.0,\"KNOWNAS\":\"\",\"PRIMARYADDRESSLOCATION\":52565468079.0,\"PRIMARYCONTACTEMAIL\":52565436984.0,\"PRIMARYCONTACTFAX\":22565426849.0,\"PRIMARYCONTACTPHONE\":52565436983.0,\"PRIMARYCONTACTTELEX\":22565425084.0,\"PRIMARYCONTACTURL\":22565426850.0,\"MODIFIEDDATETIME\":\"2014-04-23 17:44:25.000000\",\"MODIFIEDBY\":\"svcSynch\",\"CREATEDDATETIME\":\"2014-04-23 17:44:25.000000\",\"CREATEDBY\":\"adminPSU\",\"RECVERSION\":0.0,\"RELATIONTYPE\":6886.0,\"PARTITION\":5637144578.0,\"RECID\":52565455589.0,\"EEENABLEPERSONALDATAREADLOG\":0.0,\"EEENABLEROLECHANGELOG\":0.0,\"TAXREGIMECODE_MX\":\"\"},\"nullCount\":{\"BUSINESSACTIVITY_SA\":1527,\"BUSINESSACTIVITYDESC_SA\":1527,\"FILENUMBER_SA\":1527,\"COMPANYNAFCODE\":1527,\"BUSINESSNUMBER_CA\":1527,\"SOFTWAREIDENTIFICATIONCODE_CA\":1527,\"FISCALCODE_IT\":1527,\"COMPANYTYPE_MX\":1527,\"RFC_MX\":1527,\"CURP_MX\":1527,\"STATEINSCRIPTION_MX\":1527,\"LEGALNATURE_IT\":1527,\"BANK\":1527,\"GIRO\":1527,\"REGNUM\":1527,\"COREGNUM\":1527,\"VATNUM\":1527,\"IMPORTVATNUM\":1527,\"UPSNUM\":1527,\"TAX1099REGNUM\":1527,\"NAMECONTROL\":1527,\"TCC\":1527,\"KEY_\":1527,\"DVRID\":1527,\"INTRASTATCODE\":1527,\"GIROCONTRACT\":1527,\"GIROCONTRACTACCOUNT\":1527,\"BRANCHID\":1527,\"VATNUMBRANCHID\":1527,\"IMPORTVATNUMBRANCHID\":1527,\"ACTIVITYCODE\":1527,\"CONVERSIONDATE\":1527,\"ADDRFORMAT\":1527,\"COMPANYREGCOMFR\":1527,\"PACKMATERIALFEELICENSENUM\":1527,\"PAYMROUTINGDNB\":1527,\"PAYMTRADERNUMBER\":1527,\"ISSUINGSIGNATURE\":1527,\"SIACODE\":1527,\"BANKCENTRALBANKPURPOSECODE\":1527,\"BANKCENTRALBANKPURPOSETEXT\":1527,\"DBA\":1527,\"FOREIGNENTITYINDICATOR\":1527,\"COMBINEDFEDSTATEFILER\":1527,\"LASTFILINGINDICATOR\":1527,\"VALIDATE1099ONENTRY\":1527,\"LEGALFORMFR\":1527,\"SHIPPINGCALENDARID\":1527,\"ENTERPRISENUMBER\":1527,\"BRANCHNUMBER\":1527,\"CUSTOMSCUSTOMERNUMBER_FI\":1527,\"CUSTOMSLICENSENUMBER_FI\":1527,\"DATAAREA\":1527,\"PLANNINGCOMPANY\":1527,\"TAXREPRESENTATIVE\":1527,\"ORGID\":1527,\"BANKACCTUSEDFOR1099\":1527,\"PAYMINSTRUCTION1\":1527,\"PAYMINSTRUCTION2\":1527,\"PAYMINSTRUCTION3\":1527,\"PAYMINSTRUCTION4\":1527,\"LEGALREPRESENTATIVENAME_MX\":1527,\"LEGALREPRESENTATIVERFC_MX\":1527,\"LEGALREPRESENTATIVECURP_MX\":1527,\"FICREDITORID_DK\":1527,\"ISCONSOLIDATIONCOMPANY\":1527,\"ISELIMINATIONCOMPANY\":1527,\"ACCOUNTINGPERSONNEL_JP\":1527,\"TEMPLATEFOLDER_W\":1527,\"COMPANYREPRESENTATIVE_JP\":1527,\"CNAE_BR\":1527,\"RESIDENT_W\":1527,\"PFREGNUM_RU\":160,\"RALIENCORPCOUNTRY\":1527,\"RALIENCORPNAME\":1527,\"RFULLNAME\":1527,\"ENTERPRISECODE\":1527,\"COMMERCIALREGISTERSECTION\":1527,\"COMMERCIALREGISTERINSETNUMBER\":1527,\"COMMERCIALREGISTER\":1527,\"FSS_RU\":160,\"ORGANIZATIONLEGALFORM_RU\":160,\"SUBORDINATECODE\":160,\"FSSACCOUNT_RU\":160,\"ACCOUNTANT_LT\":1527,\"ACCOUNTOFFICEREFNUM\":1527,\"BUSINESSCOMMENCEDDATE_JP\":160,\"BUSINESSINITIALCAPITAL_JP\":160,\"BUSINESSITEM_JP\":160,\"CERTIFIEDTAXACCOUNTANT_JP\":160,\"CUC_IT\":160,\"HEAD_LT\":1527,\"LEGALREPRESENTATIVE_JP\":160,\"PERSONINCHARGE_JP\":160,\"PRINTCORRINVOICELABEL_DE\":160,\"PRINTCORRINVOICELABELEFFDATE_DE\":160,\"PRINTENTERPRISEREGISTER_NO\":1530,\"PRINTINNKPPINADDRESS_RU\":1527,\"TAXAUTHORITY_RU\":1527,\"ORGANIZATIONTYPE\":1282,\"OMOPERATINGUNITTYPE\":1313,\"HCMWORKER\":1313,\"OMOPERATINGUNITNUMBER\":1313,\"INITIALS\":811,\"CHILDRENNAMES\":811,\"MARITALSTATUS\":811,\"HOBBIES\":811,\"GENDER\":811,\"NAMESEQUENCE\":811,\"PHONETICFIRSTNAME\":811,\"PHONETICMIDDLENAME\":811,\"PHONETICLASTNAME\":811,\"PERSONALTITLE\":811,\"PERSONALSUFFIX\":811,\"PROFESSIONALTITLE\":811,\"PROFESSIONALSUFFIX\":811,\"BIRTHMONTH\":811,\"BIRTHDAY\":811,\"BIRTHYEAR\":811,\"ANNIVERSARYMONTH\":811,\"ANNIVERSARYDAY\":811,\"ANNIVERSARYYEAR\":811,\"COMMUNICATORSIGNIN\":811,\"NUMBEROFEMPLOYEES\":1013,\"ORGNUMBER\":1013,\"ABC\":1013,\"TEAMMEMBERSHIPCRITERION\":1548,\"DESCRIPTION\":1548,\"ISACTIVE\":1548,\"TEAMADMINISTRATOR\":1548,\"PHONETICNAME\":742,\"DUNSNUMBERRECID\":742,\"NAME\":0,\"LANGUAGEID\":0,\"NAMEALIAS\":0,\"PARTYNUMBER\":0,\"INSTANCERELATIONTYPE\":0,\"KNOWNAS\":0,\"PRIMARYADDRESSLOCATION\":0,\"PRIMARYCONTACTEMAIL\":0,\"PRIMARYCONTACTFAX\":0,\"PRIMARYCONTACTPHONE\":0,\"PRIMARYCONTACTTELEX\":0,\"PRIMARYCONTACTURL\":0,\"MODIFIEDDATETIME\":0,\"MODIFIEDBY\":0,\"CREATEDDATETIME\":0,\"CREATEDBY\":0,\"RECVERSION\":0,\"RELATIONTYPE\":0,\"PARTITION\":0,\"RECID\":0,\"EEENABLEPERSONALDATAREADLOG\":1530,\"EEENABLEROLECHANGELOG\":1530,\"TAXREGIMECODE_MX\":1530}}","tags":{"VORDER":"true"}}}
