{"protocol":{"minReaderVersion":1,"minWriterVersion":2,"readerFeatures":null,"writerFeatures":null}}
{"metaData":{"id":"eb8b101c-42d1-4adb-a594-c0b75b149ed0","format":{"provider":"parquet","options":{}},"schemaString":"{\"type\":\"struct\",\"fields\":[{\"name\":\"CUSTGROUP\",\"type\":\"string\",\"nullable\":true,\"metadata\":{}},{\"name\":\"NAME\",\"type\":\"string\",\"nullable\":true,\"metadata\":{}},{\"name\":\"CLEARINGPERIOD\",\"type\":\"string\",\"nullable\":true,\"metadata\":{}},{\"name\":\"PAYMTERMID\",\"type\":\"string\",\"nullable\":true,\"metadata\":{}},{\"name\":\"TAXGROUPID\",\"type\":\"string\",\"nullable\":true,\"metadata\":{}},{\"name\":\"BANKCUSTPAYMIDTABLE\",\"type\":\"long\",\"nullable\":true,\"metadata\":{}},{\"name\":\"PRICEINCLUDESALESTAX\",\"type\":\"integer\",\"nullable\":true,\"metadata\":{}},{\"name\":\"DEFAULTDIMENSION\",\"type\":\"long\",\"nullable\":true,\"metadata\":{}},{\"name\":\"TAXPERIODPAYMENTCODE_PL\",\"type\":\"string\",\"nullable\":true,\"metadata\":{}},{\"name\":\"DATAAREAID\",\"type\":\"string\",\"nullable\":true,\"metadata\":{}},{\"name\":\"RECVERSION\",\"type\":\"integer\",\"nullable\":true,\"metadata\":{}},{\"name\":\"PARTITION\",\"type\":\"long\",\"nullable\":true,\"metadata\":{}},{\"name\":\"RECID\",\"type\":\"long\",\"nullable\":true,\"metadata\":{}},{\"name\":\"FLOATVALUE\",\"type\":\"decimal(34,6)\",\"nullable\":true,\"metadata\":{}},{\"name\":\"MYCUSTADDRESS\",\"type\":\"string\",\"nullable\":true,\"metadata\":{}},{\"name\":\"MYPHONENUMBER\",\"type\":\"string\",\"nullable\":true,\"metadata\":{}}]}","partitionColumns":[],"createdTime":1710627111300,"configuration":{}}}
{"commitInfo":{"operation":"ReplaceTable","engineInfo":"Mashup Engine/2.127.933.0","additionalCommitInfo":null}}
{"add":{"path":"8483f55e4ce04bde95a9bdb0a495941f.parquet","partitionValues":{},"size":744,"modificationTime":1710627113050,"dataChange":true,"stats":"{\"numRecords\":0,\"minValues\":{},\"maxValues\":{},\"nullCount\":{}}","tags":{"VORDER":"true"}}}
