{"metaData":{"id":"0ef232dd-5018-4e34-924b-04d909085c46","format":{"provider":"parquet","options":{}},"schemaString":"{\"type\":\"struct\",\"fields\":[{\"name\":\"CUSTGROUP\",\"type\":\"string\",\"nullable\":true,\"metadata\":{}},{\"name\":\"NAME\",\"type\":\"string\",\"nullable\":true,\"metadata\":{}},{\"name\":\"CLEARINGPERIOD\",\"type\":\"string\",\"nullable\":true,\"metadata\":{}},{\"name\":\"PAYMTERMID\",\"type\":\"string\",\"nullable\":true,\"metadata\":{}},{\"name\":\"TAXGROUPID\",\"type\":\"string\",\"nullable\":true,\"metadata\":{}},{\"name\":\"BANKCUSTPAYMIDTABLE\",\"type\":\"long\",\"nullable\":true,\"metadata\":{}},{\"name\":\"PRICEINCLUDESALESTAX\",\"type\":\"integer\",\"nullable\":true,\"metadata\":{}},{\"name\":\"DEFAULTDIMENSION\",\"type\":\"long\",\"nullable\":true,\"metadata\":{}},{\"name\":\"TAXPERIODPAYMENTCODE_PL\",\"type\":\"string\",\"nullable\":true,\"metadata\":{}},{\"name\":\"DATAAREAID\",\"type\":\"string\",\"nullable\":true,\"metadata\":{}},{\"name\":\"RECVERSION\",\"type\":\"integer\",\"nullable\":true,\"metadata\":{}},{\"name\":\"PARTITION\",\"type\":\"long\",\"nullable\":true,\"metadata\":{}},{\"name\":\"RECID\",\"type\":\"long\",\"nullable\":true,\"metadata\":{}},{\"name\":\"FLOATVALUE\",\"type\":\"decimal(34,6)\",\"nullable\":true,\"metadata\":{}},{\"name\":\"MYCUSTADDRESS\",\"type\":\"string\",\"nullable\":true,\"metadata\":{}},{\"name\":\"MYPHONENUMBER\",\"type\":\"string\",\"nullable\":true,\"metadata\":{}}]}","partitionColumns":[],"createdTime":1710680872410,"configuration":{}}}
{"protocol":{"minReaderVersion":1,"minWriterVersion":2,"readerFeatures":null,"writerFeatures":null}}
{"commitInfo":{"operation":"ReplaceTable","engineInfo":"Mashup Engine/2.127.933.0","additionalCommitInfo":null}}
{"remove":{"path":"8483f55e4ce04bde95a9bdb0a495941f.parquet","deletionTimestamp":1710680872394,"dataChange":true,"extendedFileMetadata":false,"partitionValues":{},"size":744,"tags":{"VORDER":"true"}}}
{"remove":{"path":"92e353e123144a7191fb3608bde01145.parquet","deletionTimestamp":1710680872394,"dataChange":true,"extendedFileMetadata":false,"partitionValues":{},"size":8342,"tags":{"VORDER":"true"}}}
{"add":{"path":"71c4f30624114d26bf5675891cc23943.parquet","partitionValues":{},"size":744,"modificationTime":1710680873878,"dataChange":true,"stats":"{\"numRecords\":0,\"minValues\":{},\"maxValues\":{},\"nullCount\":{}}","tags":{"VORDER":"true"}}}
{"add":{"path":"f2916c638a6b4a8a8b75adc1cb1be4e8.parquet","partitionValues":{},"size":8342,"modificationTime":1710680875504,"dataChange":true,"stats":"{\"numRecords\":95,\"minValues\":{\"CUSTGROUP\":\"010\",\"NAME\":\"\",\"CLEARINGPERIOD\":\"\",\"PAYMTERMID\":\"\",\"TAXGROUPID\":\"\",\"BANKCUSTPAYMIDTABLE\":0.0,\"PRICEINCLUDESALESTAX\":0.0,\"DEFAULTDIMENSION\":0.0,\"TAXPERIODPAYMENTCODE_PL\":\"\",\"DATAAREAID\":\"brmf\",\"RECVERSION\":0.0,\"PARTITION\":5637144576.0,\"RECID\":22565421176.0,\"FLOATVALUE\":0.0,\"MYCUSTADDRESS\":\"\",\"MYPHONENUMBER\":\"\"},\"maxValues\":{\"CUSTGROUP\":\"Физик\",\"NAME\":\"零售店\",\"CLEARINGPERIOD\":\"Net7\",\"PAYMTERMID\":\"Net30\",\"TAXGROUPID\":\"НДС\",\"BANKCUSTPAYMIDTABLE\":0.0,\"PRICEINCLUDESALESTAX\":0.0,\"DEFAULTDIMENSION\":0.0,\"TAXPERIODPAYMENTCODE_PL\":\"\",\"DATAAREAID\":\"ussi\",\"RECVERSION\":1624594792.0,\"PARTITION\":5637144577.0,\"RECID\":22565424720.0,\"FLOATVALUE\":99.0,\"MYCUSTADDRESS\":\"\",\"MYPHONENUMBER\":\"\"},\"nullCount\":{\"CUSTGROUP\":0,\"NAME\":0,\"CLEARINGPERIOD\":0,\"PAYMTERMID\":0,\"TAXGROUPID\":0,\"BANKCUSTPAYMIDTABLE\":0,\"PRICEINCLUDESALESTAX\":0,\"DEFAULTDIMENSION\":0,\"TAXPERIODPAYMENTCODE_PL\":0,\"DATAAREAID\":0,\"RECVERSION\":0,\"PARTITION\":0,\"RECID\":0,\"FLOATVALUE\":0,\"MYCUSTADDRESS\":0,\"MYPHONENUMBER\":0}}","tags":{"VORDER":"true"}}}
