{"protocol":{"minReaderVersion":1,"minWriterVersion":2,"readerFeatures":null,"writerFeatures":null}}
{"metaData":{"id":"25eb169f-e951-41a7-9e8c-ce6ca72737fe","format":{"provider":"parquet","options":{}},"schemaString":"{\"type\":\"struct\",\"fields\":[{\"name\":\"ENUMITEMVALUE\",\"type\":\"integer\",\"nullable\":true,\"metadata\":{}},{\"name\":\"ENUMITEMLABEL\",\"type\":\"string\",\"nullable\":true,\"metadata\":{}},{\"name\":\"LANGUAGEID\",\"type\":\"string\",\"nullable\":true,\"metadata\":{}},{\"name\":\"ENUMNAME\",\"type\":\"string\",\"nullable\":true,\"metadata\":{}},{\"name\":\"ENUMITEMNAME\",\"type\":\"string\",\"nullable\":true,\"metadata\":{}},{\"name\":\"RECVERSION\",\"type\":\"integer\",\"nullable\":true,\"metadata\":{}},{\"name\":\"RECID\",\"type\":\"long\",\"nullable\":true,\"metadata\":{}}]}","partitionColumns":[],"createdTime":1710682568557,"configuration":{}}}
{"commitInfo":{"operation":"ReplaceTable","engineInfo":"Mashup Engine/2.127.933.0","additionalCommitInfo":null}}
{"add":{"path":"bb64e6c9dc47481fb690df88e9db280d.parquet","partitionValues":{},"size":455,"modificationTime":1710682569479,"dataChange":true,"stats":"{\"numRecords\":0,\"minValues\":{},\"maxValues\":{},\"nullCount\":{}}","tags":{"VORDER":"true"}}}
