﻿<?xml version="1.0" encoding="utf-8"?>
<ImportExportXml version="8.2.0001.0148" SolutionPackageVersion="8.2" languagecode="1033" generatedBy="OnPremise" xmlns:xsi="http://www.w3.org/2001/XMLSchema-instance">
  <SolutionManifest>
    <UniqueName>PSAOPSIntegration</UniqueName>
    <LocalizedNames>
      <LocalizedName description="PSA\OPS Integration" languagecode="1033" />
      <LocalizedName description="تكامل PSA\OPS" languagecode="1025" />
      <LocalizedName description="Интеграция с PSA\OPS" languagecode="1026" />
      <LocalizedName description="Integració de PSA\OPS" languagecode="1027" />
      <LocalizedName description="Integrace PSA\OPS" languagecode="1029" />
      <LocalizedName description="PSA\OPS-integration" languagecode="1030" />
      <LocalizedName description="PSA-\OPS-Integration" languagecode="1031" />
      <LocalizedName description="Ενοποίηση PSA\OPS" languagecode="1032" />
      <LocalizedName description="Integración de PSA\OPS" languagecode="3082" />
      <LocalizedName description="PSA\OPS-i integratsioon" languagecode="1061" />
      <LocalizedName description="PSA\OPS integrazioa" languagecode="1069" />
      <LocalizedName description="PSA\OPS-integrointi" languagecode="1035" />
      <LocalizedName description="Intégration de PSA\OPS" languagecode="1036" />
      <LocalizedName description="Integración de PSA\OPS" languagecode="1110" />
      <LocalizedName description="שילוב PSA\OPS" languagecode="1037" />
      <LocalizedName description="PSA\OPS एकीकरण" languagecode="1081" />
      <LocalizedName description="Integracija PSA\OPS" languagecode="1050" />
      <LocalizedName description="PSA\OPS integráció" languagecode="1038" />
      <LocalizedName description="Integrasi PSA\OPS" languagecode="1057" />
      <LocalizedName description="Integrazione PSA\OPS" languagecode="1040" />
      <LocalizedName description="PSA\OPS 統合" languagecode="1041" />
      <LocalizedName description="PSA\OPS біріктіруі" languagecode="1087" />
      <LocalizedName description="PSA\OPS 통합" languagecode="1042" />
      <LocalizedName description="PSA\OPS integravimas" languagecode="1063" />
      <LocalizedName description="PSA\OPS integrācija" languagecode="1062" />
      <LocalizedName description="Integrasi PSA\OPS" languagecode="1086" />
      <LocalizedName description="PSA\OPS-integrering" languagecode="1044" />
      <LocalizedName description="PSA\OPS-integrati" languagecode="1043" />
      <LocalizedName description="Integracja rozwiązań PSA\OPS" languagecode="1045" />
      <LocalizedName description="Integração do PSA\OPS" languagecode="1046" />
      <LocalizedName description="Integração do PSA\OPS" languagecode="2070" />
      <LocalizedName description="Integrare PSA\OPS" languagecode="1048" />
      <LocalizedName description="Интеграция PSA\OPS" languagecode="1049" />
      <LocalizedName description="Integrácia PSA\OPS" languagecode="1051" />
      <LocalizedName description="Integracija PSA\OPS" languagecode="1060" />
      <LocalizedName description="PSA\OPS интеграција" languagecode="10266" />
      <LocalizedName description="PSA\OPS integracija" languagecode="9242" />
      <LocalizedName description="PSA\OPS-integrering" languagecode="1053" />
      <LocalizedName description="การรวม PSA\OPS" languagecode="1054" />
      <LocalizedName description="PSA\OPS Tümleştirmesi" languagecode="1055" />
      <LocalizedName description="Інтеграція з PSA\OPS" languagecode="1058" />
      <LocalizedName description="Tích hợp PSA\OPS" languagecode="1066" />
      <LocalizedName description="PSA\OPS 集成" languagecode="2052" />
      <LocalizedName description="PSA\OPS 整合" languagecode="3076" />
      <LocalizedName description="PSA\OPS 整合" languagecode="1028" />
    </LocalizedNames>
    <Descriptions>
      <Description description="Prospect to Cash with Project Service" languagecode="1033" />
      <Description description="العميل المحتمل للنقدية في Project Service" languagecode="1025" />
      <Description description="„Перспективно лице към каса“ с Project Service" languagecode="1026" />
      <Description description="Donant potencial a Efectiu amb el Project Service" languagecode="1027" />
      <Description description="Prospect to Cash s aplikací Project Service" languagecode="1029" />
      <Description description="Kundeemne til kontant med Project Service" languagecode="1030" />
      <Description description="Interessent auf Bar mit Project Service" languagecode="1031" />
      <Description description="Υποψήφιος σε μετρητά με το Project Service" languagecode="1032" />
      <Description description="Posible interesado en efectivo con Project Service" languagecode="3082" />
      <Description description="Potentsiaalne klient tasumiseks Project Service’i abil" languagecode="1061" />
      <Description description="Laguntzaile potentziala eskudiru bihurtzea Project Service-kin" languagecode="1069" />
      <Description description="Prospektista käteismaksuksi Project Servicessä" languagecode="1035" />
      <Description description="Prospect en Espèces avec Project Service" languagecode="1036" />
      <Description description="Posible interesado a xeración de ingresos con Project Service" languagecode="1110" />
      <Description description="‏‫'מאיש קשר פוטנציאלי‬ לתשלום'‬ באמצעות Project Service" languagecode="1037" />
      <Description description="Project Service के साथ नकद की संभावना" languagecode="1081" />
      <Description description="Od potencijalnog klijenta do gotovine uz Project Service" languagecode="1050" />
      <Description description="Prospect to Cash a Project Service használatával" languagecode="1038" />
      <Description description="Prospek Menjadi Uang Tunai dengan Project Service" languagecode="1057" />
      <Description description="Da prospect a incasso con Project Service" languagecode="1040" />
      <Description description="Prospect to Cash と Project Service" languagecode="1041" />
      <Description description="Project Service қызметімен төлейтін әлеуетті тұтынушы" languagecode="1087" />
      <Description description="Project Service를 사용하여 잠재 고객의 현금화" languagecode="1042" />
      <Description description="Potencialaus kliento plėtotė į pinigus naudojant „Project Service“" languagecode="1063" />
      <Description description="Paredzamā ziedotāja statusa maiņa uz Skaidra nauda, izmantojot Project Service" languagecode="1062" />
      <Description description="Prospect to Cash dengan Project Service" languagecode="1086" />
      <Description description="Emne til kontant med Project Service" languagecode="1044" />
      <Description description="Van potentiële klant naar contanten met Project Service" languagecode="1043" />
      <Description description="Projekt Od potencjalnego klienta do środków pieniężnych w rozwiązaniu Project Service" languagecode="1045" />
      <Description description="De Colaborador Potencial para Pagamento à Vista com o Project Service" languagecode="1046" />
      <Description description="Do Potencial Interessado à Venda com o Project Service" languagecode="2070" />
      <Description description="Client prospectat la Numerar, cu Project Service" languagecode="1048" />
      <Description description="Заинтересованное лицо в наличные с Project Service" languagecode="1049" />
      <Description description="Prospect to Cash so súčasťou Project Service" languagecode="1051" />
      <Description description="Koraki od možne stranke do plačila v storitvi Project Service" languagecode="1060" />
      <Description description="Могући донатор или волонтер у вредност „Готовина” уз Project Service" languagecode="10266" />
      <Description description="Mogući donator ili volonter u vrednost „Gotovina” uz Project Service" languagecode="9242" />
      <Description description="Potentiell kund till kontant med Project Service" languagecode="1053" />
      <Description description="Prospect to Cash ด้วย Project Service" languagecode="1054" />
      <Description description="Project Service ile Destekçi Adayından Nakde" languagecode="1055" />
      <Description description="Зі збуту до фінансів із Project Service" languagecode="1058" />
      <Description description="Giải pháp Từ nhà tài trợ tiềm năng thành Tiền với Project Service" languagecode="1066" />
      <Description description="Project Service 潜在客户到现金" languagecode="2052" />
      <Description description="使用 Project Service 將潛在客戶轉現金" languagecode="3076" />
      <Description description="使用 Project Service 將潛在客戶轉現金" languagecode="1028" />
    </Descriptions>
    <Version>1.0.0.0</Version>
    <Managed>0</Managed>
    <Publisher>
      <UniqueName>msdynce</UniqueName>
      <LocalizedNames>
        <LocalizedName description="Dynamics 365 Customer Engagement" languagecode="1033" />
        <LocalizedName description="Dynamics 365 Customer Engagement" languagecode="1025" />
        <LocalizedName description="Dynamics 365 Customer Engagement" languagecode="1026" />
        <LocalizedName description="Dynamics 365 Customer Engagement" languagecode="1027" />
        <LocalizedName description="Dynamics 365 Customer Engagement" languagecode="1029" />
        <LocalizedName description="Dynamics 365 Customer Engagement" languagecode="1030" />
        <LocalizedName description="Dynamics 365 Customer Engagement" languagecode="1031" />
        <LocalizedName description="Dynamics 365 Customer Engagement" languagecode="1032" />
        <LocalizedName description="Dynamics 365 Customer Engagement" languagecode="3082" />
        <LocalizedName description="Dynamics 365 Customer Engagement" languagecode="1061" />
        <LocalizedName description="Dynamics 365 Customer Engagement" languagecode="1069" />
        <LocalizedName description="Dynamics 365 Customer Engagement" languagecode="1035" />
        <LocalizedName description="Dynamics 365 Customer Engagement" languagecode="1036" />
        <LocalizedName description="Dynamics 365 Customer Engagement" languagecode="1110" />
        <LocalizedName description="Dynamics 365 Customer Engagement" languagecode="1037" />
        <LocalizedName description="Dynamics 365 Customer Engagement" languagecode="1081" />
        <LocalizedName description="Dynamics 365 Customer Engagement" languagecode="1050" />
        <LocalizedName description="Dynamics 365 Customer Engagement" languagecode="1038" />
        <LocalizedName description="Dynamics 365 Customer Engagement" languagecode="1057" />
        <LocalizedName description="Dynamics 365 Customer Engagement" languagecode="1040" />
        <LocalizedName description="Dynamics 365 Customer Engagement" languagecode="1041" />
        <LocalizedName description="Dynamics 365 Customer Engagement" languagecode="1087" />
        <LocalizedName description="Dynamics 365 Customer Engagement" languagecode="1042" />
        <LocalizedName description="Dynamics 365 Customer Engagement" languagecode="1063" />
        <LocalizedName description="Dynamics 365 Customer Engagement" languagecode="1062" />
        <LocalizedName description="Dynamics 365 Customer Engagement" languagecode="1086" />
        <LocalizedName description="Dynamics 365 Customer Engagement" languagecode="1044" />
        <LocalizedName description="Dynamics 365 Customer Engagement" languagecode="1043" />
        <LocalizedName description="Dynamics 365 Customer Engagement" languagecode="1045" />
        <LocalizedName description="Dynamics 365 Customer Engagement" languagecode="1046" />
        <LocalizedName description="Dynamics 365 Customer Engagement" languagecode="2070" />
        <LocalizedName description="Dynamics 365 Customer Engagement" languagecode="1048" />
        <LocalizedName description="Dynamics 365 Customer Engagement" languagecode="1049" />
        <LocalizedName description="Dynamics 365 Customer Engagement" languagecode="1051" />
        <LocalizedName description="Dynamics 365 Customer Engagement" languagecode="1060" />
        <LocalizedName description="Dynamics 365 Customer Engagement" languagecode="10266" />
        <LocalizedName description="Dynamics 365 Customer Engagement" languagecode="9242" />
        <LocalizedName description="Dynamics 365 Customer Engagement" languagecode="1053" />
        <LocalizedName description="Dynamics 365 Customer Engagement" languagecode="1054" />
        <LocalizedName description="Dynamics 365 Customer Engagement" languagecode="1055" />
        <LocalizedName description="Dynamics 365 Customer Engagement" languagecode="1058" />
        <LocalizedName description="Dynamics 365 Customer Engagement" languagecode="1066" />
        <LocalizedName description="Dynamics 365 Customer Engagement" languagecode="2052" />
        <LocalizedName description="Dynamics 365 Customer Engagement" languagecode="3076" />
        <LocalizedName description="Dynamics 365 Customer Engagement" languagecode="1028" />
      </LocalizedNames>
      <Descriptions />
      <EMailAddress xsi:nil="true"></EMailAddress>
      <SupportingWebsiteUrl xsi:nil="true"></SupportingWebsiteUrl>
      <CustomizationPrefix>msdynce</CustomizationPrefix>
      <CustomizationOptionValuePrefix>64739</CustomizationOptionValuePrefix>
      <Addresses>
        <Address>
          <AddressNumber>1</AddressNumber>
          <AddressTypeCode>1</AddressTypeCode>
          <City xsi:nil="true"></City>
          <County xsi:nil="true"></County>
          <Country xsi:nil="true"></Country>
          <Fax xsi:nil="true"></Fax>
          <FreightTermsCode xsi:nil="true"></FreightTermsCode>
          <ImportSequenceNumber xsi:nil="true"></ImportSequenceNumber>
          <Latitude xsi:nil="true"></Latitude>
          <Line1 xsi:nil="true"></Line1>
          <Line2 xsi:nil="true"></Line2>
          <Line3 xsi:nil="true"></Line3>
          <Longitude xsi:nil="true"></Longitude>
          <Name xsi:nil="true"></Name>
          <PostalCode xsi:nil="true"></PostalCode>
          <PostOfficeBox xsi:nil="true"></PostOfficeBox>
          <PrimaryContactName xsi:nil="true"></PrimaryContactName>
          <ShippingMethodCode>1</ShippingMethodCode>
          <StateOrProvince xsi:nil="true"></StateOrProvince>
          <Telephone1 xsi:nil="true"></Telephone1>
          <Telephone2 xsi:nil="true"></Telephone2>
          <Telephone3 xsi:nil="true"></Telephone3>
          <TimeZoneRuleVersionNumber xsi:nil="true"></TimeZoneRuleVersionNumber>
          <UPSZone xsi:nil="true"></UPSZone>
          <UTCOffset xsi:nil="true"></UTCOffset>
          <UTCConversionTimeZoneCode xsi:nil="true"></UTCConversionTimeZoneCode>
        </Address>
        <Address>
          <AddressNumber>2</AddressNumber>
          <AddressTypeCode>1</AddressTypeCode>
          <City xsi:nil="true"></City>
          <County xsi:nil="true"></County>
          <Country xsi:nil="true"></Country>
          <Fax xsi:nil="true"></Fax>
          <FreightTermsCode xsi:nil="true"></FreightTermsCode>
          <ImportSequenceNumber xsi:nil="true"></ImportSequenceNumber>
          <Latitude xsi:nil="true"></Latitude>
          <Line1 xsi:nil="true"></Line1>
          <Line2 xsi:nil="true"></Line2>
          <Line3 xsi:nil="true"></Line3>
          <Longitude xsi:nil="true"></Longitude>
          <Name xsi:nil="true"></Name>
          <PostalCode xsi:nil="true"></PostalCode>
          <PostOfficeBox xsi:nil="true"></PostOfficeBox>
          <PrimaryContactName xsi:nil="true"></PrimaryContactName>
          <ShippingMethodCode>1</ShippingMethodCode>
          <StateOrProvince xsi:nil="true"></StateOrProvince>
          <Telephone1 xsi:nil="true"></Telephone1>
          <Telephone2 xsi:nil="true"></Telephone2>
          <Telephone3 xsi:nil="true"></Telephone3>
          <TimeZoneRuleVersionNumber xsi:nil="true"></TimeZoneRuleVersionNumber>
          <UPSZone xsi:nil="true"></UPSZone>
          <UTCOffset xsi:nil="true"></UTCOffset>
          <UTCConversionTimeZoneCode xsi:nil="true"></UTCConversionTimeZoneCode>
        </Address>
      </Addresses>
    </Publisher>
    <RootComponents>
      <RootComponent type="1" schemaName="msdynce_p2cautonumber" behavior="1" />
      <RootComponent type="1" schemaName="msdyn_project" behavior="1" />
      <RootComponent type="60" id="{105ef076-a72a-4382-bde5-35e3c3d9db40}" behavior="0" />
      <RootComponent type="60" id="{97d7a1ad-e93c-44a6-acb8-10c4d6d154d1}" behavior="0" />
      <RootComponent type="61" schemaName="P2CProjectService/PluginResources/Labels.ar_SA.resx.xml" behavior="0" />
      <RootComponent type="61" schemaName="P2CProjectService/PluginResources/Labels.bg_BG.resx.xml" behavior="0" />
      <RootComponent type="61" schemaName="P2CProjectService/PluginResources/Labels.ca_ES.resx.xml" behavior="0" />
      <RootComponent type="61" schemaName="P2CProjectService/PluginResources/Labels.cs_CZ.resx.xml" behavior="0" />
      <RootComponent type="61" schemaName="P2CProjectService/PluginResources/Labels.da_DK.resx.xml" behavior="0" />
      <RootComponent type="61" schemaName="P2CProjectService/PluginResources/Labels.de_DE.resx.xml" behavior="0" />
      <RootComponent type="61" schemaName="P2CProjectService/PluginResources/Labels.el_GR.resx.xml" behavior="0" />
      <RootComponent type="61" schemaName="P2CProjectService/PluginResources/Labels.en_US.resx.xml" behavior="0" />
      <RootComponent type="61" schemaName="P2CProjectService/PluginResources/Labels.es_ES.resx.xml" behavior="0" />
      <RootComponent type="61" schemaName="P2CProjectService/PluginResources/Labels.et_EE.resx.xml" behavior="0" />
      <RootComponent type="61" schemaName="P2CProjectService/PluginResources/Labels.eu_ES.resx.xml" behavior="0" />
      <RootComponent type="61" schemaName="P2CProjectService/PluginResources/Labels.fi_FI.resx.xml" behavior="0" />
      <RootComponent type="61" schemaName="P2CProjectService/PluginResources/Labels.fr_FR.resx.xml" behavior="0" />
      <RootComponent type="61" schemaName="P2CProjectService/PluginResources/Labels.gl_ES.resx.xml" behavior="0" />
      <RootComponent type="61" schemaName="P2CProjectService/PluginResources/Labels.he_IL.resx.xml" behavior="0" />
      <RootComponent type="61" schemaName="P2CProjectService/PluginResources/Labels.hi_IN.resx.xml" behavior="0" />
      <RootComponent type="61" schemaName="P2CProjectService/PluginResources/Labels.hr_HR.resx.xml" behavior="0" />
      <RootComponent type="61" schemaName="P2CProjectService/PluginResources/Labels.hu_HU.resx.xml" behavior="0" />
      <RootComponent type="61" schemaName="P2CProjectService/PluginResources/Labels.id_ID.resx.xml" behavior="0" />
      <RootComponent type="61" schemaName="P2CProjectService/PluginResources/Labels.it_IT.resx.xml" behavior="0" />
      <RootComponent type="61" schemaName="P2CProjectService/PluginResources/Labels.ja_JP.resx.xml" behavior="0" />
      <RootComponent type="61" schemaName="P2CProjectService/PluginResources/Labels.kk_KZ.resx.xml" behavior="0" />
      <RootComponent type="61" schemaName="P2CProjectService/PluginResources/Labels.ko_KR.resx.xml" behavior="0" />
      <RootComponent type="61" schemaName="P2CProjectService/PluginResources/Labels.lt_LT.resx.xml" behavior="0" />
      <RootComponent type="61" schemaName="P2CProjectService/PluginResources/Labels.lv_LV.resx.xml" behavior="0" />
      <RootComponent type="61" schemaName="P2CProjectService/PluginResources/Labels.ms_MY.resx.xml" behavior="0" />
      <RootComponent type="61" schemaName="P2CProjectService/PluginResources/Labels.nb_NO.resx.xml" behavior="0" />
      <RootComponent type="61" schemaName="P2CProjectService/PluginResources/Labels.nl_NL.resx.xml" behavior="0" />
      <RootComponent type="61" schemaName="P2CProjectService/PluginResources/Labels.pl_PL.resx.xml" behavior="0" />
      <RootComponent type="61" schemaName="P2CProjectService/PluginResources/Labels.pt_BR.resx.xml" behavior="0" />
      <RootComponent type="61" schemaName="P2CProjectService/PluginResources/Labels.pt_PT.resx.xml" behavior="0" />
      <RootComponent type="61" schemaName="P2CProjectService/PluginResources/Labels.ro_RO.resx.xml" behavior="0" />
      <RootComponent type="61" schemaName="P2CProjectService/PluginResources/Labels.ru_RU.resx.xml" behavior="0" />
      <RootComponent type="61" schemaName="P2CProjectService/PluginResources/Labels.sk_SK.resx.xml" behavior="0" />
      <RootComponent type="61" schemaName="P2CProjectService/PluginResources/Labels.sl_SI.resx.xml" behavior="0" />
      <RootComponent type="61" schemaName="P2CProjectService/PluginResources/Labels.sr_Cyrl_RS.resx.xml" behavior="0" />
      <RootComponent type="61" schemaName="P2CProjectService/PluginResources/Labels.sr_Latn_RS.resx.xml" behavior="0" />
      <RootComponent type="61" schemaName="P2CProjectService/PluginResources/Labels.sv_SE.resx.xml" behavior="0" />
      <RootComponent type="61" schemaName="P2CProjectService/PluginResources/Labels.th_TH.resx.xml" behavior="0" />
      <RootComponent type="61" schemaName="P2CProjectService/PluginResources/Labels.tr_TR.resx.xml" behavior="0" />
      <RootComponent type="61" schemaName="P2CProjectService/PluginResources/Labels.uk_UA.resx.xml" behavior="0" />
      <RootComponent type="61" schemaName="P2CProjectService/PluginResources/Labels.vi_VN.resx.xml" behavior="0" />
      <RootComponent type="61" schemaName="P2CProjectService/PluginResources/Labels.zh_CN.resx.xml" behavior="0" />
      <RootComponent type="61" schemaName="P2CProjectService/PluginResources/Labels.zh_HK.resx.xml" behavior="0" />
      <RootComponent type="61" schemaName="P2CProjectService/PluginResources/Labels.zh_TW.resx.xml" behavior="0" />
      <RootComponent type="91" schemaName="Microsoft.Dynamics.P2CProjectService.Plugins, Version=1.0.0.0, Culture=neutral, PublicKeyToken=31bf3856ad364e35" behavior="0" />
      <RootComponent type="92" id="{192247ae-3b76-e711-811f-00155db97400}" behavior="0" />
    </RootComponents>
    <MissingDependencies>
      <MissingDependency>
        <Required key="0" type="1" schemaName="msdyn_project" displayName="Project" solution="ProjectService (1.2.0.0)" />
        <Dependent key="0" type="1" schemaName="msdyn_project" displayName="Project" />
      </MissingDependency>
      <MissingDependency>
        <Required key="1" type="1" schemaName="msdynce_p2cautonumber" displayName="P2C AutoNumber" solution="msdynce_ProspectToCashIntegration (1.14.0.0)" />
        <Dependent key="1" type="1" schemaName="msdynce_p2cautonumber" displayName="P2C AutoNumber" />
      </MissingDependency>
      <MissingDependency>
        <Required key="2" type="1" schemaName="msdyn_projecttask" displayName="Project Task" solution="ProjectService (1.2.0.0)" />
        <Dependent key="3" type="60" displayName="Information" parentDisplayName="Project" id="{105ef076-a72a-4382-bde5-35e3c3d9db40}" />
      </MissingDependency>
      <MissingDependency>
        <Required key="4" type="1" schemaName="msdyn_projectteam" displayName="Project Team Member" solution="ProjectService (1.2.0.0)" />
        <Dependent key="3" type="60" displayName="Information" parentDisplayName="Project" id="{105ef076-a72a-4382-bde5-35e3c3d9db40}" />
      </MissingDependency>
      <MissingDependency>
        <Required key="5" type="2" schemaName="msdyn_totalplannedcost" displayName="Estimated Cost" parentSchemaName="msdyn_project" parentDisplayName="Project" solution="ProjectService (1.2.0.0)" />
        <Dependent key="3" type="60" displayName="Information" parentDisplayName="Project" id="{105ef076-a72a-4382-bde5-35e3c3d9db40}" />
      </MissingDependency>
      <MissingDependency>
        <Required key="6" type="2" schemaName="msdyn_projectmanager" displayName="Project Manager" parentSchemaName="msdyn_project" parentDisplayName="Project" solution="ProjectService (1.2.0.0)" />
        <Dependent key="3" type="60" displayName="Information" parentDisplayName="Project" id="{105ef076-a72a-4382-bde5-35e3c3d9db40}" />
      </MissingDependency>
      <MissingDependency>
        <Required key="7" type="2" schemaName="msdyn_scheduleperformance" displayName="Schedule Performance" parentSchemaName="msdyn_project" parentDisplayName="Project" solution="ProjectService (1.2.0.0)" />
        <Dependent key="3" type="60" displayName="Information" parentDisplayName="Project" id="{105ef076-a72a-4382-bde5-35e3c3d9db40}" />
      </MissingDependency>
      <MissingDependency>
        <Required key="8" type="2" schemaName="ownerid" displayName="Owner" parentSchemaName="msdyn_project" parentDisplayName="Project" solution="Active" />
        <Dependent key="3" type="60" displayName="Information" parentDisplayName="Project" id="{105ef076-a72a-4382-bde5-35e3c3d9db40}" />
      </MissingDependency>
      <MissingDependency>
        <Required key="9" type="2" schemaName="msdyn_costperformence" displayName="Cost Performance" parentSchemaName="msdyn_project" parentDisplayName="Project" solution="ProjectService (1.2.0.0)" />
        <Dependent key="3" type="60" displayName="Information" parentDisplayName="Project" id="{105ef076-a72a-4382-bde5-35e3c3d9db40}" />
      </MissingDependency>
      <MissingDependency>
        <Required key="10" type="2" schemaName="msdyn_statusupdatedon" displayName="Status Updated On" parentSchemaName="msdyn_project" parentDisplayName="Project" solution="ProjectService (1.2.0.0)" />
        <Dependent key="3" type="60" displayName="Information" parentDisplayName="Project" id="{105ef076-a72a-4382-bde5-35e3c3d9db40}" />
      </MissingDependency>
      <MissingDependency>
        <Required key="11" type="2" schemaName="msdyn_workhourtemplate" displayName="Work hour template" parentSchemaName="msdyn_project" parentDisplayName="Project" solution="ProjectService (1.2.0.0)" />
        <Dependent key="3" type="60" displayName="Information" parentDisplayName="Project" id="{105ef076-a72a-4382-bde5-35e3c3d9db40}" />
      </MissingDependency>
      <MissingDependency>
        <Required key="12" type="2" schemaName="msdyn_plannedhours" displayName="Estimated Hours" parentSchemaName="msdyn_project" parentDisplayName="Project" solution="ProjectService (1.2.0.0)" />
        <Dependent key="3" type="60" displayName="Information" parentDisplayName="Project" id="{105ef076-a72a-4382-bde5-35e3c3d9db40}" />
      </MissingDependency>
      <MissingDependency>
        <Required key="13" type="2" schemaName="msdyn_customer" displayName="Customer" parentSchemaName="msdyn_project" parentDisplayName="Project" solution="ProjectService (1.2.0.0)" />
        <Dependent key="3" type="60" displayName="Information" parentDisplayName="Project" id="{105ef076-a72a-4382-bde5-35e3c3d9db40}" />
      </MissingDependency>
      <MissingDependency>
        <Required key="14" type="2" schemaName="msdyn_actualend" displayName="Actual End" parentSchemaName="msdyn_project" parentDisplayName="Project" solution="ProjectService (1.2.0.0)" />
        <Dependent key="3" type="60" displayName="Information" parentDisplayName="Project" id="{105ef076-a72a-4382-bde5-35e3c3d9db40}" />
      </MissingDependency>
      <MissingDependency>
        <Required key="15" type="2" schemaName="msdyn_description" displayName="Description" parentSchemaName="msdyn_project" parentDisplayName="Project" solution="ProjectService (1.2.0.0)" />
        <Dependent key="3" type="60" displayName="Information" parentDisplayName="Project" id="{105ef076-a72a-4382-bde5-35e3c3d9db40}" />
      </MissingDependency>
      <MissingDependency>
        <Required key="16" type="2" schemaName="msdyn_scheduledend" displayName="Estimated Finish Date" parentSchemaName="msdyn_project" parentDisplayName="Project" solution="ProjectService (1.2.0.0)" />
        <Dependent key="17" type="60" displayName="Create Project" parentDisplayName="Project" id="{97d7a1ad-e93c-44a6-acb8-10c4d6d154d1}" />
      </MissingDependency>
      <MissingDependency>
        <Required key="8" type="2" schemaName="ownerid" displayName="Owner" parentSchemaName="msdyn_project" parentDisplayName="Project" solution="Active" />
        <Dependent key="17" type="60" displayName="Create Project" parentDisplayName="Project" id="{97d7a1ad-e93c-44a6-acb8-10c4d6d154d1}" />
      </MissingDependency>
      <MissingDependency>
        <Required key="18" type="2" schemaName="msdyn_actualstart" displayName="Actual Start" parentSchemaName="msdyn_project" parentDisplayName="Project" solution="ProjectService (1.2.0.0)" />
        <Dependent key="3" type="60" displayName="Information" parentDisplayName="Project" id="{105ef076-a72a-4382-bde5-35e3c3d9db40}" />
      </MissingDependency>
      <MissingDependency>
        <Required key="19" type="2" schemaName="msdyn_projecttemplate" displayName="Project Template" parentSchemaName="msdyn_project" parentDisplayName="Project" solution="ProjectService (1.2.0.0)" />
        <Dependent key="3" type="60" displayName="Information" parentDisplayName="Project" id="{105ef076-a72a-4382-bde5-35e3c3d9db40}" />
      </MissingDependency>
      <MissingDependency>
        <Required key="20" type="2" schemaName="msdyn_costconsumption" displayName="Cost Consumption %" parentSchemaName="msdyn_project" parentDisplayName="Project" solution="ProjectService (1.2.0.0)" />
        <Dependent key="3" type="60" displayName="Information" parentDisplayName="Project" id="{105ef076-a72a-4382-bde5-35e3c3d9db40}" />
      </MissingDependency>
      <MissingDependency>
        <Required key="16" type="2" schemaName="msdyn_scheduledend" displayName="Estimated Finish Date" parentSchemaName="msdyn_project" parentDisplayName="Project" solution="ProjectService (1.2.0.0)" />
        <Dependent key="3" type="60" displayName="Information" parentDisplayName="Project" id="{105ef076-a72a-4382-bde5-35e3c3d9db40}" />
      </MissingDependency>
      <MissingDependency>
        <Required key="21" type="2" schemaName="msdyn_contractorganizationalunitid" displayName="Contracting Unit" parentSchemaName="msdyn_project" parentDisplayName="Project" solution="ProjectService (1.2.0.0)" />
        <Dependent key="3" type="60" displayName="Information" parentDisplayName="Project" id="{105ef076-a72a-4382-bde5-35e3c3d9db40}" />
      </MissingDependency>
      <MissingDependency>
        <Required key="22" type="2" schemaName="msdyn_istemplate" displayName="Is Template" parentSchemaName="msdyn_project" parentDisplayName="Project" solution="ProjectService (1.2.0.0)" />
        <Dependent key="3" type="60" displayName="Information" parentDisplayName="Project" id="{105ef076-a72a-4382-bde5-35e3c3d9db40}" />
      </MissingDependency>
      <MissingDependency>
        <Required key="23" type="2" schemaName="msdyn_overallprojectstatus" displayName="Overall Project Status" parentSchemaName="msdyn_project" parentDisplayName="Project" solution="ProjectService (1.2.0.0)" />
        <Dependent key="3" type="60" displayName="Information" parentDisplayName="Project" id="{105ef076-a72a-4382-bde5-35e3c3d9db40}" />
      </MissingDependency>
      <MissingDependency>
        <Required key="24" type="2" schemaName="msdyn_comments" displayName="Comments" parentSchemaName="msdyn_project" parentDisplayName="Project" solution="ProjectService (1.2.0.0)" />
        <Dependent key="3" type="60" displayName="Information" parentDisplayName="Project" id="{105ef076-a72a-4382-bde5-35e3c3d9db40}" />
      </MissingDependency>
      <MissingDependency>
        <Required key="25" type="2" schemaName="transactioncurrencyid" displayName="Currency" parentSchemaName="msdyn_project" parentDisplayName="Project" solution="Active" />
        <Dependent key="3" type="60" displayName="Information" parentDisplayName="Project" id="{105ef076-a72a-4382-bde5-35e3c3d9db40}" />
      </MissingDependency>
      <MissingDependency>
        <Required key="26" type="2" schemaName="msdyn_totalactualcost" displayName="Actual Cost" parentSchemaName="msdyn_project" parentDisplayName="Project" solution="ProjectService (1.2.0.0)" />
        <Dependent key="3" type="60" displayName="Information" parentDisplayName="Project" id="{105ef076-a72a-4382-bde5-35e3c3d9db40}" />
      </MissingDependency>
      <MissingDependency>
        <Required key="27" type="2" schemaName="msdyn_progress" displayName="Progress %" parentSchemaName="msdyn_project" parentDisplayName="Project" solution="ProjectService (1.2.0.0)" />
        <Dependent key="3" type="60" displayName="Information" parentDisplayName="Project" id="{105ef076-a72a-4382-bde5-35e3c3d9db40}" />
      </MissingDependency>
      <MissingDependency>
        <Required key="28" type="2" schemaName="msdyn_scheduledstart" displayName="Start Date" parentSchemaName="msdyn_project" parentDisplayName="Project" solution="ProjectService (1.2.0.0)" />
        <Dependent key="3" type="60" displayName="Information" parentDisplayName="Project" id="{105ef076-a72a-4382-bde5-35e3c3d9db40}" />
      </MissingDependency>
      <MissingDependency>
        <Required key="29" type="2" schemaName="msdyn_actualhours" displayName="Actual Hours" parentSchemaName="msdyn_project" parentDisplayName="Project" solution="ProjectService (1.2.0.0)" />
        <Dependent key="3" type="60" displayName="Information" parentDisplayName="Project" id="{105ef076-a72a-4382-bde5-35e3c3d9db40}" />
      </MissingDependency>
      <MissingDependency>
        <Required key="30" type="2" schemaName="msdyn_subject" displayName="Name" parentSchemaName="msdyn_project" parentDisplayName="Project" solution="ProjectService (1.2.0.0)" />
        <Dependent key="3" type="60" displayName="Information" parentDisplayName="Project" id="{105ef076-a72a-4382-bde5-35e3c3d9db40}" />
      </MissingDependency>
      <MissingDependency>
        <Required key="30" type="2" schemaName="msdyn_subject" displayName="Name" parentSchemaName="msdyn_project" parentDisplayName="Project" solution="ProjectService (1.2.0.0)" />
        <Dependent key="17" type="60" displayName="Create Project" parentDisplayName="Project" id="{97d7a1ad-e93c-44a6-acb8-10c4d6d154d1}" />
      </MissingDependency>
      <MissingDependency>
        <Required key="28" type="2" schemaName="msdyn_scheduledstart" displayName="Start Date" parentSchemaName="msdyn_project" parentDisplayName="Project" solution="ProjectService (1.2.0.0)" />
        <Dependent key="17" type="60" displayName="Create Project" parentDisplayName="Project" id="{97d7a1ad-e93c-44a6-acb8-10c4d6d154d1}" />
      </MissingDependency>
      <MissingDependency>
        <Required key="5" type="2" schemaName="msdyn_totalplannedcost" displayName="Estimated Cost" parentSchemaName="msdyn_project" parentDisplayName="Project" solution="ProjectService (1.2.0.0)" />
        <Dependent key="17" type="60" displayName="Create Project" parentDisplayName="Project" id="{97d7a1ad-e93c-44a6-acb8-10c4d6d154d1}" />
      </MissingDependency>
      <MissingDependency>
        <Required key="6" type="2" schemaName="msdyn_projectmanager" displayName="Project Manager" parentSchemaName="msdyn_project" parentDisplayName="Project" solution="ProjectService (1.2.0.0)" />
        <Dependent key="17" type="60" displayName="Create Project" parentDisplayName="Project" id="{97d7a1ad-e93c-44a6-acb8-10c4d6d154d1}" />
      </MissingDependency>
      <MissingDependency>
        <Required key="19" type="2" schemaName="msdyn_projecttemplate" displayName="Project Template" parentSchemaName="msdyn_project" parentDisplayName="Project" solution="ProjectService (1.2.0.0)" />
        <Dependent key="17" type="60" displayName="Create Project" parentDisplayName="Project" id="{97d7a1ad-e93c-44a6-acb8-10c4d6d154d1}" />
      </MissingDependency>
      <MissingDependency>
        <Required key="11" type="2" schemaName="msdyn_workhourtemplate" displayName="Work hour template" parentSchemaName="msdyn_project" parentDisplayName="Project" solution="ProjectService (1.2.0.0)" />
        <Dependent key="17" type="60" displayName="Create Project" parentDisplayName="Project" id="{97d7a1ad-e93c-44a6-acb8-10c4d6d154d1}" />
      </MissingDependency>
      <MissingDependency>
        <Required key="21" type="2" schemaName="msdyn_contractorganizationalunitid" displayName="Contracting Unit" parentSchemaName="msdyn_project" parentDisplayName="Project" solution="ProjectService (1.2.0.0)" />
        <Dependent key="17" type="60" displayName="Create Project" parentDisplayName="Project" id="{97d7a1ad-e93c-44a6-acb8-10c4d6d154d1}" />
      </MissingDependency>
      <MissingDependency>
        <Required key="15" type="2" schemaName="msdyn_description" displayName="Description" parentSchemaName="msdyn_project" parentDisplayName="Project" solution="ProjectService (1.2.0.0)" />
        <Dependent key="17" type="60" displayName="Create Project" parentDisplayName="Project" id="{97d7a1ad-e93c-44a6-acb8-10c4d6d154d1}" />
      </MissingDependency>
      <MissingDependency>
        <Required key="25" type="2" schemaName="transactioncurrencyid" displayName="Currency" parentSchemaName="msdyn_project" parentDisplayName="Project" solution="Active" />
        <Dependent key="17" type="60" displayName="Create Project" parentDisplayName="Project" id="{97d7a1ad-e93c-44a6-acb8-10c4d6d154d1}" />
      </MissingDependency>
      <MissingDependency>
        <Required key="12" type="2" schemaName="msdyn_plannedhours" displayName="Estimated Hours" parentSchemaName="msdyn_project" parentDisplayName="Project" solution="ProjectService (1.2.0.0)" />
        <Dependent key="17" type="60" displayName="Create Project" parentDisplayName="Project" id="{97d7a1ad-e93c-44a6-acb8-10c4d6d154d1}" />
      </MissingDependency>
      <MissingDependency>
        <Required key="22" type="2" schemaName="msdyn_istemplate" displayName="Is Template" parentSchemaName="msdyn_project" parentDisplayName="Project" solution="ProjectService (1.2.0.0)" />
        <Dependent key="17" type="60" displayName="Create Project" parentDisplayName="Project" id="{97d7a1ad-e93c-44a6-acb8-10c4d6d154d1}" />
      </MissingDependency>
      <MissingDependency>
        <Required key="31" type="10" schemaName="msdyn_organizationalunit_project" displayName="msdyn_organizationalunit_project" parentSchemaName="msdyn_project" parentDisplayName="Project" solution="ProjectService (1.2.0.0)" />
        <Dependent key="17" type="60" displayName="Create Project" parentDisplayName="Project" id="{97d7a1ad-e93c-44a6-acb8-10c4d6d154d1}" />
      </MissingDependency>
      <MissingDependency>
        <Required key="32" type="10" schemaName="msdyn_msdyn_workhourtemplate_msdyn_project_workhourtemplate" displayName="msdyn_msdyn_workhourtemplate_msdyn_project_workhourtemplate" parentSchemaName="msdyn_project" parentDisplayName="Project" solution="ProjectService (1.2.0.0)" />
        <Dependent key="17" type="60" displayName="Create Project" parentDisplayName="Project" id="{97d7a1ad-e93c-44a6-acb8-10c4d6d154d1}" />
      </MissingDependency>
      <MissingDependency>
        <Required key="33" type="10" schemaName="msdyn_systemuser_msdyn_project_projectmanager" displayName="msdyn_systemuser_msdyn_project_projectmanager" parentSchemaName="msdyn_project" parentDisplayName="Project" solution="ProjectService (1.2.0.0)" />
        <Dependent key="17" type="60" displayName="Create Project" parentDisplayName="Project" id="{97d7a1ad-e93c-44a6-acb8-10c4d6d154d1}" />
      </MissingDependency>
      <MissingDependency>
        <Required key="34" type="10" schemaName="msdyn_msdyn_project_msdyn_project_ProjectTemplate" displayName="msdyn_msdyn_project_msdyn_project_ProjectTemplate" parentSchemaName="msdyn_project" parentDisplayName="Project" solution="ProjectService (1.2.0.0)" />
        <Dependent key="3" type="60" displayName="Information" parentDisplayName="Project" id="{105ef076-a72a-4382-bde5-35e3c3d9db40}" />
      </MissingDependency>
      <MissingDependency>
        <Required key="34" type="10" schemaName="msdyn_msdyn_project_msdyn_project_ProjectTemplate" displayName="msdyn_msdyn_project_msdyn_project_ProjectTemplate" parentSchemaName="msdyn_project" parentDisplayName="Project" solution="ProjectService (1.2.0.0)" />
        <Dependent key="17" type="60" displayName="Create Project" parentDisplayName="Project" id="{97d7a1ad-e93c-44a6-acb8-10c4d6d154d1}" />
      </MissingDependency>
      <MissingDependency>
        <Required key="35" type="10" schemaName="msdyn_account_msdyn_project_Customer" displayName="msdyn_account_msdyn_project_Customer" parentSchemaName="msdyn_project" parentDisplayName="Project" solution="ProjectService (1.2.0.0)" />
        <Dependent key="3" type="60" displayName="Information" parentDisplayName="Project" id="{105ef076-a72a-4382-bde5-35e3c3d9db40}" />
      </MissingDependency>
      <MissingDependency>
        <Required key="31" type="10" schemaName="msdyn_organizationalunit_project" displayName="msdyn_organizationalunit_project" parentSchemaName="msdyn_project" parentDisplayName="Project" solution="ProjectService (1.2.0.0)" />
        <Dependent key="3" type="60" displayName="Information" parentDisplayName="Project" id="{105ef076-a72a-4382-bde5-35e3c3d9db40}" />
      </MissingDependency>
      <MissingDependency>
        <Required key="36" type="10" schemaName="msdyn_msdyn_project_msdyn_projectteam_project" displayName="msdyn_msdyn_project_msdyn_projectteam_project" parentSchemaName="msdyn_projectteam" parentDisplayName="Project Team Member" solution="ProjectService (1.2.0.0)" />
        <Dependent key="3" type="60" displayName="Information" parentDisplayName="Project" id="{105ef076-a72a-4382-bde5-35e3c3d9db40}" />
      </MissingDependency>
      <MissingDependency>
        <Required key="37" type="10" schemaName="msdyn_msdyn_project_salesorderdetail_Project" displayName="msdyn_msdyn_project_salesorderdetail_Project" parentSchemaName="salesorderdetail" parentDisplayName="Order Line" solution="ProjectService (1.2.0.0)" />
        <Dependent key="3" type="60" displayName="Information" parentDisplayName="Project" id="{105ef076-a72a-4382-bde5-35e3c3d9db40}" />
      </MissingDependency>
      <MissingDependency>
        <Required key="38" type="10" schemaName="msdyn_msdyn_project_msdyn_projecttask_project" displayName="msdyn_msdyn_project_msdyn_projecttask_project" parentSchemaName="msdyn_projecttask" parentDisplayName="Project Task" solution="ProjectService (1.2.0.0)" />
        <Dependent key="3" type="60" displayName="Information" parentDisplayName="Project" id="{105ef076-a72a-4382-bde5-35e3c3d9db40}" />
      </MissingDependency>
      <MissingDependency>
        <Required key="39" type="10" schemaName="msdyn_msdyn_project_opportunityproduct_Project" displayName="msdyn_msdyn_project_opportunityproduct_Project" parentSchemaName="opportunityproduct" parentDisplayName="Opportunity Line" solution="ProjectService (1.2.0.0)" />
        <Dependent key="3" type="60" displayName="Information" parentDisplayName="Project" id="{105ef076-a72a-4382-bde5-35e3c3d9db40}" />
      </MissingDependency>
      <MissingDependency>
        <Required key="32" type="10" schemaName="msdyn_msdyn_workhourtemplate_msdyn_project_workhourtemplate" displayName="msdyn_msdyn_workhourtemplate_msdyn_project_workhourtemplate" parentSchemaName="msdyn_project" parentDisplayName="Project" solution="ProjectService (1.2.0.0)" />
        <Dependent key="3" type="60" displayName="Information" parentDisplayName="Project" id="{105ef076-a72a-4382-bde5-35e3c3d9db40}" />
      </MissingDependency>
      <MissingDependency>
        <Required key="33" type="10" schemaName="msdyn_systemuser_msdyn_project_projectmanager" displayName="msdyn_systemuser_msdyn_project_projectmanager" parentSchemaName="msdyn_project" parentDisplayName="Project" solution="ProjectService (1.2.0.0)" />
        <Dependent key="3" type="60" displayName="Information" parentDisplayName="Project" id="{105ef076-a72a-4382-bde5-35e3c3d9db40}" />
      </MissingDependency>
      <MissingDependency>
        <Required key="40" type="10" schemaName="msdyn_project_resourcerequirement" displayName="msdyn_project_resourcerequirement" parentSchemaName="msdyn_resourcerequirement" parentDisplayName="Resource Requirement" solution="ProjectService (1.2.0.0)" />
        <Dependent key="3" type="60" displayName="Information" parentDisplayName="Project" id="{105ef076-a72a-4382-bde5-35e3c3d9db40}" />
      </MissingDependency>
      <MissingDependency>
        <Required key="41" type="10" schemaName="msdyn_msdyn_project_msdyn_actual_Project" displayName="msdyn_msdyn_project_msdyn_actual_Project" parentSchemaName="msdyn_actual" parentDisplayName="Actual" solution="ProjectService (1.2.0.0)" />
        <Dependent key="3" type="60" displayName="Information" parentDisplayName="Project" id="{105ef076-a72a-4382-bde5-35e3c3d9db40}" />
      </MissingDependency>
      <MissingDependency>
        <Required key="42" type="10" schemaName="msdyn_msdyn_project_quotedetail_Project" displayName="msdyn_msdyn_project_quotedetail_Project" parentSchemaName="quotedetail" parentDisplayName="Quote Line" solution="ProjectService (1.2.0.0)" />
        <Dependent key="3" type="60" displayName="Information" parentDisplayName="Project" id="{105ef076-a72a-4382-bde5-35e3c3d9db40}" />
      </MissingDependency>
      <MissingDependency>
        <Required key="43" type="26" schemaName="Project Lookup View" displayName="Project Lookup View" parentSchemaName="msdyn_project" parentDisplayName="Project" solution="ProjectService (1.2.0.0)" id="{c6646673-0205-4f29-a267-fdbf47b078b4}" />
        <Dependent key="3" type="60" displayName="Information" parentDisplayName="Project" id="{105ef076-a72a-4382-bde5-35e3c3d9db40}" />
      </MissingDependency>
      <MissingDependency>
        <Required key="44" type="26" schemaName="Project Quote and Quote Lines" displayName="Project Quote and Quote Lines" parentSchemaName="quotedetail" parentDisplayName="Quote Line" solution="ProjectService (1.2.0.0)" id="{d35ab8cf-c16b-e511-80ea-00155db86109}" />
        <Dependent key="3" type="60" displayName="Information" parentDisplayName="Project" id="{105ef076-a72a-4382-bde5-35e3c3d9db40}" />
      </MissingDependency>
      <MissingDependency>
        <Required key="45" type="26" schemaName="Project Task Role view" displayName="Project Task Role view" parentSchemaName="msdyn_projecttask" parentDisplayName="Project Task" solution="ProjectService (1.2.0.0)" id="{a20cedc9-7171-e511-80f0-00155db99003}" />
        <Dependent key="3" type="60" displayName="Information" parentDisplayName="Project" id="{105ef076-a72a-4382-bde5-35e3c3d9db40}" />
      </MissingDependency>
      <MissingDependency>
        <Required key="46" type="26" schemaName="Project Template Lookup View" displayName="Project Template Lookup View" parentSchemaName="msdyn_project" parentDisplayName="Project" solution="ProjectService (1.2.0.0)" id="{416e9f91-2fed-e511-80fc-00155de26605}" />
        <Dependent key="3" type="60" displayName="Information" parentDisplayName="Project" id="{105ef076-a72a-4382-bde5-35e3c3d9db40}" />
      </MissingDependency>
      <MissingDependency>
        <Required key="47" type="26" schemaName="Project Opportunity and Opportunity Lines" displayName="Project Opportunity and Opportunity Lines" parentSchemaName="opportunityproduct" parentDisplayName="Opportunity Line" solution="ProjectService (1.2.0.0)" id="{640fa423-ca6b-e511-80ea-00155db86109}" />
        <Dependent key="3" type="60" displayName="Information" parentDisplayName="Project" id="{105ef076-a72a-4382-bde5-35e3c3d9db40}" />
      </MissingDependency>
      <MissingDependency>
        <Required key="48" type="26" schemaName="Organizational Unit Lookup View" displayName="Organizational Unit Lookup View" parentSchemaName="msdyn_organizationalunit" parentDisplayName="Organizational Unit" solution="MicrosoftDynamicsScheduling (1.1.0.0)" id="{54ae6f6e-dc9d-4ede-b2d5-54a5b95b48b8}" />
        <Dependent key="17" type="60" displayName="Create Project" parentDisplayName="Project" id="{97d7a1ad-e93c-44a6-acb8-10c4d6d154d1}" />
      </MissingDependency>
      <MissingDependency>
        <Required key="49" type="26" schemaName="Work hour template Lookup View" displayName="Work hour template Lookup View" parentSchemaName="msdyn_workhourtemplate" parentDisplayName="Work template" solution="MicrosoftDynamicsScheduling (1.1.0.0)" id="{6240a128-ac89-4d2b-89f6-ba1cee63a1a3}" />
        <Dependent key="17" type="60" displayName="Create Project" parentDisplayName="Project" id="{97d7a1ad-e93c-44a6-acb8-10c4d6d154d1}" />
      </MissingDependency>
      <MissingDependency>
        <Required key="50" type="26" schemaName="Project Task Phase View" displayName="Project Task Phase View" parentSchemaName="msdyn_projecttask" parentDisplayName="Project Task" solution="ProjectService (1.2.0.0)" id="{235a16fc-4971-e511-80f0-00155db99003}" />
        <Dependent key="3" type="60" displayName="Information" parentDisplayName="Project" id="{105ef076-a72a-4382-bde5-35e3c3d9db40}" />
      </MissingDependency>
      <MissingDependency>
        <Required key="49" type="26" schemaName="Work hour template Lookup View" displayName="Work hour template Lookup View" parentSchemaName="msdyn_workhourtemplate" parentDisplayName="Work template" solution="MicrosoftDynamicsScheduling (1.1.0.0)" id="{6240a128-ac89-4d2b-89f6-ba1cee63a1a3}" />
        <Dependent key="3" type="60" displayName="Information" parentDisplayName="Project" id="{105ef076-a72a-4382-bde5-35e3c3d9db40}" />
      </MissingDependency>
      <MissingDependency>
        <Required key="51" type="26" schemaName="Project Contract and Project Contract Lines" displayName="Project Contract and Project Contract Lines" parentSchemaName="salesorderdetail" parentDisplayName="Order Line" solution="ProjectService (1.2.0.0)" id="{f1c744a3-bf6b-e511-80ea-00155db86109}" />
        <Dependent key="3" type="60" displayName="Information" parentDisplayName="Project" id="{105ef076-a72a-4382-bde5-35e3c3d9db40}" />
      </MissingDependency>
      <MissingDependency>
        <Required key="52" type="26" schemaName="Project Team Members" displayName="Project Team Members" parentSchemaName="msdyn_projectteam" parentDisplayName="Project Team Member" solution="ProjectService (1.2.0.0)" id="{ff646962-5d5a-e411-814a-6c3be5a8017c}" />
        <Dependent key="3" type="60" displayName="Information" parentDisplayName="Project" id="{105ef076-a72a-4382-bde5-35e3c3d9db40}" />
      </MissingDependency>
      <MissingDependency>
        <Required key="48" type="26" schemaName="Organizational Unit Lookup View" displayName="Organizational Unit Lookup View" parentSchemaName="msdyn_organizationalunit" parentDisplayName="Organizational Unit" solution="MicrosoftDynamicsScheduling (1.1.0.0)" id="{54ae6f6e-dc9d-4ede-b2d5-54a5b95b48b8}" />
        <Dependent key="3" type="60" displayName="Information" parentDisplayName="Project" id="{105ef076-a72a-4382-bde5-35e3c3d9db40}" />
      </MissingDependency>
      <MissingDependency>
        <Required key="46" type="26" schemaName="Project Template Lookup View" displayName="Project Template Lookup View" parentSchemaName="msdyn_project" parentDisplayName="Project" solution="ProjectService (1.2.0.0)" id="{416e9f91-2fed-e511-80fc-00155de26605}" />
        <Dependent key="17" type="60" displayName="Create Project" parentDisplayName="Project" id="{97d7a1ad-e93c-44a6-acb8-10c4d6d154d1}" />
      </MissingDependency>
      <MissingDependency>
        <Required key="53" type="59" schemaName="Comparison To Customer Budgets - Overall Quote" displayName="Comparison To Customer Budgets - Overall Quote" parentSchemaName="quotedetail" parentDisplayName="Quote Line" solution="ProjectService (1.2.0.0)" id="{080d1f72-2a42-e511-80e6-00155db85301}" />
        <Dependent key="3" type="60" displayName="Information" parentDisplayName="Project" id="{105ef076-a72a-4382-bde5-35e3c3d9db40}" />
      </MissingDependency>
      <MissingDependency>
        <Required key="54" type="59" schemaName="Schedule Performance By Role" displayName="Schedule Performance By Role" parentSchemaName="msdyn_projecttask" parentDisplayName="Project Task" solution="ProjectService (1.2.0.0)" id="{0407a649-4871-e511-80f0-00155db99003}" />
        <Dependent key="3" type="60" displayName="Information" parentDisplayName="Project" id="{105ef076-a72a-4382-bde5-35e3c3d9db40}" />
      </MissingDependency>
      <MissingDependency>
        <Required key="55" type="59" schemaName="Cost Performance By Role" displayName="Cost Performance By Role" parentSchemaName="msdyn_projecttask" parentDisplayName="Project Task" solution="ProjectService (1.2.0.0)" id="{05050f04-4871-e511-80f0-00155db99003}" />
        <Dependent key="3" type="60" displayName="Information" parentDisplayName="Project" id="{105ef076-a72a-4382-bde5-35e3c3d9db40}" />
      </MissingDependency>
      <MissingDependency>
        <Required key="17" type="60" displayName="Create Project" parentDisplayName="Project" solution="ProjectService (1.2.0.0)" id="{97d7a1ad-e93c-44a6-acb8-10c4d6d154d1}" />
        <Dependent key="17" type="60" displayName="Create Project" parentDisplayName="Project" id="{97d7a1ad-e93c-44a6-acb8-10c4d6d154d1}" />
      </MissingDependency>
      <MissingDependency>
        <Required key="56" type="60" displayName="Information" parentDisplayName="Project" solution="ProjectService (1.2.0.0)" id="{270ee21e-1723-433c-a390-00f010453a21}" />
        <Dependent key="56" type="60" displayName="Information" parentDisplayName="Project" id="{270ee21e-1723-433c-a390-00f010453a21}" />
      </MissingDependency>
      <MissingDependency>
        <Required key="3" type="60" displayName="Information" parentDisplayName="Project" solution="ProjectService (1.2.0.0)" id="{105ef076-a72a-4382-bde5-35e3c3d9db40}" />
        <Dependent key="3" type="60" displayName="Information" parentDisplayName="Project" id="{105ef076-a72a-4382-bde5-35e3c3d9db40}" />
      </MissingDependency>
      <MissingDependency>
        <Required key="57" type="61" schemaName="msdyn_SI.js" displayName="msdyn_SI.js" solution="ProjectService (1.2.0.0)" />
        <Dependent key="3" type="60" displayName="Information" parentDisplayName="Project" id="{105ef076-a72a-4382-bde5-35e3c3d9db40}" />
      </MissingDependency>
      <MissingDependency>
        <Required key="58" type="61" schemaName="msdyn_/Libraries/require/require.js" displayName="msdyn_/Libraries/require/require.js" solution="ProjectService (1.2.0.0)" />
        <Dependent key="3" type="60" displayName="Information" parentDisplayName="Project" id="{105ef076-a72a-4382-bde5-35e3c3d9db40}" />
      </MissingDependency>
      <MissingDependency>
        <Required key="59" type="61" schemaName="msdyn_/Common/Trial/ProjectServiceTrial.js" displayName="msdyn_/Common/Trial/ProjectServiceTrial.js" solution="ProjectService (1.2.0.0)" />
        <Dependent key="3" type="60" displayName="Information" parentDisplayName="Project" id="{105ef076-a72a-4382-bde5-35e3c3d9db40}" />
      </MissingDependency>
      <MissingDependency>
        <Required key="60" type="61" schemaName="msdyn_/Project/Ribbon/ProjectRibbon.js" displayName="msdyn_/Project/Ribbon/ProjectRibbon.js" solution="ProjectService (1.2.0.0)" />
        <Dependent key="3" type="60" displayName="Information" parentDisplayName="Project" id="{105ef076-a72a-4382-bde5-35e3c3d9db40}" />
      </MissingDependency>
      <MissingDependency>
        <Required key="61" type="61" schemaName="msdyn_/Common/Pages/RadialGaugeView.htm" displayName="msdyn_/Common/Pages/RadialGaugeView.htm" solution="ProjectService (1.2.0.0)" />
        <Dependent key="3" type="60" displayName="Information" parentDisplayName="Project" id="{105ef076-a72a-4382-bde5-35e3c3d9db40}" />
      </MissingDependency>
      <MissingDependency>
        <Required key="62" type="61" schemaName="msdyn_/Project/ProjectTeam/Scripts/ProjectTeamGridIcon.js" displayName="msdyn_/Project/ProjectTeam/Scripts/ProjectTeamGridIcon.js" solution="ProjectService (1.2.0.0)" />
        <Dependent key="3" type="60" displayName="Information" parentDisplayName="Project" id="{105ef076-a72a-4382-bde5-35e3c3d9db40}" />
      </MissingDependency>
      <MissingDependency>
        <Required key="63" type="61" schemaName="msdyn_/Project/Scripts/ProjectInitialization.js" displayName="msdyn_/Project/Scripts/ProjectInitialization.js" solution="ProjectService (1.2.0.0)" />
        <Dependent key="3" type="60" displayName="Information" parentDisplayName="Project" id="{105ef076-a72a-4382-bde5-35e3c3d9db40}" />
      </MissingDependency>
      <MissingDependency>
        <Required key="64" type="61" schemaName="msdyn_/Libraries/jQuery/jquery.js" displayName="msdyn_/Libraries/jQuery/jquery.js" solution="ProjectService (1.2.0.0)" />
        <Dependent key="3" type="60" displayName="Information" parentDisplayName="Project" id="{105ef076-a72a-4382-bde5-35e3c3d9db40}" />
      </MissingDependency>
      <MissingDependency>
        <Required key="65" type="61" schemaName="msdyn_/imgs/Project_icon.png" displayName="msdyn_/imgs/Project_icon.png" solution="ProjectService (1.2.0.0)" />
        <Dependent key="0" type="1" schemaName="msdyn_project" displayName="Project" />
      </MissingDependency>
      <MissingDependency>
        <Required key="58" type="61" schemaName="msdyn_/Libraries/require/require.js" displayName="msdyn_/Libraries/require/require.js" solution="ProjectService (1.2.0.0)" />
        <Dependent key="17" type="60" displayName="Create Project" parentDisplayName="Project" id="{97d7a1ad-e93c-44a6-acb8-10c4d6d154d1}" />
      </MissingDependency>
      <MissingDependency>
        <Required key="63" type="61" schemaName="msdyn_/Project/Scripts/ProjectInitialization.js" displayName="msdyn_/Project/Scripts/ProjectInitialization.js" solution="ProjectService (1.2.0.0)" />
        <Dependent key="17" type="60" displayName="Create Project" parentDisplayName="Project" id="{97d7a1ad-e93c-44a6-acb8-10c4d6d154d1}" />
      </MissingDependency>
      <MissingDependency>
        <Required key="60" type="61" schemaName="msdyn_/Project/Ribbon/ProjectRibbon.js" displayName="msdyn_/Project/Ribbon/ProjectRibbon.js" solution="ProjectService (1.2.0.0)" />
        <Dependent key="17" type="60" displayName="Create Project" parentDisplayName="Project" id="{97d7a1ad-e93c-44a6-acb8-10c4d6d154d1}" />
      </MissingDependency>
    </MissingDependencies>
  </SolutionManifest>
</ImportExportXml>