<?xml version="1.0" encoding="UTF-8" standalone="yes"?>
<manifest>
  <control namespace="MscrmControls" constructor="ReportPreview" version="1.0.4" display-name-key="ReportPreview" description-key="ReportPreview_Desc_Key" control-type="standard" api-version="1.3.16">
    <property name="ReportView" display-name-key="ReportView_Display_Key" description-key="ReportView_Desc_Key" of-type="SingleLine.Text" usage="bound" required="true"/>
    <property name="WorkOrder" description-key="Work_Order_Desc_Key" of-type="Lookup.Simple" display-name-key="Work_Order_Display_Key" usage="bound" required="true"/>
    <property name="BookingId" description-key="BookingId_Desc_Key" of-type="SingleLine.Text" display-name-key="BookingId_Display_Key" usage="bound" required="true"/>
    <property name="Signature" display-name-key="Report_Signature" description-key="Report_Signature_Key" of-type="Multiple" usage="bound" required="false"/>
    <resources>
      <code path="bundle.js" order="1"/>
      <css path="css/viewer.css" order="1"/>
      <resx path="strings/ReportPreview.1033.resx" version="1.0.0"/>
    </resources>
    <feature-usage>
      <uses-feature name="Utility" required="true"/>
      <uses-feature name="WebAPI" required="true"/>
    </feature-usage>
    <built-by name="pac" version="1.39.3"/>
  </control>
</manifest>