<msdyn_notificationtemplate msdyn_uniquename="extn_voice_notification">
  <iscustomizable>1</iscustomizable>
  <msdyn_acceptbuttontext default="Accept">
    <label description="Accept" languagecode="1033" />
  </msdyn_acceptbuttontext>
  <msdyn_autoacceptnotification>0</msdyn_autoacceptnotification>
  <msdyn_desktopnotificationmode>509180000</msdyn_desktopnotificationmode>
  <msdyn_icon default="/webresources/msdyn_chat_icon_zfp.svg">
    <label description="/webresources/msdyn_chat_icon_zfp.svg" languagecode="1033" />
  </msdyn_icon>
  <msdyn_name default="DCCP Sample Voice Notification">
    <label description="DCCP Sample Voice Notification" languagecode="1033" />
  </msdyn_name>
  <msdyn_rejectbuttontext default="Reject">
    <label description="Reject" languagecode="1033" />
  </msdyn_rejectbuttontext>
  <msdyn_showrejectbutton>1</msdyn_showrejectbutton>
  <msdyn_showtimeout>1</msdyn_showtimeout>
  <msdyn_theme>509180000</msdyn_theme>
  <msdyn_timeout>120</msdyn_timeout>
  <msdyn_title default="{customerName}">
    <label description="{customerName}" languagecode="1033" />
  </msdyn_title>
  <statecode>0</statecode>
  <statuscode>1</statuscode>
</msdyn_notificationtemplate>